rock_type,aquifer_type,land_cover_class,impervious_surface_pct,rainfall_15yr_annual_avg_mm,rainfall_monsoon_avg_mm,et0_annual_avg_mm,effective_recharge_mm,heavy_rain_days_per_yr,moderate_rain_days_per_yr,rainfall_intensity_ratio,drought_years_in_15,elevation_m,slope_degrees,twi,distance_to_waterbody_m,gwl_pre_monsoon_mbgl,gwl_post_monsoon_mbgl,gwl_seasonal_fluctuation_m,extraction_stage_pct,weathered_zone_thickness_m,depth_to_bedrock_m,lineament_density_per_km2,clay_pct,sand_pct,soil_ph,avg_borewell_depth_ft,planned_depth_ft,planned_month,borewell_success
Granite-Gneiss,Fractured,Built Area,82.48262030492603,975.8080847705899,700.5750970095272,1576.9591375355901,57.64428780052981,4,22,0.7428637551533934,1,438.8108136128098,2.465003779200967,9.780717149043394,797.5664992004812,26.88671369831326,18.376411490285783,8.510302208027479,165.81914335453735,11.294128790988,22.859929884264133,1.0275299142025167,19.78118168173566,35.79133942907687,7.628532094696292,888.9013732656888,852.9085985945882,1,0
Granite-Gneiss,Fractured,Bare Ground,13.884663488016217,914.9196718527071,500.8152264799597,1203.6113115774592,133.6547362211221,3,24,0.6670579625943582,3,454.19131618830784,0.46921623060952644,11.856847168792594,107.92324548399945,27.872748106028535,19.28863395581071,8.584114150217825,159.66423768996788,6.944519798765317,12.482847056399681,2.248730042968968,25.85595218615669,38.52182044759851,6.819353021641277,740.4397294268252,711.9123886543141,7,1
Granite-Gneiss,Fractured,Crops,14.427164728697646,882.5762754473702,799.7546212195477,1403.3070764472807,59.07133179056482,9,31,0.6757533999402738,1,480.7688632108864,2.0394737837595525,11.675879066614723,2335.3317223515073,24.44284659621247,17.33511071445749,7.10773588175498,174.7420845553393,10.986720297314376,18.193716211786562,1.7201677224327052,28.655096134604207,40.81791470186346,6.957193695998871,727.5193451789714,758.9536307651593,8,1
Granite-Gneiss,Fractured,Built Area,80.57769534982384,811.5052009661224,526.9157150313308,1424.788068242476,79.90196891852862,7,32,0.7685574518887817,3,443.13866142600494,2.930983313674343,8.224938336606147,1940.867019981211,29.045637658614154,21.03856583332776,8.007071825286395,166.47677382954555,11.706733623158057,13.706733623158057,1.387647942834865,29.012442599496108,42.535100697854745,6.65418038240053,759.4532219661842,792.9980341488272,9,0
Granite-Gneiss,Fractured,Crops,20.513069820753017,997.5696540724772,595.6470516360187,1435.3117893883666,99.36103191540579,6,23,0.7812787260077052,3,487.2929263602955,3.931298181227029,13.535317545057508,1581.847969760726,22.665982403869446,18.484670917473796,4.18131148639565,161.3610953800008,12.409551387898668,21.877356038253204,1.990113413412158,16.03000694417932,41.77585285136076,7.619460363847393,839.758423725132,857.894785512316,2,0
Granite-Gneiss,Fractured,Built Area,82.42555582040606,861.4000003299851,761.3892646511623,1578.1241039638992,43.86113061215401,6,22,0.7488048318671773,1,448.8407933941676,2.50030174062554,8.239135719204018,2261.8672401380927,28.68044781722446,16.14667700123076,12.533770815993702,153.47536575733199,13.363560183745067,16.73111217073881,2.144067732297821,19.975325215714005,43.19849029680643,7.555077300300142,816.5571216843201,836.0095214547592,10,0
Granite-Gneiss,Fractured,Trees,8.589919968760128,782.6737156485244,628.1765685599717,1352.4112550711595,103.49264255910995,5,34,0.6214080963537878,2,425.20273005029037,1.1773574699901737,13.222312753627344,2511.883746956689,24.60425045689913,18.046444365340875,6.5578060915582554,191.1529588342006,10.528018016528705,12.528018016528705,2.3034701379568525,20.703714601758037,50.96862191978235,6.92907432363744,798.9424398902041,804.2911140026172,3,0
Granite-Gneiss,Fractured,Built Area,70.73782653955813,942.9703520373137,553.09235079411,1526.4103672352962,62.06414847787651,9,32,0.6358928412359479,3,546.7703768243354,7.631848331539969,11.259268851733564,2369.0211165801716,31.30848838886937,18.456386613678013,12.852101775191358,167.72415647039634,8.11847573369917,10.56086276061512,1.8007677019646076,18.620840649076108,48.96446798271467,7.633141944185775,854.0406125286428,844.1152833876451,2,0
Granite-Gneiss,Fractured,Trees,24.511049968749102,716.5161325193089,782.0713636630826,1578.3683319269405,43.55183701428926,8,34,0.7100611915084274,1,501.36525092237935,7.6222482909302975,12.766538544962696,2810.520159882635,30.60399211131852,18.384473274962204,12.219518836356315,181.1115733464871,10.817663328855371,12.817663328855371,2.0484646927049086,22.640876473921303,48.0519545753081,7.432004522745706,845.0818634137972,864.3504602525044,5,0
Granite-Gneiss,Fractured,Built Area,79.8892317637789,992.0854941766238,528.2407554805993,1575.7326094366172,84.80886326055598,6,30,0.7550876613370117,1,411.8052056423601,5.098903001865536,7.5334595603497,1096.9152927279738,22.129088469488497,18.078691869605873,4.050396599882625,177.573655730751,15.137479878529248,17.13747987852925,0.5621510267473708,18.529985792892397,38.01603492750029,7.647672805698902,803.0126237140247,798.3799594459346,2,0
Granite-Gneiss,Fractured,Built Area,82.49022467755704,722.5598888883143,625.5635155974741,1456.2135707090797,103.75830598463513,4,34,0.7364449007429238,3,455.45248025873343,6.602350178139908,10.47857624455419,957.9430313156903,28.500296981992513,20.005684682268758,8.494612299723755,159.46332022335812,8.000753664125696,15.646487325941694,1.2868602636947513,26.712467108702963,51.570852684408635,7.563108666552706,890.0305788919824,863.4964743148488,6,0
Granite-Gneiss,Fractured,Trees,8.559467997637292,974.9898103227205,630.3294847381195,1357.3025055750702,116.74847952721547,8,27,0.767679401088176,2,580.5488349065455,3.1359820060947357,7.739822184252866,2085.910707633218,26.540377775031573,18.24344522330895,8.296932551722623,184.83598564560128,13.953985534174691,18.250459952402576,1.8832485684340297,32.39686332159842,36.31286992279505,6.9916247200165325,763.1085436075969,787.7643140453674,7,0
Granite-Gneiss,Fractured,Built Area,83.26942452288736,896.3311552096857,672.7983716400076,1477.485163254067,58.13147280846435,7,36,0.7959974529270069,2,575.2305864384174,3.3991757397316427,6.0231779603314415,2302.5442837953715,24.042503248757384,18.49507796830163,5.547425280455755,197.60645705890852,7.5914272136500704,19.20417812356595,1.8958356157763911,22.286722408753928,35.367375304217155,7.716695153278575,838.6903395186503,840.442006799033,2,0
Granite-Gneiss,Fractured,Built Area,76.85738346992093,872.5656817449056,606.370176816894,1298.9908455410546,75.3305798183485,4,32,0.7544746144302784,3,469.9066733986912,2.6684019962152608,7.120980643596569,1360.9987990522711,25.720091651365415,18.348860389082763,7.371231262282652,160.4569570145958,13.495862611146848,16.14995096231114,1.4290415074364693,19.47424410393716,42.32771981149613,6.99247562025211,840.7636948796152,795.1306604336334,6,0
Granite-Gneiss,Fractured,Trees,22.463039217152843,974.1169466112342,724.0274857942406,1380.7114628533288,136.55111686652123,6,32,0.6689744228098132,1,579.1656667089212,0.9138226837752921,10.724308477720204,978.2989382629331,24.092813365733335,18.957455084575706,5.135358281157629,173.9337692299115,9.403323272899346,13.058035425138057,1.705036207905341,33.25444694972139,35.52927911215648,7.276001266635858,827.051168767927,910.9035294718195,4,1
Granite-Gneiss,Fractured,Water,0.0,833.9287466632143,571.8495109254484,1355.1177634096273,92.93448880848965,7,38,0.697128078766158,3,432.7981124598134,5.165232031569533,9.511083781889795,235.85224011883994,23.62828803795872,17.31193226140434,6.316355776554378,187.1318397633509,11.46502892847446,13.46502892847446,1.6653480984661777,27.40262267058015,35.877981299352015,6.775284180252776,764.78920042881,778.5081240079421,7,1
Granite-Gneiss,Fractured,Trees,20.390184179191934,918.6948850153282,637.5894742538394,1246.6652480359464,101.19117558534724,9,33,0.7381111333305221,3,428.53941532047173,3.752713963490798,13.110206061195832,1773.477489510728,29.12000732648578,19.83136059311195,9.288646733373831,178.41067495329384,5.536216560850022,17.567611047995904,2.197765016687808,15.046314224018777,39.69785930252039,7.437882770688482,779.101448791031,742.3607513099874,12,1
Granite-Gneiss,Fractured,Crops,14.185108439992955,784.4468092730342,697.9190338364355,1218.6837873174993,71.01279163435537,3,21,0.6465266763233689,2,525.2990135366715,7.192684841751916,8.823605251806942,1472.2181454220975,25.381965522923224,19.423434496143223,5.958531026780001,166.53306373953103,10.56110219646258,20.374559532648384,1.5363339480519684,17.822475862341115,53.65363934014261,7.6660525144000164,792.1177804642648,855.5799968017036,7,0
Granite-Gneiss,Fractured,Built Area,77.76345698997737,906.0772745303098,501.05009894255267,1388.296656531909,51.27912646318942,6,30,0.7715647780637613,1,500.2274722443915,6.911040452504283,7.355959019353862,2370.2435076338625,28.81618323202247,19.57208918957014,9.244094042452332,177.22694893570994,12.22126437188352,14.22126437188352,1.9485710190638765,21.16480692264996,50.198636728254144,7.66385064643046,732.8013435883418,729.3238561478646,3,0
Granite-Gneiss,Fractured,Bare Ground,6.996183339093744,992.9048643293893,548.4086979929806,1214.6204069527093,71.53463508158609,7,30,0.7103584542948419,2,421.39575226869886,5.69487211494547,7.315043060847068,2968.080363501165,26.47236770135896,18.00914813999201,8.463219561366948,158.164213712766,6.145041434049139,9.782945131730107,2.217500205386499,33.969982547674235,43.841344222813696,6.892310848511153,741.5634135114065,737.5692685565336,11,0
Granite-Gneiss,Fractured,Crops,18.42824085486971,770.0815436569576,632.1081739017241,1569.7648582073336,77.28586905841847,3,33,0.7736155384957248,1,553.0772752784662,0.003228154853358589,10.888143547627179,1516.930780195724,27.50422907044536,20.196971087312097,7.307257983133262,195.0632412071464,15.771161160387514,17.771161160387514,2.333018118634709,17.227762506860834,51.43794750154376,7.716515711368444,835.6346204291253,886.8328301655536,3,0
Granite-Gneiss,Fractured,Bare Ground,8.961977789252956,828.2938262796051,700.9711531599515,1399.9972518236755,75.74373577179554,3,30,0.7188329904639832,1,522.0586464793384,4.7912662094308205,9.899288335604844,1576.0153408496246,23.001420208356393,18.312006941615905,4.6894132667404875,167.44951794663936,7.694671736949214,15.397115124303177,2.5319427361885793,17.33351761174157,35.951998273576564,7.963290718964835,829.0323682764808,846.7192175103487,9,0
Granite-Gneiss,Fractured,Crops,9.54590432394832,996.749905933459,718.6544400151049,1416.3726425344298,147.21990904970096,5,34,0.6697072195071214,2,466.31475521614317,6.651127020540396,12.339262483685538,1247.0416111443317,20.555172078962954,16.899884478119375,3.655287600843579,176.82887107781235,12.646134831113825,14.646134831113825,1.5907107782636707,33.8630050601645,48.13789839362718,7.185248237145922,852.7758763420811,865.6772112660282,4,0
Granite-Gneiss,Fractured,Built Area,87.71593238262274,721.7328631653395,761.4613910758519,1214.7690123436462,94.94870599391638,6,20,0.6028356993120901,1,457.5901589442079,1.7430940717627736,13.159848609125339,2638.480007425482,27.096313443634738,16.6382018843326,10.45811155930214,192.9206045823045,13.44815294236109,15.44815294236109,1.0507676514229072,17.328478175142376,50.168187861174616,6.952519801488902,817.2646842737673,821.8151076510733,3,0
Granite-Gneiss,Fractured,Trees,23.384036110203446,959.8338666091074,588.7790539890404,1352.2183878557105,82.99501060021272,5,30,0.7134140761410239,3,533.2198594914693,7.344100639939241,7.5082780249722765,1386.3675415853115,28.273110021731867,21.049655190278035,7.223454831453832,176.90767901223822,11.43276799418451,26.829162523695807,2.114239595947997,34.37255749602538,52.438189449884234,6.979271082384455,837.8717091490782,870.5003617345673,6,0
Granite-Gneiss,Fractured,Bare Ground,14.446974733954743,776.2690035487042,715.1768226126102,1436.4401165043546,57.91706433410757,8,22,0.7789749246414789,2,572.3579762723947,0.8771083828173438,7.907343776183345,1576.6061619583832,26.69451588726912,20.053067474561022,6.6414484127080975,193.03057360971502,13.703393275307384,15.703393275307384,0.8806036295562373,31.607980376950067,41.9877494692718,7.044983855914461,873.5594517837881,841.837659987934,9,1
Granite-Gneiss,Fractured,Built Area,86.05671518989558,788.6182451202422,782.3247529804563,1493.274488021465,94.18297374296172,7,39,0.6879928463153949,1,540.1354621870482,3.862788371083723,7.626992591979616,105.8075074318626,27.592804425141136,17.770038372719615,9.822766052421521,188.56840757436674,12.138044991228362,16.164883765905316,1.985276898613097,19.270376409088406,40.70872300501186,7.778349301141224,730.5914295494252,753.5723478198498,3,0
Granite-Gneiss,Fractured,Built Area,94.7684938397155,822.2246359717252,623.1660642374535,1593.1756413975668,60.97714425919029,6,26,0.6526837573088617,2,470.6943657576837,4.639177840463823,9.842623062205888,1659.2416902447355,26.870709854896315,17.306935855306076,9.56377399959024,175.18768119970292,13.769102412334576,15.769102412334576,1.5668225245010918,32.16481277384244,45.526577931786036,6.70614588156076,770.0450309540639,780.0069752384417,10,0
Granite-Gneiss,Fractured,Built Area,77.90788239403015,824.4068862030675,720.1172222669801,1384.3617119748592,57.102426870275885,5,23,0.6476678662992003,1,541.8686403300553,4.707553916898233,13.875028433597624,508.3392068464394,22.686804258490326,17.47899936442782,5.207804894062505,175.285561129744,15.986852750199308,20.71693883497464,1.7851999866915376,26.64032335624056,38.333995969139664,7.040762901164691,763.738310869167,819.7510887392322,8,0
Granite-Gneiss,Fractured,Bare Ground,6.9830497184413876,891.3469802522337,689.9169007273334,1525.040041476884,121.66592193349656,7,29,0.6621973768364733,2,461.9610680967838,2.165101297431743,10.355522398455127,2487.624001465657,29.121659902289025,13.194209538752578,15.927450363536447,176.843938378789,17.916935219373457,19.916935219373457,1.1877821857778224,22.646231840836002,48.18629697605424,6.971602801575156,787.0267499412015,771.9678671794384,4,1
Granite-Gneiss,Fractured,Built Area,75.47224255145498,841.1235050033808,526.6881069524825,1508.1639383770196,80.6132280639103,5,20,0.76202247922006,3,575.5552241448582,2.292805930095427,8.526617848882388,119.83602601287119,28.90486691754417,14.934297685041818,13.970569232502351,178.86063215426293,12.882072746637274,14.882072746637274,1.4158695109676038,28.206276585819793,36.69929554181965,6.697548291883616,798.6966226666425,835.2688080558265,6,0
Granite-Gneiss,Fractured,Bare Ground,10.016475906952895,722.0152338240981,756.7043387296012,1543.8579797748969,103.45177304855504,3,23,0.6372276273888908,3,480.06092835107637,1.1375843329812527,10.75092278697192,1164.072207004074,22.78329064762578,19.89996241919353,2.8833282284322514,184.17223525755247,14.685012603676993,16.685012603676995,1.5947550328451965,24.600587461667875,53.63924668223204,6.983613294694114,698.7547877251404,724.1613449930928,4,0
Granite-Gneiss,Fractured,Built Area,87.92273034857423,784.0124813843838,519.9815760737342,1453.7783305750843,112.45865119454682,3,21,0.6430362558201025,1,476.5583158168647,0.2788536752490369,7.0750655346478935,1685.9238894240914,24.116794283120342,17.03761750243257,7.079176780687771,178.43463709272277,7.159723072601042,14.570425490849678,0.9062927901347116,25.59639817305479,39.74146110477869,6.938830463162149,791.6003523550346,828.060731386857,6,0
Granite-Gneiss,Fractured,Built Area,89.22290933984722,981.4800623007704,552.0434989484183,1515.9681112649241,62.855651553396946,9,30,0.711567194572786,2,513.9210343324133,4.273480074797271,7.822615781079194,1588.6772927183872,25.31882989379695,18.41177123159906,6.907058662197887,163.7101364170619,9.431064343675711,12.312423880626678,2.572358163498728,20.41434852193573,51.66522981491195,6.681689343509875,827.4034238384966,839.1074548158513,11,0
Granite-Gneiss,Fractured,Water,0.0,959.7409767348884,586.9049565625944,1269.472612318724,66.08186997210724,9,26,0.6985222805183261,2,427.7998802094955,7.620891687860714,9.406193882263535,1295.5462871618797,25.731256928592977,17.64477164766515,8.086485280927828,193.14591054886418,14.05828209571386,16.05828209571386,1.8827607049361494,34.01202833312098,43.298561633558265,7.753070432898685,823.292928527111,822.6525718917246,6,0
Granite-Gneiss,Fractured,Built Area,85.92425546761072,743.4328980408319,636.9271362942494,1387.4438035550804,52.49881391709952,8,36,0.7817833133639839,2,459.5361302133912,5.60063303542464,9.532987920965159,2049.4572862824634,25.165421679541634,15.65195543589444,9.513466243647194,194.79350192784707,7.8645435915189275,9.864543591518927,2.0878209677144963,29.8631192734835,35.49663174247028,6.5297943573252155,850.8919950659208,836.568320130428,5,0
Granite-Gneiss,Fractured,Rangeland,9.434769724961924,795.983090443736,573.9331697182232,1404.906278364419,81.01441742746518,3,31,0.6352410512252836,2,564.795020171394,6.202998888611533,9.417866569286414,2885.1084795132806,29.9888885517885,19.175737289926893,10.813151261861606,180.43682534757275,14.9050724395893,16.9050724395893,2.18500778252473,33.38241882753732,38.34364778930333,7.758187511772217,803.9440327947921,820.4947326916105,3,0
Granite-Gneiss,Fractured,Bare Ground,10.060580640758484,719.0722780780917,568.6676451883309,1417.1327696229034,70.47749135842938,6,26,0.7962120140990953,2,414.6313872671235,3.540221958673131,6.742134529546276,1104.0066560766452,30.374224553388594,18.55719941062551,11.817025142763082,181.9888960606923,13.402653705550083,15.402653705550083,1.769812195650203,30.613456996725628,43.32105958123126,6.600983288918374,830.7687432088912,830.4130721589042,10,0
Granite-Gneiss,Fractured,Trees,16.268785405577294,704.063705586838,547.9199396834899,1232.4058584071206,90.26079005247814,9,34,0.7918305064666734,3,548.108225443454,4.807248360522292,7.71277536045164,694.8493384673174,26.19044179952797,17.807965564322057,8.382476235205914,179.49750400705037,11.890412749149588,18.750047287610496,1.9761400319918803,23.788111034470568,54.460864956080314,7.900641783686519,906.1563532963444,923.013769589537,8,0
Granite-Gneiss,Fractured,Water,0.0,847.3762836224789,538.5863874691671,1485.44376133665,75.59000193742288,5,35,0.7654908808833725,2,408.08770294165384,2.7527396860425988,6.104524274691184,1143.8998176448047,26.852932171535926,17.6252398062833,9.227692365252626,166.5440775116482,14.372497286506324,16.372497286506324,1.8173678554254853,19.00265527266104,49.17681006991987,6.6215710294268275,759.1297903203765,753.912161640306,3,0
Granite-Gneiss,Fractured,Built Area,80.42625930126887,936.0743232592301,568.6875740499509,1412.0040912387178,115.72857577781792,5,37,0.732208627291616,3,505.30925998800615,6.814927053085903,11.997610236895941,506.96280096418167,24.56665454620088,17.727591115240884,6.839063430959996,184.87595860499044,11.66656428080437,13.66656428080437,1.2731858695998381,22.638341434419544,37.69493271669537,6.550664944264321,824.6579493282114,850.6350454462059,11,0
Granite-Gneiss,Fractured,Built Area,72.38551390236063,901.2537658393497,588.7023006680304,1297.153949562142,58.848667548570454,4,29,0.6587412597781469,3,571.4440983385219,6.431421075492759,8.383745063374135,422.7013939994335,25.74365045153636,20.04021397064306,5.703436480893302,185.4705029531595,12.889542855572918,14.889542855572918,0.996784078023079,23.479706548670283,53.44882606886202,7.0448480905924225,891.5334869977191,876.4517451012462,4,0
Granite-Gneiss,Fractured,Bare Ground,6.488813190346639,878.4611195523623,706.1542156588721,1411.7352048074076,49.92773924181202,3,27,0.7577817671858431,1,502.8788037689094,6.541379144295127,7.611929722737712,574.6114020491032,26.62980349639424,20.448451678009555,6.181351818384684,173.51965636555477,13.052558350964297,15.393354067481882,2.223547711342566,19.623993367262713,50.211009462812,6.8486031091152135,727.2508931708448,723.5731091480122,3,1
Granite-Gneiss,Fractured,Built Area,87.06984618781632,805.3558902202597,673.9466403049439,1303.1391239382688,89.37871104316781,5,36,0.7712693102028203,3,583.8914355468471,4.000241011715213,11.743151776504373,2839.2303821172018,28.114712977358877,20.764268936122054,7.350444041236823,174.04964067370648,13.338898877369814,15.338898877369814,2.0977674396864066,32.11464398795374,43.47220781810983,7.276940565707737,830.4280208725414,818.5556280699843,8,0
Granite-Gneiss,Fractured,Bare Ground,10.987541790815456,790.6518722708327,532.1368018192791,1267.3509220289827,87.00293356159627,3,26,0.7480283436844415,1,571.2372030628133,7.30369463160692,8.226810522198836,2889.586402788446,23.192288179906978,15.73891715820032,7.453371021706658,176.0863506900356,19.285002753092826,21.285002753092826,1.5070007233075258,23.95569035791567,46.784815785044536,7.926858024427548,711.4109802221609,679.5051320155022,9,0
Granite-Gneiss,Fractured,Crops,17.74566740337631,837.0898848658949,749.3045285710235,1302.5529738486496,97.88082156775471,5,20,0.7820497533608259,2,520.7477538232644,7.1441105122703075,9.605909108131964,2578.4087612217068,28.64219046101968,15.870558806670077,12.771631654349603,176.01155497467644,11.609481467173307,13.609481467173307,2.06577752260608,17.58439450057339,50.93873384480558,7.956479631741363,869.0133312040108,874.9420959314186,10,0
Granite-Gneiss,Fractured,Trees,24.18215463472331,748.8470735520582,507.3258238151945,1463.3991255408373,79.42695570070553,8,26,0.7153862608305632,3,412.90465064062414,4.7422149521842005,10.745051473675867,2723.2781955847854,27.619272624973984,17.410945935298507,10.208326689675477,162.86055247057678,8.80650334512319,10.80650334512319,1.0835962506419436,18.28918264778573,40.397021837150874,7.089049215467351,833.4243661799178,856.1317762739045,9,0
Granite-Gneiss,Fractured,Built Area,76.04463635214198,928.5756224380004,660.6765406688318,1314.8568199809997,54.210868635166804,4,27,0.7803202076064384,1,504.80316400258107,5.024978171969428,6.087854789839884,227.23016649140277,27.51839248344522,20.737701125139782,6.780691358305436,160.78882470984982,14.52396575657231,16.52396575657231,1.4886753646759487,16.265455243909464,47.850681382146,6.772148914512898,859.9175627870612,837.0649608323874,12,0
Granite-Gneiss,Fractured,Trees,19.19767168268015,952.3325994070378,687.788767709769,1426.9386216654452,102.73971985319287,4,37,0.610214173523014,2,466.30753907961196,4.213824083729667,10.961854958334117,610.5195044393732,26.705911021575623,18.278203178948548,8.427707842627076,192.10175231086927,11.060584680918424,13.060584680918424,1.338287800491498,23.9067362493587,47.031164697267975,6.822702878025593,966.2235860814693,938.905559895911,6,0
Granite-Gneiss,Fractured,Built Area,85.36727087609582,727.1983083770851,706.4884392585718,1275.07284577249,75.10690536657826,4,26,0.7688707936516447,2,415.31782275008436,6.916245130713066,13.324528638414892,1483.9294659520576,26.458030288284718,16.965132916723192,9.492897371561526,159.40636525621278,12.124148288598972,14.124148288598972,1.6237418418315412,28.01392860970077,42.01043437171094,6.827398377159861,985.1888172936308,961.4561959084176,5,0
Granite-Gneiss,Fractured,Built Area,78.1189785914989,918.6291021826519,596.0354827067935,1476.5258630681226,135.71817405639086,8,37,0.7922866852331122,3,484.26528609383763,7.560572825504862,11.042567277541954,1779.3322097287073,29.246828739874726,18.752712585625797,10.494116154248928,157.0117001037939,5.171131645746381,10.378042486790452,1.775056262276397,22.6801829946306,40.304879744895054,7.68337857456076,834.2946631016728,829.6945720286186,9,0
Granite-Gneiss,Fractured,Built Area,76.3918051550238,887.7078419083427,682.1505544879044,1592.8403105248967,118.89549102190666,3,24,0.6729325093794017,2,429.25683292939146,5.997181244270242,6.4528253916347875,1695.7263820876615,26.26851946456138,18.933725374700117,7.334794089861262,171.4457189843615,6.904729538362886,8.904729538362886,1.2493842748341342,24.556694854546514,46.770528443226134,7.572615107487104,865.1042068152237,876.8059736756329,11,0
Granite-Gneiss,Fractured,Crops,21.880544497595228,958.9434982288738,551.8031589014463,1584.6445510971862,112.4741921918075,8,32,0.7634811210624651,2,401.9537668882994,6.505629256026087,10.131867796261055,2197.5621000695364,26.811361972105033,19.39670868392253,7.414653288182503,159.55306507555417,10.633624556427176,12.633624556427176,2.120444462613256,34.95342368527487,53.73948475307836,6.508321649811712,928.7966996339981,908.8756675974336,9,1
Granite-Gneiss,Fractured,Crops,24.995814609249948,827.8754479818853,505.5997143063546,1572.5417233786015,85.37760550314633,9,33,0.6668777283731566,3,598.965991170453,1.5772259118477727,8.437952649035907,2174.798373663738,27.441894862577296,18.754536771879955,8.68735809069734,163.4428518372933,10.624813675401025,16.92238314011501,1.3587923699455928,31.273342267461544,37.94440665439985,7.17708724303519,945.4211339978879,964.0969305383992,6,1
Granite-Gneiss,Fractured,Built Area,74.19389089928714,919.9136159523312,576.0182674352246,1314.2185050999578,82.03084800303176,9,23,0.6028511036784471,2,406.1184768438477,3.5264208019735266,8.977881282184168,2854.9177250820485,29.353838906006658,21.829966110385133,7.523872795621525,171.67474407332924,7.532023469576187,9.532023469576188,1.5123848685249397,31.96472020565838,41.77543169789678,7.5996855489962165,900.8701761893362,882.2366829311038,3,0
Granite-Gneiss,Fractured,Crops,20.695926801433608,951.6087049906778,728.5661022498482,1455.079565354953,89.95036866620534,6,37,0.7874856788184794,2,586.0031013490836,3.438730669333574,10.64421048365394,1937.090584636995,28.942242654698724,16.110173234254987,12.832069420443737,167.93620010793316,9.126172447182677,13.025733539541193,2.145143627657272,32.31334987288914,53.02460982553161,7.53687751300349,898.0354959678076,884.5243054408733,11,0
Granite-Gneiss,Fractured,Trees,11.05505611997632,841.4690405514322,796.4763778915524,1333.7102972363414,59.47916322157816,7,26,0.6510800219651399,2,477.1694556468781,5.819713188280188,6.273833036778525,1003.9452913606698,27.092932285916675,19.301421647265794,7.79151063865088,159.77550818139346,9.570836156883644,16.321789768313476,1.1814238355513038,17.879571229515935,44.12865149030852,6.871592602765426,954.7506018799943,980.5200342280455,4,0
Granite-Gneiss,Fractured,Water,0.0,788.3575361714992,615.1690604965074,1461.465643282436,42.20103159344321,4,31,0.6780383496914476,3,466.1272375738152,2.2729406399162,9.203729018816741,1783.1689817431575,26.470754331622462,18.672775123345698,7.7979792082767645,177.68757353107523,8.0388158839537,10.986545003945718,1.1562449837556943,27.28961478162508,42.39625582978228,7.670747080089311,974.2110332880901,1009.5004551465914,11,0
Granite-Gneiss,Fractured,Crops,11.323097814691947,912.0242472189716,746.7908580282866,1464.4407738416742,75.21034840602016,6,23,0.796666065245822,1,476.3631075052947,4.869044656288346,6.933315017785728,2660.681425431804,26.93924890569001,20.7037576469408,6.23549125874921,156.01166166302792,14.059944522118515,16.059944522118514,1.4666262917989537,24.981659493382555,48.45864026069043,7.145250297635208,935.5966305970181,921.7964692169202,6,0
Granite-Gneiss,Fractured,Built Area,84.91991580356132,943.3943965692471,646.5007283823788,1382.0793212309695,89.18462071686182,4,20,0.6639814728133784,2,580.8392897124036,5.237928377299711,8.462921786508822,2574.610820166132,26.90992296555937,16.697209711368153,10.212713254191218,161.60282265312136,19.371464270912377,21.371464270912377,1.1046351288845324,33.28165295241102,47.68896352808762,7.4880333843341065,925.2454882606245,867.2987620925319,10,0
Granite-Gneiss,Fractured,Bare Ground,6.847206128322243,794.372095757018,589.8720296267122,1377.4506942064968,53.071583487829734,5,30,0.72463803838653,3,560.7591878223283,3.8796908943879806,7.606566636274896,2869.9112378517016,30.54053364833213,18.081280085516592,12.459253562815537,159.8322430227707,11.821885441927808,13.821885441927808,1.139800529739731,30.50004311261874,38.34880185088484,7.549442607905542,900.1777002952371,963.8049573287108,6,0
Granite-Gneiss,Fractured,Rangeland,9.349044216019358,970.6286052548778,522.6692352525359,1211.9119094978919,113.75143277199443,7,32,0.7732531856359746,2,471.87161550486906,1.1387136385211063,9.160864435608904,2847.6149329104974,27.564518624477202,17.938906208438333,9.62561241603887,160.8490188678515,9.964699752331876,11.964699752331876,1.72219326993662,21.9728885766202,35.803132164390576,6.873387892353266,837.570475673277,851.5870471121661,10,1
Granite-Gneiss,Fractured,Bare Ground,5.41576883309996,861.3411054946965,645.3879904154094,1409.8872927090706,120.23695913284023,5,22,0.69940674971924,3,522.800412772129,7.146230274500937,13.885364401369813,2857.7420061929256,27.88284353660564,15.81862157761308,12.064221958992562,171.32570592324294,9.973601079115747,19.279715830098556,1.6127327054829266,32.09779082438215,44.533459878512076,7.720925800823737,937.1842515324338,902.0921284542859,12,0
Granite-Gneiss,Fractured,Built Area,85.86449158912784,826.1729591520482,753.8861696243442,1358.0522252199694,106.36757094313784,3,26,0.656231454199354,1,548.0641306607705,5.087583788656017,10.254592894742451,2451.379634779966,27.0565802650049,17.42879875758395,9.627781507420949,156.61133458533587,7.680370026191461,16.65408925907363,1.5438819598594056,32.867800690531695,52.051593674420886,7.230002324741924,941.0526524344377,908.543319586381,8,1
Granite-Gneiss,Fractured,Trees,7.760075217505797,739.451906465702,780.797396396126,1225.0198875315407,94.57096890759169,3,38,0.6632849358152934,2,483.32889146663337,4.579442814211328,10.593559619290687,1786.2417420483098,27.383056153590267,20.293258467943385,7.089797685646882,158.27392205289095,11.185259731962262,16.00311593603181,0.6950949557896127,32.78851393240396,36.80442121112451,6.937794779208481,883.2898087111337,854.9896875297023,6,1
Granite-Gneiss,Fractured,Trees,10.554993473269223,948.6524669899319,665.0788191400084,1332.4000001560191,141.3051766631351,6,34,0.6567416884943669,2,596.2768599566216,2.1157918322328184,7.0478303111745255,1409.4475412236036,30.194440613519063,16.00150942518156,14.192931188337504,178.02310558735562,5.0,12.527826847607361,2.4350806452154248,32.372654960789426,40.174297163933986,7.328133016450155,1000.3703931416926,1029.2762510740422,2,0
Granite-Gneiss,Fractured,Built Area,79.76783360788322,716.7392160253366,718.4251276468674,1304.8028906745217,44.66616188265624,9,22,0.7376572329017586,3,467.3368779138994,6.65077493488654,7.289443279631648,344.1695417068626,24.861452270252556,18.466772562146456,6.3946797081061,176.64877336711348,14.548244913946363,16.548244913946363,1.270330975346485,30.150774825314276,41.47894317616009,6.798927315875201,818.0313374774739,815.0110477731997,1,0
Granite-Gneiss,Fractured,Trees,22.563544729575593,954.5287188882503,653.2115440795417,1401.6558407517946,119.8842018555972,3,20,0.7031896981112299,1,476.76722733280525,4.907713308055136,9.44934486534849,427.3384181912893,30.96153567110678,18.087035160225128,12.874500510881653,158.62916976471922,6.80560903540856,11.680813279317912,0.25528621847452526,24.358091698450743,35.65720117848708,7.132203194777718,937.5442445705796,899.1661124999615,5,0
Granite-Gneiss,Fractured,Bare Ground,11.238814265553192,789.3557856632183,697.9849105581854,1358.933617514716,99.41111652928834,5,33,0.7464836522357288,1,576.1897355230535,0.49631686830521105,7.0778113194234065,973.1402862472457,28.299859233073313,18.67492773496863,9.624931498104683,143.84333081270196,9.381500439090816,12.331726957497649,1.5401421334319538,20.093962239781117,47.15158359371834,6.661059729272753,857.7018107914062,856.9973034697501,7,0
Granite-Gneiss,Fractured,Built Area,89.93891161793275,943.5924576759679,645.373584715176,1517.9406826910333,116.33404391798456,7,27,0.7015247441604447,3,556.1241841925637,4.423713328897026,6.005799740842445,2905.8847399611864,26.937376196935453,18.06346062119642,8.873915575739034,161.0495853682865,5.0,10.972944145697118,1.7030227755776592,23.51994913157534,40.834594090742655,7.524742181605271,850.9227515807605,872.9546393430394,1,0
Granite-Gneiss,Fractured,Water,0.0,935.2537501296649,763.4452104910933,1341.8018222255907,112.40238963264845,4,34,0.6053006258826995,3,417.83797808394405,6.563938690672142,13.747844823795706,2794.0419081576483,27.853005589545766,20.028282273634463,7.824723315911303,149.13547265165178,9.029552767212364,11.029552767212364,1.9997247469087478,19.368004650457088,48.16863987299549,6.567528541361813,880.2231382880772,876.4962936738264,9,0
Granite-Gneiss,Fractured,Built Area,87.21573760358378,979.7655788222121,795.4139271347999,1418.883375512561,60.69232962993457,7,25,0.6004875191327138,3,575.3586679702596,4.990488850944306,9.419148997087273,2027.6131766799685,23.89676246369387,18.544273087126296,5.352489376567576,163.99326830966237,8.984450992155189,10.984450992155189,1.5609034429095923,24.66568683296893,37.69054978081586,7.32508529867199,877.784992998133,852.3562155518409,4,0
Granite-Gneiss,Fractured,Built Area,92.40863985841858,821.9752506796473,663.565718438562,1481.317673910272,46.64838292172298,7,32,0.6438916662778229,2,415.6347333009651,3.6144695798959683,8.544096082882344,2624.8933579887544,27.650183665792508,18.901963350658047,8.74822031513446,144.71083166147525,11.583776355253036,13.583776355253036,1.3704623961182194,20.480133606157956,35.43490723956626,7.438655630250801,917.3552217359237,893.1551090354712,7,0
Granite-Gneiss,Fractured,Built Area,71.07734007979653,880.5763311236074,752.2580633457751,1295.0205246100936,103.02597178736583,4,35,0.6823538789455954,2,432.58291798061026,2.0224074544340453,8.715829412576374,2074.455706266813,26.901871099152633,18.203444408464495,8.698426690688137,166.82069716032365,9.583634343649663,15.587116230180552,2.1667700538386656,15.878301559305196,40.730716001228544,6.941305043365476,969.3118446884596,971.6476647030755,2,0
Granite-Gneiss,Fractured,Bare Ground,8.619058654691365,715.8432543461788,566.4390948266687,1467.347196106572,45.622023405720064,4,37,0.6616539431017077,1,502.1890214371732,3.3884157631018024,13.410656711578845,1628.3640996232764,30.855369537879866,18.918796395201138,11.936573142678728,157.42191188705263,7.720053031902211,9.72005303190221,1.2456749765309216,26.862080292563462,41.05948409854757,7.018884248644662,860.7446100273551,913.0468241680791,10,0
Granite-Gneiss,Fractured,Bare Ground,9.15706714218183,793.3969739291321,514.5782589773146,1569.493345113215,44.942612372376395,6,38,0.6804705606515237,3,459.8002662738778,6.708684529774811,11.853167275359853,1153.155284271151,29.705277944778043,20.000174432021264,9.705103512756779,169.6427043722399,12.703240946579047,16.570229875637125,1.1595771351736337,30.865034047471212,37.534318223485265,7.881896127622383,835.8311034905121,839.8480690670999,11,0
Granite-Gneiss,Fractured,Crops,21.974168347526415,754.3692005670889,621.5190543822665,1492.1076533847627,91.01301236128913,5,22,0.6574733578508735,1,464.17059202952964,4.315454107521802,6.921206593403224,2568.5360301856667,26.702205724052938,19.589586331875733,7.112619392177205,160.38588996815912,5.0,7.13779053516589,2.186349988963786,29.07099310474301,49.25158957930577,7.150403680695753,934.6309175366073,925.1725918889996,5,0
Granite-Gneiss,Fractured,Bare Ground,7.086072713421606,833.560399000157,709.721638723193,1379.1690159535078,85.23802376282131,5,35,0.6800213782060947,3,574.3047630503746,5.289126354402995,8.456535198372915,956.2539925244765,26.799899756955984,17.76516053887835,9.034739218077632,169.1506171031851,6.437522203271938,19.167256276328583,1.2580138972476858,24.387355306802842,40.135299049164665,7.2944262055353875,877.5109155332009,878.9704580326397,12,0
Granite-Gneiss,Fractured,Crops,8.271423387410032,899.5283786672842,770.1724855270079,1282.436125154918,57.74839453337116,9,35,0.6683125007495111,2,438.65856774141963,2.001033666802977,6.553347095363163,2950.842670933877,27.580470831161943,20.53379041364742,7.046680417514523,157.87977283635567,6.591991528567711,14.721892405568301,0.6902351059637953,19.07126520511249,49.259678727648144,6.957489576340592,869.4132580842683,838.4416092889952,12,0
Granite-Gneiss,Fractured,Built Area,78.95989139391362,926.8091778239515,600.8792773897446,1505.800277831977,80.93231452974072,3,25,0.6335875716795637,3,434.1838850716146,3.4439593832669626,7.38047163224267,2048.420877371665,22.378249828835013,20.015964289173677,2.362285539661336,186.7585521395996,10.8789370444781,15.780704465065035,0.6100591703697326,25.334332076885865,41.684314611635756,6.706713338682213,862.7431865563475,861.8564346309518,1,0
Granite-Gneiss,Fractured,Built Area,72.86779988704066,796.0372952929374,565.7450619081391,1325.289174756369,55.80386410235928,3,21,0.6921354908754644,3,519.5164739457382,6.653603889262515,10.418625893124027,2590.8489897289605,28.82900994153587,17.122380055499292,11.706629886036577,157.93802872415577,11.59443756129824,13.59443756129824,1.8011621028198337,27.344234660418763,50.780742840388484,6.665594597962795,959.4606502182968,995.6596556932122,12,0
Granite-Gneiss,Fractured,Trees,16.4605493175866,732.9413161796125,798.7845874651858,1372.6483211216178,103.94865504366973,3,37,0.7922632159378447,1,531.5547469377743,5.846063685438028,9.745749070318439,1719.186800600322,30.16309392861543,19.376824403163713,10.786269525451718,157.80838448070224,10.225989620943169,12.225989620943169,1.3762147906863593,24.54392515797356,41.53974002680477,7.599482655264269,861.9627608103622,873.6121707610624,8,0
Granite-Gneiss,Fractured,Built Area,71.36686086410005,817.3591324472275,657.347181278671,1506.370633207337,87.72056461354018,3,25,0.6449361737669098,1,590.8975853897853,1.5410318781349819,13.96221260992759,2940.371996260604,30.134893177119803,17.16128751244327,12.973605664676533,177.97697292568793,5.498269164592537,11.846748993015652,1.1857477080127947,27.493100987558844,53.478123557357925,7.658016524704445,887.50399367663,908.3308516948797,8,0
Granite-Gneiss,Fractured,Trees,12.82214743306864,763.5302002498523,756.3936284999347,1585.0656937850847,89.25940955311383,6,37,0.6314989857037823,1,597.9536303357403,5.6905161597002145,12.67275723836439,2957.25067679477,26.55714867512734,18.955367115108128,7.601781560019212,179.75731507944968,10.497675446911524,12.497675446911524,1.5293845928671146,33.48304475054411,43.34645067446477,7.939951553110751,904.1405673545063,934.9423848240551,11,0
Granite-Gneiss,Fractured,Bare Ground,11.131172258493454,867.1523794889644,569.7662125592808,1346.3083725016982,122.2208139793304,9,35,0.6265803684681469,1,403.7745103530675,1.5055245565361863,8.512948931073526,1258.579958868426,27.86536625225086,21.720030075189268,6.145336177061591,153.17604778611792,13.035837180080314,15.035837180080314,3.197309461729827,16.42657708482875,46.15551902457874,7.604168880223669,958.7805962825247,980.002557046815,4,0
Granite-Gneiss,Fractured,Built Area,79.29300368428989,827.4835737520125,593.881813289454,1300.0028737828716,95.5689640491658,8,25,0.6829001779567366,1,422.9940760965791,3.794585897468001,7.977864358348308,782.823533721285,26.993899825431075,20.6945897285664,6.2993100968646765,163.153424031546,7.82044846683984,13.486503278180715,1.3528053337364303,28.16936374453751,36.183217023521685,6.645864252794358,878.1799145855052,874.4141372020953,1,0
Granite-Gneiss,Fractured,Water,0.0,807.458089389767,566.3938536349525,1469.5980921971714,78.93965514455616,6,33,0.7672172090623879,3,427.4596315656055,1.9555917045950642,13.828583547504078,2653.3166908958133,28.542743007961686,17.220072648853286,11.3226703591084,158.92693532612938,13.562529972156142,15.562529972156142,1.7400635684634331,27.389755472405426,44.95054460987551,7.337778982994326,902.869300872912,872.0535570676174,4,0
Granite-Gneiss,Fractured,Crops,5.789864416319796,762.4968944527249,648.6928925206183,1285.9825199452498,84.17774700134784,3,20,0.778418733409436,1,487.5049645908653,0.9685985168242883,12.541506614198784,118.16335529921888,29.726695031626658,17.72358230377158,12.003112727855079,160.79385135389782,9.140545362418825,18.71399260848051,1.8627966731909669,31.495256441523438,42.885879321955656,7.287136145420138,945.1682911298257,973.9828927157197,10,0
Granite-Gneiss,Fractured,Built Area,91.49366650878036,837.7575330331224,519.8428541547518,1386.1371660399398,62.58646280822051,5,24,0.621402128339904,3,583.3236189071526,7.182258495909668,10.116173296694505,2624.7793350674892,32.02245298841471,18.034614321433672,13.987838666981041,183.47996537367646,10.813628884609715,12.813628884609715,0.9998397777604017,19.8370520792558,40.67605446597004,6.711794927597065,866.1973701300458,838.6094831519223,7,0
Granite-Gneiss,Fractured,Water,0.0,704.940487343204,553.9311834932507,1350.318845609897,95.76550505150922,7,36,0.7634869965334485,2,505.2128761177712,3.1156984941394708,9.01841982681918,1270.1625508718535,28.277985497152518,18.01572865897841,10.262256838174107,171.2184854399999,11.420799321442367,13.420799321442367,0.48591103960416127,31.30623395716462,39.1751105171388,6.766518531189587,897.3580419481561,874.625595936895,4,0
Granite-Gneiss,Fractured,Rangeland,12.822985812725829,705.5321825898158,760.2904234127059,1551.1463888177093,86.37945186838219,8,29,0.6375646673810307,3,508.9676946506697,3.86839064354381,7.32807559107758,1603.6890004300842,24.137685639223804,15.906485174498473,8.231200464725331,152.27585627663652,12.53967038186265,14.870820233135248,2.110931024920407,23.445349465293514,49.98827507338563,7.939567140000569,747.7569348597664,728.6489031899988,10,0
Granite-Gneiss,Fractured,Built Area,90.3007800161596,838.1979877121169,756.2391040999393,1353.572603658303,115.3244497374962,7,33,0.722133089218084,2,576.4247332840591,3.724819880514241,10.10013505411401,2774.6948145581496,23.488239059106995,15.751963313510073,7.736275745596922,157.0152826429748,12.864376222932966,16.92654641166904,2.5503048591387008,16.936416650700956,46.886868679061386,6.981862941514164,717.056795618267,750.4732085197229,7,0
Granite-Gneiss,Fractured,Built Area,80.86942632851726,836.3843712707856,650.1888250432012,1477.4818969681394,60.245995512700546,3,25,0.6368508126972234,2,566.5952623232906,3.797497276239385,7.798125621122731,1172.3232742283576,25.411507633035196,17.838145556513407,7.573362076521789,179.8310637331158,8.006184870734945,20.210827289360484,3.1421494603697906,31.957363046407433,45.31563060834198,7.970167585831377,748.1928583495508,710.4227125913403,6,0
Granite-Gneiss,Fractured,Crops,11.132397487273947,893.1246447696024,691.933201642243,1489.1228788201242,65.68825568537625,5,22,0.7430681098390759,3,400.6538649074784,7.560514380377396,13.012014039809877,2419.9336730330456,23.049221071787684,15.304930420396037,7.744290651391648,161.57388994865966,17.640063454598685,19.640063454598685,1.9937327734098718,34.53906448833764,37.19911188062941,7.711447847074338,746.6631816233102,778.488451036732,11,0
Granite-Gneiss,Fractured,Bare Ground,5.118475800939178,982.1109489364815,707.9009597270446,1433.4835913360005,124.76121780910536,5,39,0.6477894468665214,3,456.8152652858063,7.364255785187845,9.515921837836537,214.71444246011362,25.151525197610678,15.644032060725362,9.507493136885316,164.51660906006575,12.28473795582591,15.920765007111497,1.9237383159011476,23.922061087940467,50.7752629546473,7.840046430580458,800.5111671309058,809.319596955256,2,0
Granite-Gneiss,Fractured,Trees,20.721541776002418,833.3676095493863,574.3198306209101,1274.6919500199754,91.38016963082501,6,36,0.6219092036220072,2,451.0053428821468,5.228227676393355,9.480577420122673,995.4136817896174,24.835023311940965,14.23284430356744,10.602179008373525,162.63518736964934,12.478574163838836,23.138531844650842,2.3214091722750148,25.76944205327547,42.967013052229525,6.799473915645881,708.6699577194419,682.5602611164774,2,1
Granite-Gneiss,Fractured,Bare Ground,11.187822588774061,929.5954435126372,787.4770513761767,1295.7397188299822,87.34731678772323,6,29,0.7050195062493101,3,578.9047438806618,3.043190638606162,13.666208682088381,57.667031555577594,23.808746891276016,16.220272147621476,7.58847474365454,168.6492690491779,18.13981371224401,20.13981371224401,2.377739040170337,20.704558271493905,51.73066735702322,7.691445911677202,691.7484013897727,739.3166896187906,9,0
Granite-Gneiss,Fractured,Built Area,83.5253852733194,867.8851742384045,533.1311544079784,1207.776405386981,118.40440710000227,8,36,0.7815365726954965,1,513.5084584116771,3.132331439168622,11.858152529714147,1093.4905010001955,25.40346670556189,15.76538348245858,9.63808322310331,155.4629645510571,16.824306835561508,18.824306835561508,1.2336981130501212,28.659806800476787,39.25553557623895,7.339384630707679,756.1740543854479,730.856078540233,8,0
Granite-Gneiss,Fractured,Bare Ground,7.255685651841648,956.1584737074118,646.7181158950531,1287.0729240980243,116.80610848884328,9,20,0.6855743309363135,1,592.668982767526,5.044043655587067,13.698426233667231,631.4883604656441,25.018948130694962,19.553713677726922,5.465234452968041,158.74239841918455,16.612411681606556,18.612411681606556,1.7529787383689335,34.60706166153365,35.67534574732323,6.6944260226721095,738.272842122748,748.6964058436387,6,0
Granite-Gneiss,Fractured,Built Area,89.1715107818691,962.7208520536371,573.4595552248027,1474.426617300869,63.35187128524824,8,38,0.7625438584898441,1,595.7389812994376,3.821184320058695,11.780715992319347,1574.4537771758294,24.68691552166209,17.341956567627648,7.344958954034443,158.88149448526292,11.346037189872197,21.4013041958688,2.4677913445352253,31.223980139791003,44.45219448966569,7.324767757362313,817.0306696844708,802.8116508097038,11,0
Granite-Gneiss,Fractured,Built Area,71.02033472501489,754.8590233326114,640.0941511088981,1562.6062246558972,69.19019668220008,5,25,0.623599396341881,2,494.2370606209722,4.698438404783616,9.327376700212717,1840.215983776972,24.98791962960175,17.544921573776083,7.442998055825665,150.29025079507417,12.271258850403806,16.025383273776974,1.6174669221476714,34.142128860651056,49.215385042946636,6.870318159546903,826.3969268964901,756.4653620098713,8,0
Granite-Gneiss,Fractured,Crops,17.427941693899783,996.5338722656018,612.1487337837137,1561.0673950333585,84.03701504105204,5,30,0.7024317249872076,1,430.2913801541414,6.853776972072533,7.503433708871162,2076.827962864057,25.484349330053558,17.241747239309127,8.24260209074443,160.91201538881248,15.124397550646727,19.539993121236595,2.2427763731465364,26.045135473176227,46.817215124225,6.881274145954859,772.7906997798938,747.0749009185372,2,0
Granite-Gneiss,Fractured,Built Area,88.71138242145511,839.5471742728861,669.1809868562079,1258.465953786371,118.10671424170614,5,33,0.6394485522798845,3,400.7361561042979,2.8661969328263313,10.216582104569472,53.57409172952428,22.213278825257568,18.923864367521617,3.289414457735951,142.67224388804433,8.760628910454482,18.703193151421353,2.104896194109927,26.159657743841272,53.28309892866957,7.946879650696878,776.2474711445476,797.3017850374817,12,1
Granite-Gneiss,Fractured,Crops,10.223585734652929,980.8461498825504,644.4463055637418,1246.3640001258746,54.842939566759675,5,35,0.6657078330788774,2,590.7298707392986,0.19051747428780264,10.020799012485343,2679.38522044871,24.28049821785132,15.551387107289496,8.729111110561824,161.070802430861,14.184309715374019,22.543504546900518,2.3212333794665625,34.042130476550184,35.32409244363801,7.74170661254024,806.2596801701943,793.588695414416,8,0
Granite-Gneiss,Fractured,Built Area,84.84150956267368,901.2784921776222,550.8579872997032,1372.8372199340365,53.322191188447384,8,32,0.6196373688055824,2,502.73165150819324,6.5819415978314195,10.621756615884417,2193.39921019002,28.621936235990752,15.15887374702257,13.463062488968182,151.53006684889561,13.384249906144799,15.384249906144799,2.0072748302058705,22.49612036948421,41.891819181702814,6.847918748419662,853.0868887499618,829.4501294261139,10,0
Granite-Gneiss,Fractured,Water,0.0,735.7053877190883,793.1886284961477,1545.6602821916122,81.25764169804678,7,33,0.662472529626378,3,528.5117796825526,6.051434762193457,7.05465039237395,111.37367189861317,24.056322523560052,18.207606934017527,5.848715589542525,158.77112962622377,9.322088985848476,16.12215492382673,2.5002119913769616,20.079405791776978,45.823139215350075,7.5827703226242225,806.4860180280895,777.5423878998238,11,0
Granite-Gneiss,Fractured,Built Area,88.00628371723388,943.2684782239744,713.2741691534752,1502.9633843212798,77.08211614900164,6,23,0.6443499000644974,1,485.1557171977179,4.726271358346812,8.04592397731667,506.32771183534624,25.151302897367536,16.176955424225547,8.97434747314199,146.20538160919784,10.749401807362858,15.50074923503407,1.9889780018473808,23.238898379330095,50.082680234937776,7.934137468349822,714.2606647941903,679.4327962936472,4,0
Granite-Gneiss,Fractured,Trees,10.510394889466001,936.3197219884444,632.1995999255496,1272.2773571827004,102.11457979504067,4,31,0.7950291507526621,1,543.1535096520556,6.967541704822749,9.539882498917605,396.2621319999619,25.69047400370067,12.425211145420962,13.265262858279707,167.53743042093822,11.865057586743294,13.865057586743294,3.11486686583097,19.937809523691836,40.11747603056242,7.1403372503019495,788.2634949998766,839.4482587592262,7,0
Granite-Gneiss,Fractured,Bare Ground,8.152690876440547,731.6660536564257,739.244585401162,1203.1097737905623,109.66110541728969,4,20,0.7268517211882395,3,479.39541498229414,2.3266586720913276,11.53377360251013,2152.519383206086,19.973347548545767,14.662318139771454,5.3110294087743135,159.2668444734422,16.059402730162354,19.453157197039406,1.7188816440768715,25.63912705747795,53.173487569775645,7.456242257292568,689.8153813243825,686.2736274221055,11,0
Granite-Gneiss,Fractured,Built Area,80.10323940315948,997.3144685477769,658.7524402630522,1358.5527329468443,92.90702481715428,6,38,0.7892589484662157,3,547.0640526101911,3.0000617340790665,7.687555068896659,884.2632182192752,27.019772869724118,18.10485019754661,8.914922672177507,162.24679966126132,10.326671396402196,13.825083588686477,1.8402962693799374,25.01593203359339,41.745549876981414,7.19979507141891,796.5610299173082,845.2006586182323,1,1
Granite-Gneiss,Fractured,Bare Ground,9.086361096453627,956.1290408004861,790.8665453646819,1463.5451186046057,78.44462374081655,6,32,0.7499138712410227,3,461.8158573220343,6.1056325325036145,6.675718962697768,2250.130570271358,23.57053089347833,19.445087227653662,4.125443665824669,164.78458562523355,12.852393830838974,16.976008508035385,1.8128516960701229,16.580997459615872,44.11894979953311,6.556499354746825,709.109432947189,684.0911877256051,6,0
Granite-Gneiss,Fractured,Bare Ground,6.307811054237717,842.5036786870519,739.7520569166186,1258.2127402932088,61.094030199595295,5,33,0.6940813108984581,3,491.9889192411822,5.2686668137717065,11.864292707347127,1290.7548152996708,25.0551210073879,17.268943326849758,7.786177680538142,146.99137271095006,10.538733953605504,16.640617438171844,1.1312921106568175,15.519494106559296,35.42287973627485,6.593367906014746,628.5324375739676,636.5697967957381,9,1
Granite-Gneiss,Fractured,Bare Ground,9.378016005055624,710.6855062084107,553.402553354365,1277.951784740836,74.35671353413636,9,21,0.6603531877118145,3,439.0324725053811,7.250948712309851,10.83866493280008,2594.4581822187797,19.06437119729266,16.11121156277697,2.9531596345156927,149.1656525396314,11.905347077054799,16.225948210260345,2.4095102657275107,15.764589877770076,42.12141282860502,7.9943329856463405,713.0576675268132,708.034182917488,7,0
Granite-Gneiss,Fractured,Built Area,84.88560829347486,849.6950565790742,595.2720195892999,1423.9846061579005,97.91381289938235,5,32,0.7908049274206455,2,412.6542212430064,1.1618561538156111,8.175048007240374,2835.177990024838,25.68458114128791,16.99649318081997,8.68808796046794,157.89990026959498,16.259985763416754,18.259985763416754,1.874844969194816,17.828585329445847,45.773533959462156,6.632810903888721,792.5747043701402,793.37956758323,4,0
Granite-Gneiss,Fractured,Crops,22.353170480131805,743.5044508327153,754.2108111071775,1242.560367864387,69.33042792306539,7,31,0.7925978223903006,1,486.23447794678594,1.4127939701081438,10.120367245582235,1267.06854805137,25.99923399200269,14.718042972230297,11.281191019772393,160.7910484867733,14.787322161243022,18.369795617143872,2.9039615913138093,25.073398007054813,37.9021775818526,7.448614129153217,709.2214615942846,748.956646143279,7,0
Granite-Gneiss,Fractured,Built Area,74.10768199653087,736.3875986698765,701.091813361347,1236.5496828038922,65.81875575175613,9,22,0.6373895535860867,2,562.245804693433,5.901830386244414,6.398161051800257,213.09681199426447,27.506111743332767,16.831118428120416,10.674993315212351,152.78052641017715,13.033955750310756,15.033955750310756,2.79490194634246,26.238734220238328,35.58697362522567,6.980874963682272,788.7994545250942,793.5301911890161,1,0
Granite-Gneiss,Fractured,Trees,17.863704138491574,754.4169071317403,575.1038129858821,1510.6788186014742,80.56282719394737,4,20,0.7943411493579924,2,582.8302345731136,7.324580971485904,13.75629876989533,20.162134713737785,23.472930104450583,18.32070974660906,5.1522203578415215,159.1791467904817,7.582833364688487,13.309409391253023,2.1916795961221163,29.33621336833435,52.058053327536065,6.975698998733109,689.4032618271284,719.2062511125432,9,0
Granite-Gneiss,Fractured,Rangeland,9.8947863304907,955.7646535432748,611.3299130147761,1549.3781665085464,115.81881359063269,8,30,0.7937354663963527,1,448.382039221058,0.7487456093743301,6.408035308548317,487.90539838805034,27.978714615602073,15.664124933696437,12.314589681905636,133.69291380529683,19.106883445830213,21.106883445830213,1.4532601941276466,25.3597496767782,39.89219026456569,7.842632332470198,781.6707780463743,780.9574135127813,4,1
Granite-Gneiss,Fractured,Crops,7.860086954387187,806.6663340606164,635.5579578412725,1350.882273068844,56.870356743841356,5,27,0.771121088757101,1,491.3551559346504,0.4992957642500473,11.359149477082097,2518.220119509501,27.332256305380746,17.177417489983988,10.154838815396758,151.2213350587323,17.849845562634716,23.299229866252972,2.07933001235898,24.63581059145273,35.14579602712308,6.64722884595181,699.1186102979492,709.0126575311517,12,1
Granite-Gneiss,Fractured,Built Area,94.45101795422397,709.0774258956476,649.8038480697452,1383.8502685956012,66.07149346913388,6,38,0.697631678376263,3,444.8474605783325,6.140374286469855,10.247373942128608,2643.366393989354,23.490697458999552,14.98668358082428,8.504013878175272,158.3115056524181,15.99454672809298,17.994546728092978,1.8006849161648515,17.533959072510324,51.58640870708575,6.848042920218375,770.1012509781106,768.7424355768089,8,0
Granite-Gneiss,Fractured,Bare Ground,11.085900817932778,856.4754075873486,650.341140786526,1213.2022180403465,61.83487433870865,7,26,0.7350146868184495,1,574.8918891717101,2.4315184048384424,13.691454324258556,467.8702042460079,23.06761538581972,14.799353677118221,8.2682617087015,161.16465061009683,9.39292648720052,21.452155011046308,1.7024446544481453,33.42949226016114,35.04491243254845,7.534454523982407,680.4405709932437,672.6838047028976,7,0
Granite-Gneiss,Fractured,Crops,5.183624355033604,735.6994862645076,760.6329769433207,1338.9457402282867,109.50722942637383,6,32,0.790297802446187,1,415.64779893116213,4.512583477950302,9.98392754559892,638.5032498961023,27.172399543907872,17.729377534986078,9.443022008921794,177.64062167790564,14.264753997658524,16.264753997658524,2.3463279388880536,23.835085518261213,46.867978195443875,6.906429841064441,715.9529639483085,752.3743987686469,5,0
Granite-Gneiss,Fractured,Rangeland,8.955894951348052,877.3388127702294,666.301924715751,1394.6667754743594,93.28497223333115,3,30,0.6130151992793154,2,574.0653828498127,1.200548621314267,7.767511047072868,2356.644684340656,22.946996626810055,16.41545187917014,6.531544747639916,158.57649481829358,15.365278031142992,19.524906337878505,1.2389539847540052,19.210410746221818,42.56172482294794,6.885260280043511,790.416172918612,818.1547608318871,4,0
Granite-Gneiss,Fractured,Bare Ground,14.768930404053991,865.2900459802834,522.0201382100839,1419.8653004197345,43.703872734905666,5,24,0.7467945966982562,1,499.27212690036606,5.286589469315389,9.82012657459037,1888.982777151018,26.159511777971083,19.14850510885961,7.011006669111474,149.13108701948994,11.906658334030022,16.453026945532,1.6093751444641273,27.107832284579008,46.28171868569132,6.69090808772028,814.5983986450724,848.4046672791853,6,0
Granite-Gneiss,Fractured,Built Area,75.91532138024299,806.4337184329328,751.1032287918086,1247.003693798439,107.90897461662915,7,35,0.702680258626617,3,509.260804176197,0.8566702448626557,11.950141858896384,1069.4972073071879,27.42147279698494,18.570477833975783,8.850994963009157,156.12662387613616,14.758893050246533,21.653263032119057,3.047625238552137,34.41514509440759,40.000809450994424,6.561637743742419,709.6692488094691,738.6685166155679,4,0
Granite-Gneiss,Fractured,Trees,19.64524483326921,733.9325391730597,589.431234650987,1248.6400523621116,67.57622169721502,8,30,0.727448101766839,1,444.84012355369106,2.808686901308845,8.96554568199714,47.49351697818206,24.63825994756318,16.114172818191697,8.524087129371484,128.84444378369304,15.258168218625194,18.80576764177755,2.22722263951218,16.892395822832672,50.47078315957023,7.2228410851291125,736.0487683595779,666.6886817587817,3,0
Granite-Gneiss,Fractured,Built Area,86.01742282515089,769.4750435777532,600.1527846023927,1458.2270772927939,77.94675937876572,8,39,0.6685345201728522,1,557.8810677247442,0.8601499456855493,8.482732514667557,2346.575880920947,27.27473359527774,19.366517995201054,7.908215600076687,159.23649095283136,9.886398867040871,15.529092900692365,2.3412563956404027,31.79814448739352,54.094366676620595,7.947712519077903,741.7806432417835,703.572780813101,1,0
Granite-Gneiss,Fractured,Built Area,83.22508109365032,929.724873097718,669.4777001029071,1339.6266723418723,71.8198401339937,4,38,0.7038485844727749,3,460.441523417139,2.9170919444357235,13.97095283197654,2646.1211786918075,29.02355676912651,16.67222338091585,12.351333388210662,187.34252566525728,16.102921280398494,19.144518264501997,2.5588568028330987,28.715195371761155,49.243575794758684,7.290986103957549,774.1874819897703,741.4289911687216,6,0
Granite-Gneiss,Fractured,Built Area,92.81344564864119,744.8554830137996,579.9506869856839,1240.4647640381272,76.82681944691926,3,35,0.724733931759652,2,592.886307626203,6.83255179535082,10.267041111373624,1974.340980629933,28.93321500457339,20.242595389981467,8.690619614591924,161.958189168271,11.395917288181833,14.95542298757435,2.2702640567035814,28.517870879538513,40.8816028573492,7.694039189446333,668.0822544621946,665.8816934059219,4,0
Granite-Gneiss,Fractured,Built Area,78.35044838730892,790.2863114052033,562.9419363403299,1507.8946485559254,117.81005924608412,5,26,0.6016031153796837,1,554.8362425304716,4.832180507718605,6.940820353559436,1784.9694073276773,24.448210287875433,19.0899039249791,5.358306362896332,156.58986882922986,16.364240832583125,18.364240832583125,1.7511318414333568,15.911409117243247,40.673607473959635,6.84102810314597,754.5927899507352,802.3395974779653,9,0
Granite-Gneiss,Fractured,Built Area,78.81082469411882,811.9915127002662,566.8311463211488,1318.8059427943238,96.58073311661086,8,32,0.6669843936882035,1,439.9498389325496,5.369582500248837,12.39855686289162,437.2150317036484,25.73501643109868,16.923869166734676,8.811147264364003,161.81546831291521,12.689198570740196,25.781917754284148,2.4910724488652334,26.325132101775914,36.05899463838077,7.192012407921223,813.5870101382012,803.8926683474801,3,0
Granite-Gneiss,Fractured,Trees,14.060121204340032,833.3449917094345,638.8335144630724,1282.5795760919818,99.50487526753369,4,37,0.7539558140878756,2,459.28812080194166,3.8736340197846246,7.167928288388288,2464.271565603497,25.201389626148483,16.93054605034088,8.270843575807604,155.7521024196984,9.341038963781678,16.081912794247295,1.98920984917863,26.02765819856201,48.62096294647391,7.4755736859006925,842.7523785321658,868.8518091767647,11,0
Granite-Gneiss,Fractured,Built Area,81.61557581874949,882.8575373709601,574.4936643848472,1503.007217271127,47.09196680129769,6,20,0.6774825946971764,1,558.0153881594937,4.552375508924258,10.916656103532517,1571.8993035814285,24.17886737013165,17.537442010952965,6.641425359178683,158.83651935726706,12.841711254330976,16.965550583503457,2.401175392655727,28.34595855867338,35.95790868350777,7.381692986517315,663.4106915796463,611.2919668194654,4,0
Granite-Gneiss,Fractured,Bare Ground,11.97073926104547,884.4279447396268,741.4406856640869,1300.807297096016,92.85302077304748,3,33,0.70743575283052,2,563.5218381500958,7.066728510511853,7.181642074836145,1829.276180762037,22.061682477981343,16.45166293863482,5.610019539346524,158.80901824118558,14.808010930454078,19.940651656560725,2.646250832894827,29.996374642168,54.69723779746349,6.59619434263237,745.231366908427,731.8947188774091,5,0
Granite-Gneiss,Fractured,Bare Ground,12.66349611702887,770.0068668406738,641.4374428622333,1551.2433609699838,61.90515360960102,3,27,0.6086964778655315,2,573.4197103828949,7.57712666504571,12.336030521157955,2342.2999378827617,24.285609591934683,14.592240080584038,9.693369511350646,173.1019963958144,21.42223991181195,23.42223991181195,0.5548576299684786,24.13577252030454,36.597211250093025,7.225324725355382,799.134069939263,824.0561828322457,11,1
Granite-Gneiss,Fractured,Trees,13.44059798813614,951.1292811151875,509.5499689887428,1470.7117159326583,113.40252966100323,8,24,0.707514226158315,2,590.8469258467119,2.6503956336497314,9.506967787297997,1036.8135582611626,24.4681227980736,13.856411551329034,10.611711246744568,119.48891553649614,11.704127686654326,18.436507436852818,2.7881136401153475,34.4414037198338,47.216203432932446,7.494203075887276,624.0504958612798,584.8230538027808,4,1
Granite-Gneiss,Fractured,Crops,7.966299875629412,940.5439662568663,616.5182299908683,1453.6448634140693,92.50048370895068,7,28,0.6328869687881133,2,447.12412597812255,6.847775898250838,7.927557505872988,1286.926002253281,20.789841063370133,13.695637678256066,7.094203385114067,143.41027007109506,19.37919504002801,21.37919504002801,1.9530288378825689,16.629033398917393,35.438657206654966,7.9359805344069345,787.8914562940192,763.0698735208694,3,0
Granite-Gneiss,Fractured,Trees,19.00640228628795,891.9196913747962,600.4966403901423,1212.4720349267202,113.70303409459696,6,20,0.7111220722704058,1,503.58024993208574,7.461337585710237,6.7393094540981595,2632.970738801515,22.85371026898742,12.77312959777723,10.08058067121019,142.31538356663532,11.416145358999225,24.975708300633173,1.7339727649959165,21.453851680393306,43.25567170499853,7.610354337216603,777.6941820375708,667.9157218403545,4,0
Granite-Gneiss,Fractured,Trees,17.30195786470214,955.9876824636392,689.926887439465,1271.9762104586525,84.50338874004349,8,36,0.7978916832974212,2,522.7712088214885,2.4777731804780814,11.213995498816523,645.5336208547641,24.72936041478927,10.91474522950498,13.814615185284289,157.76886135334308,13.739976545919063,17.93610074644543,2.1079981869531053,25.611371351599658,38.15634702786139,7.073406108239385,688.4706069679731,672.9042812276649,8,0
Granite-Gneiss,Fractured,Trees,15.024246977280008,706.600057193819,581.6604822783372,1279.8470581567158,47.83475298051905,4,28,0.6047982435996094,3,424.5449221036573,0.8213856937044373,7.1596360842007725,2548.38995796726,21.658657319675658,12.397389255234257,9.261268064441401,126.06998118684001,13.73623878218174,21.642505682307707,1.7469471926622953,24.557340441073684,46.92769389829614,7.0950000604849075,682.8741110563028,665.3818775175955,3,0
Granite-Gneiss,Fractured,Built Area,86.44087426420468,812.1643595644998,782.465724037516,1272.438670770556,54.70861125436933,9,23,0.674704693387302,1,580.0566137861342,0.3654030268603927,8.185226872394914,173.4086686097423,21.403728633346898,12.648156227346902,8.755572405999995,151.80538646482245,13.325796626102305,15.325796626102305,1.9963034705165605,22.79906326230433,38.60067050886751,7.385038176430921,746.0984861257504,731.3780594258039,4,0
Granite-Gneiss,Fractured,Built Area,89.57583070764778,860.6990458172039,745.0482542035085,1332.9114548120472,46.03154001128396,4,27,0.6527965287904198,2,507.53722991392135,0.1404385620214672,12.808172852091456,2515.0586342256747,21.558419557615988,14.781001316161573,6.777418241454415,139.12102136726088,17.885938823862567,19.885938823862567,1.5138799590205658,18.65918215923577,50.711626576863274,7.674941005425614,713.7020570200425,732.5653950841124,5,0
Granite-Gneiss,Fractured,Crops,19.039635108260676,831.268909484337,774.8228717564493,1542.6290211501146,114.58738149651477,3,36,0.7459220989835176,3,567.4429206533825,4.415805098853883,9.543744115206277,2647.9075583158715,24.632044823817097,14.408100031583773,10.223944792233324,179.04730800957503,10.46389651787518,20.93460915957439,1.6953375713396923,23.415079602399274,41.947572863299754,6.962089721528275,796.7459714320155,815.4424576581594,2,0
Granite-Gneiss,Fractured,Built Area,94.92728882079112,795.6025682765896,523.0163576964819,1314.3938088111393,117.46338577982733,6,38,0.7254552028928541,3,400.5532766726807,3.2208410637680362,10.592537865348248,1925.8594267107055,21.03505966164389,13.44838564436796,7.586674017275929,170.46800017376773,15.920538603387296,17.920538603387296,1.4418581372919723,18.99075315306068,44.59078323795259,7.279619086114388,655.1304388621402,628.2245553799288,3,0
Granite-Gneiss,Fractured,Crops,15.106906524696956,968.2574668956585,664.7495190675661,1535.856456113907,139.76779579270473,4,26,0.6451602141375817,3,460.2155134134191,6.30418346346048,6.409712958008619,1557.0961369071044,22.64992435788657,14.980695703376337,7.669228654510231,162.17959379667192,10.32455936765576,12.32455936765576,2.315023474177186,22.06418996321859,53.41062315888739,7.611508814179437,679.4298010978845,679.7537041831476,11,1
Granite-Gneiss,Fractured,Crops,12.294329076085063,755.4272312735917,619.8219498664976,1308.8010863273612,107.07032694863561,4,20,0.6860124460354597,3,540.8227030697235,7.558833818392125,10.585392930247453,25.452715701041974,21.153520034272763,14.187953917449112,6.96556611682365,146.9579132265429,14.368141972031767,16.368141972031765,1.5316862426982027,15.97685284963257,38.87494332361648,7.230848457149336,621.9018800908492,635.4907804476115,2,1
Granite-Gneiss,Fractured,Trees,6.854274711008339,830.6159773776466,607.6814645331234,1400.9915677089673,85.87606093036223,4,36,0.6941209649838607,1,581.9770278017181,3.901927778960877,10.798058942862298,2492.0762800002644,23.702342605500295,14.484809904032877,9.217532701467418,152.47428331592266,14.932630552854315,16.932630552854313,1.6575525291447823,15.45391320773752,45.67627333302352,7.141328465643823,667.5662942638728,666.517107690997,8,0
Granite-Gneiss,Fractured,Built Area,82.31243600431979,724.0149831301842,630.3438792653875,1504.709775653495,65.86292407046595,9,29,0.7028329369174265,1,591.2224131324981,4.8802736752220754,10.19392198082907,2789.097906109181,23.142030043939997,14.017156698993375,9.124873344946622,153.09730395430827,13.488503499500757,16.050655332087622,1.3818080342011911,22.61350699052771,42.54385212560104,6.864631771285818,688.6641100178008,676.8766154888509,12,0
Granite-Gneiss,Fractured,Trees,9.448959219393068,842.4558936924416,700.2267779077937,1515.7607349574923,53.59670997321459,9,26,0.6003250806865138,3,408.4292754761742,2.056262113499078,8.92552937725296,2496.1333889534276,18.636606096425904,15.240932881757601,3.395673214668303,146.32031780491914,11.098131997964536,18.756194155459436,2.087205203140635,30.094133176570892,37.61869777365801,7.1233591994594985,726.3420644478911,721.6343411441516,8,0
Granite-Gneiss,Fractured,Built Area,82.32814992762724,746.4057367411801,519.3723872473274,1305.291220589847,98.96133430080955,8,29,0.7944172852092184,2,437.7009207315812,5.084608328359678,13.539257613271609,1384.086228254447,20.389031947669707,12.967829238651918,7.4212027090177894,141.33987114493436,13.121937678494328,18.236729550796355,1.2758086804835642,19.080227764017174,41.50947803651926,6.661120565896489,731.6350326065005,719.0232004404585,11,0
Granite-Gneiss,Fractured,Rangeland,11.50949919204423,985.7199590036331,701.4639355018492,1577.341785701544,101.58956036435369,3,23,0.6504621166837441,2,578.5986580768148,6.091409905041916,6.743879064769387,2292.987966764068,20.86112095375284,14.971486250817252,5.88963470293559,149.4155753325208,15.254913208346995,20.76987341964254,2.281411386452607,19.409215531580944,43.52840514039459,7.419296138713298,735.3826387279887,758.4026545437921,8,0
Granite-Gneiss,Fractured,Crops,21.01164358301556,830.501391043995,567.0932527341561,1462.334068745977,115.27281382915292,8,22,0.6025160946484216,3,547.0841255368205,3.569749286560203,10.449991479050947,2694.2264604822153,21.18475667865478,14.566273708383788,6.618482970270991,150.38007059721738,16.99374988925831,18.99374988925831,1.5820154312108476,19.511097134699263,47.910626569300376,7.019122700271525,740.0995815900105,763.4792857076657,1,0
Granite-Gneiss,Fractured,Built Area,77.77639377057756,935.7753329196069,615.45651149198,1557.1333975391904,118.54879710815743,5,39,0.6574923804840213,2,589.8825058733678,7.377581691453566,9.63222914487375,810.8972717615235,24.550150047775414,12.317689289255162,12.232460758520252,141.1049655211916,16.605639604070284,22.906796182459182,1.9268800613555048,29.1630974010704,38.98157734125866,6.640908183365515,749.1755213855789,729.4257977000406,3,0
Granite-Gneiss,Fractured,Built Area,87.88037656087579,702.564300843579,564.143514226151,1371.9809255492544,52.85326269661521,5,36,0.7424284741295313,3,516.4929376052158,4.6528810370231515,12.666239314471664,531.8333051272108,20.354021888530887,11.819874062623576,8.534147825907311,141.8975023245935,14.810309784344625,16.810309784344625,2.381019311415963,33.52993651946282,40.543722013856694,7.14403549649146,756.5897595236684,740.2534662044459,3,0
Granite-Gneiss,Fractured,Built Area,71.68994798343843,941.4494383861341,643.7415354082347,1506.2800641027266,62.02058943295988,9,22,0.7585441350084225,1,584.6312938935048,4.479376579686758,9.398724685791437,854.7444325423556,22.468399017642568,13.268118568417812,9.200280449224756,145.50843633127513,20.430465741925218,22.430465741925218,0.16045804406363517,23.104329953694247,53.78767105402712,7.2310471276367885,691.0778899696516,703.0626414426355,3,0
Granite-Gneiss,Fractured,Trees,6.267971816367375,942.1337155136234,768.8760722826746,1410.096217252051,86.18942666312468,5,24,0.6131977463784838,1,528.535052909988,4.8283670045491265,7.015414643873935,1041.9413405676185,20.934355134628227,17.039829243697476,3.894525890930751,129.44445768630183,9.5367776102405,19.625867247511824,1.258580677996592,25.10630644694173,48.09663208212103,7.399927266527652,740.4600167178446,775.6653215507708,3,0
Granite-Gneiss,Fractured,Built Area,91.53682419301873,940.6135662124859,775.0772754508312,1465.0987854483446,69.53745874207637,7,27,0.789336284030978,2,472.28841002559665,5.020296948126693,11.090878719888984,2217.0245692069548,18.894518919987505,15.576300150669292,3.3182187693182126,144.8152330648736,16.92256146897701,18.92256146897701,1.0705183048049434,33.06940157641141,53.72697022289397,7.021667833671564,690.3325142125962,659.7297430100128,8,0
Granite-Gneiss,Fractured,Crops,21.797934585227015,858.5211176259595,512.4765357488538,1514.6240838998979,117.61194130798921,9,29,0.7228966359405583,2,458.9940351011429,5.597864260184064,13.644979732873146,2709.191772967526,21.56363730903007,14.722236632642273,6.8414006763877975,152.4974158474489,7.773159693660302,21.33327180202019,1.8462175962178904,21.607059140481848,47.841267245385964,6.667311677769552,665.2677679359002,678.4260442326015,5,1
Granite-Gneiss,Fractured,Built Area,75.63353354737215,889.6686339751891,752.5728580505998,1313.4133693981958,99.99670431172449,7,30,0.6559673063965359,2,582.8831321524598,7.543510181988878,8.510316934342626,286.669064567455,21.405340040355817,12.73177072616441,8.673569314191408,135.70709164009895,13.53096550480993,15.869586511784346,2.351527752802231,17.258557298704947,44.98675725050991,7.569790157429374,694.3586161730324,689.3541729217955,10,0
Granite-Gneiss,Fractured,Built Area,73.88820978963915,854.8314174300658,717.2349243598294,1473.3249159761683,54.54049513620325,3,23,0.7783875069305017,3,573.8729776928456,2.7116861060860638,11.844067911651756,107.04683350544987,16.751610298975248,10.217590875459553,6.534019423515694,156.655680847583,18.53112597537757,20.630365209429876,1.5865551950171002,26.309939298164792,54.52333024835602,7.3155627597717325,769.4439600693545,785.5483420425883,10,0
Granite-Gneiss,Fractured,Built Area,82.05850486651353,747.3265121382499,512.4231460340214,1274.4761694797264,90.32513664042102,9,38,0.7770357180481904,2,469.0610191796769,0.27893105032032217,7.873666815683997,417.33812074917347,21.856821602297014,13.584406731517682,8.272414870779333,154.07515612465855,16.929975293231458,27.037216505679858,1.6927709166155873,27.819951007345665,40.70109098034111,7.529520515594743,703.0550672876699,719.1469942671067,2,0
Granite-Gneiss,Fractured,Built Area,79.34430438856393,838.0198521753836,716.5987458538812,1515.619580056186,84.62366682917096,4,39,0.7961210890417055,3,478.8988418514184,4.997732026119424,8.690473199736502,217.7462988564903,20.763148847652893,15.160894860803818,5.602253986849075,155.06378189387647,18.07489015244568,20.07489015244568,1.793858748632773,17.950217414575633,35.24300322492293,7.14169758582108,733.7380510143308,757.5437374133749,12,0
Granite-Gneiss,Fractured,Built Area,92.1212045821505,910.411701017441,519.154839046385,1442.6924784333532,129.8833245619189,8,20,0.6324515538109888,1,404.88086391931273,2.4868906839037015,11.92311274438099,1357.6286380557574,22.65348052186053,11.075116529588422,11.578363992272108,132.3822725618491,16.99260560347838,18.99260560347838,1.903222651618627,19.80660934456194,52.15783798229507,7.579125063970265,686.862003304996,681.1138039825067,7,0
Granite-Gneiss,Fractured,Built Area,91.9566835695376,977.5413072950171,646.3898380904919,1353.1597638336077,87.52384602522189,4,37,0.7881825468193472,1,516.5693418153479,3.578439239294619,7.28378244111706,978.3997085860746,21.875303948430187,16.34559503286828,5.529708915561905,147.42212083532587,16.109205202727075,24.659454464113008,1.956913214755804,17.826628129614328,35.768704658318185,7.752118621713668,729.270466843892,721.6768049238302,2,0
Granite-Gneiss,Fractured,Rangeland,14.392922683021416,986.2822193914615,696.0814425857395,1497.5477092081787,63.6589883667865,9,32,0.6563245489834795,2,520.5999812297893,7.073118636250465,10.23734984594983,872.292320763071,23.068066531976953,14.343745032766872,8.724321499210081,150.43598366945545,18.836821703606162,20.836821703606162,3.4719675215760524,22.245807518059237,49.06664136298147,6.526014164819107,706.0914805245715,735.0536031003355,6,1
Granite-Gneiss,Fractured,Built Area,91.09951766229493,744.5287144444687,709.4333554404595,1591.8792026007773,108.70183794290435,9,34,0.737356830110014,3,423.55993700898875,3.3673594377499736,12.2981227523285,1649.625396604857,21.278638625307085,15.400588484401323,5.878050140905762,150.61139749200078,11.639289167017182,15.77355274740628,1.5135749608386226,33.172904071103446,35.16610312121761,7.251529302382484,686.622939304551,716.2397739743835,4,0
Granite-Gneiss,Fractured,Rangeland,9.697150677601783,977.6435908916876,536.652749261561,1271.2043368635284,145.18231597824055,9,21,0.6644010902839976,1,509.3048810170734,6.974969390129454,7.8615547177125835,1969.4942128630876,21.23182449537121,14.645152114703215,6.586672380667995,133.74753592398437,16.70132457070676,18.70132457070676,2.203659896617921,25.45509649771759,43.19905444437286,6.795925549878067,690.038336244129,679.1292638527655,4,0
Granite-Gneiss,Fractured,Water,0.0,858.0090214934085,785.100974679281,1497.0189110653707,125.73605572359311,9,29,0.740490055912518,2,493.06588733650574,6.491479012335041,8.012721403378725,2737.2196973086575,21.03266896242241,13.629334901812001,7.403334060610408,153.0810078870907,13.075580882388792,18.00450249556412,1.7258677871101757,15.1797091049699,35.898352704188916,7.842129150716214,681.6764783731039,664.4321829558659,4,0
Granite-Gneiss,Fractured,Trees,6.795063702203703,886.463210422496,631.5812719592369,1230.6949187774098,111.64503949540297,8,35,0.7709113348929831,3,566.7498016901269,4.657046157364433,11.398316851000367,984.8881811189009,24.22614208742755,13.318437058702177,10.907705028725374,132.55585574081448,14.60064461731102,20.551340017373775,2.6382279254995518,34.30810566462374,48.26398675222834,7.913211478251429,679.0011331007333,677.2682236701683,3,0
Granite-Gneiss,Fractured,Built Area,77.24763455608309,895.0072181889386,794.1284647632658,1355.821083089479,80.97297137297299,3,36,0.6620410403569625,1,533.2623971267456,5.980263157419224,11.97037224072104,54.615518234839264,23.566138382606237,13.568608946334281,9.997529436271956,158.62088323025506,13.061686051569367,23.535793953927275,2.719339172223288,18.062643066712752,49.16580445901564,6.905083535099553,625.3991477638288,609.5299446955025,1,0
Granite-Gneiss,Fractured,Bare Ground,12.654623771742887,928.4575521639734,687.3494979589191,1211.9308724130772,115.52003828033094,5,20,0.6406021562842583,2,407.6737522570897,6.414724715363781,6.7913856014552465,2828.03789049861,19.396025690223187,14.500568449334448,4.895457240888739,130.98154852053378,12.904205296015089,14.904205296015089,2.8529364503065526,20.271400957359102,53.338784139347254,7.4555074729939195,683.7231865328927,699.2132817851909,3,1
Granite-Gneiss,Fractured,Crops,18.16772227825041,989.6739815141992,616.3948481332594,1250.718090060151,121.20772251130263,5,20,0.710934775962468,2,421.58628912877083,0.1119697902905008,11.102182415381687,674.323177464187,19.7454254915508,15.023864203897858,4.721561287652943,157.611950258787,18.39750734751789,20.39750734751789,1.8472846483977343,29.948573953258585,36.94850328383487,6.8024591414798925,770.8457831623055,749.3779594043029,4,0
Granite-Gneiss,Fractured,Trees,7.453880703532818,742.3477885264583,582.0789321548165,1544.8166031036417,84.29872563467623,4,25,0.7692600823014175,1,412.1209721703269,2.5787432303973823,6.629388380470325,2233.485932207962,25.020750692870028,12.746875240348828,12.2738754525212,134.2825889635214,11.77949036744741,15.548443621172286,2.0009541390614936,33.62934702734659,42.55664300058277,7.874015672073068,625.0608577016714,642.582287863583,6,0
Granite-Gneiss,Fractured,Rangeland,13.664568912670983,868.3808635841553,580.8618255326503,1317.1351878853836,110.61138957732264,5,34,0.6172696125234991,2,437.96602415158736,6.2132566143256875,8.353104697230751,955.2995783042222,21.851760759742486,14.16313835644628,7.688622403296206,160.9224478401957,16.720611887805422,18.720611887805422,1.7853307657897437,17.353117283767446,37.95299735244367,7.92634014087325,691.4179796183487,670.8965221834886,1,0
Granite-Gneiss,Fractured,Trees,20.885028032989723,738.3938569595794,523.3880417874913,1400.746281338277,68.99230617603858,7,30,0.7091414905517424,3,496.56289714913885,5.457978351110444,13.93455480351799,2919.6147378960927,20.747176935331442,13.410179974466567,7.336996960864875,144.85583002213403,11.6658994274953,13.6658994274953,1.9719733476872836,32.120623016135575,46.222416675159536,6.859884627971847,680.2590310199387,726.1282627096164,11,1
Granite-Gneiss,Fractured,Built Area,70.31881796477062,894.3088267127026,545.270286640678,1342.3257167421223,112.23458496455764,8,37,0.6817780699739393,1,509.656851886412,7.857808249291285,13.190482636622939,2833.191039362511,20.41885413279369,15.945655656217271,4.473198476576419,156.6861619307208,15.534462773684147,21.54750528777494,2.313334250866432,29.15320311703418,50.54916299983242,7.0896571660296965,754.2480524706878,753.3589598986367,8,0
Granite-Gneiss,Fractured,Trees,19.528329799587265,808.8707244008922,602.890788350879,1447.636452837196,82.31173247063774,6,22,0.7663416305405557,2,437.3235709934492,7.283038261223423,13.86167412434935,1276.5369408337015,23.972320736089944,12.558603671975415,11.413717064114529,143.83523764091942,13.484538606163735,15.484538606163735,1.6495653224734887,30.79735908559301,42.75770810230508,6.551666618317162,664.0960499386691,659.8849142645743,12,0
Granite-Gneiss,Fractured,Built Area,71.2060324284796,873.1906925793365,608.1243718926606,1577.9904746293228,68.85671215138662,6,22,0.6287062178946464,2,530.7644677022988,7.408485141183057,7.934706789812766,1645.7939635829464,25.24875735368099,13.61325706365992,11.635500290021069,132.52074464472977,13.746504388041144,17.625739781781757,1.6224271876529237,16.036231107515054,38.74421972151721,7.984385687410042,752.3335028241584,785.1475775234971,4,1
Granite-Gneiss,Fractured,Bare Ground,14.11528584162549,895.210679267798,529.9356467821449,1500.4931988164549,99.18018272036323,9,33,0.6988180406486757,1,565.1062145656068,4.7321537643796425,11.551735973525833,1858.4630136240403,26.515741137393036,17.368156405807095,9.14758473158594,155.09386580689448,14.22517789634439,20.281819813401498,2.4970093623573817,26.39650336943898,50.49556822592183,7.31310052100372,747.2370854928645,728.0114658108806,3,0
Granite-Gneiss,Fractured,Bare Ground,9.76389359063371,799.7945654906405,638.574486646532,1287.1969606226364,76.76740161049358,9,36,0.6626712601699273,3,446.6797424904759,3.7162364308597535,13.397584696083257,559.9085617977456,23.145678048099963,15.656530295497973,7.4891477526019905,150.66745641166858,5.862649073965571,24.656745172294084,2.421304622918081,21.422774822556775,42.47896436785159,7.140357023701985,693.7225341358195,661.8453212287735,4,0
Granite-Gneiss,Fractured,Crops,19.225439344621538,981.9720746409844,717.8705752196704,1521.1689910056145,82.2082594183393,4,36,0.629781388492108,3,448.5747520354419,7.647336034924992,10.020048850082517,1734.6952798086932,19.065039867016377,11.7568365188548,7.308203348161577,133.75863528078423,14.247134316288278,16.247134316288278,2.6596899616332554,21.556700521778133,41.09087192110299,6.593696998480008,621.9262562951408,629.1193623676311,6,0
Granite-Gneiss,Fractured,Built Area,94.90000368471426,921.8007796088497,500.00825944929665,1275.5477362028098,57.715894153605156,8,31,0.6482022987859208,1,596.9364458970954,4.187504552631495,13.65575988430949,1376.329095066656,18.800688813961116,15.702656583222787,3.0980322307383297,152.5600683380501,13.06547567742972,23.512082783936926,2.5362885942775155,22.088600993766967,38.99543946031822,7.947679133459284,673.6565545126705,663.625508608673,6,0
Granite-Gneiss,Fractured,Rangeland,12.791846405080923,731.2116397223033,766.1761144029638,1295.1501765930254,40.10805198918303,5,31,0.7266828654193699,3,424.2668192578183,6.929316203392589,11.71952767045451,2919.5797065383476,19.18189663549925,12.186348927245938,6.995547708253312,141.75664517921166,16.166670118672716,18.166670118672716,2.3669477715895084,32.34682737229382,54.01094267250065,7.902635954607321,625.4437028547183,623.6037364970489,2,1
Granite-Gneiss,Fractured,Crops,19.96400186038088,819.2003386875255,542.7442135854816,1522.4457140432635,46.44574817319479,7,36,0.6046946673302211,3,504.3532379780439,2.4117184693453533,13.01344021912595,1792.5462070118688,22.41192836904394,14.200422783092252,8.21150558595169,138.0541562927744,18.13743266450761,21.238649502530805,2.62261669786061,19.20255018506205,41.768716716044636,7.968526634459126,678.9331493458,682.2107089475483,6,1
Granite-Gneiss,Fractured,Bare Ground,5.496943036938873,734.81875537858,722.9845907565842,1206.795103906992,69.60866460866566,9,21,0.6181359080193158,2,588.6922908411202,2.564158406440354,6.241860208428629,2947.2023619067163,23.123333672241653,11.387913793685343,11.73541987855631,131.3842466051819,13.971703908528537,26.411116203117132,2.810912471098642,22.196113373087343,46.03018071033647,7.800590957577546,655.1796650444597,656.3275222808861,12,0
Granite-Gneiss,Fractured,Built Area,86.73184509720122,864.8930075140943,758.3161554037358,1378.3764208748134,73.37340972503324,6,38,0.7431315729487665,2,575.2121938308671,3.0361991154682633,8.68625629742451,769.8436468982363,23.275591264573347,9.487127943879338,13.788463320694008,133.00230276675953,13.796185521211743,25.612233363416976,2.575973768878054,33.119773460075834,35.77082043958706,7.898626798105663,663.2018625516471,666.3799490455779,7,0
Granite-Gneiss,Fractured,Bare Ground,12.49579244566997,890.7365624806449,768.5399773831007,1254.8970817430024,120.41397446449261,6,34,0.6312345545320431,3,483.0967597392275,2.4650374888242217,13.546938526588157,1034.600933361796,22.21419906546459,13.452343758112974,8.761855307351617,140.65878762436418,20.337105607441178,22.337105607441178,1.4347342887973402,22.411617866233357,42.586979411086986,7.903671754763907,612.4710888383061,620.2114238563255,6,0
Granite-Gneiss,Fractured,Rangeland,6.815956463931476,724.5180479224877,715.9828351514304,1309.0723538527932,63.15373346698328,9,30,0.7621841320074046,2,545.7878644759548,6.2155745314335284,12.372816424713974,825.5967174267281,20.103331030569162,13.727088424881902,6.37624260568726,142.4126790100874,13.067770405605398,15.067770405605398,2.10967313719229,20.862289351244495,37.96840952736398,6.5853173202304935,687.1350459234565,636.843923348473,7,0
Granite-Gneiss,Fractured,Crops,20.856226146494695,930.407273456752,726.669700701449,1521.8590188440996,106.97360398400527,7,30,0.7142751108956187,3,529.1964238849572,2.263350031588561,6.916583578124286,2636.646574551534,20.040019304263694,13.70704559800526,6.332973706258434,153.2624316688359,17.69723542233128,23.882475824466976,3.260374617644202,20.627971863445957,52.94381496816273,7.681773666807139,602.7107493101116,643.723418537473,7,0
Granite-Gneiss,Fractured,Rangeland,7.473612638277071,732.1562016829841,633.2289357310538,1256.6717502878062,96.61645063698298,9,34,0.7056870053226779,2,574.679165677682,6.8173736262844935,11.001196380740357,2532.0900037611605,19.608910450584524,12.978814220936158,6.630096229648366,128.33456828535967,17.77324261571666,19.77324261571666,1.9543122698592499,26.579670996717702,43.37349720116019,7.265064836722225,722.1161203865812,718.9253095249516,4,1
Granite-Gneiss,Fractured,Built Area,86.66254926136477,823.5709970417653,500.1063878546718,1580.3209212733066,57.27207053558872,8,24,0.798901274623292,2,476.12820896014557,0.2530429366413136,7.2873247027565276,2575.9325766536695,19.080634100936482,14.259843886646618,4.820790214289865,147.82795154673104,19.60814536626842,21.60814536626842,2.389298352876609,17.183974275788188,38.363665154323165,6.924608257497708,635.3702566797868,678.0270369709257,2,0
Granite-Gneiss,Fractured,Bare Ground,12.0342576302866,754.6168952218054,547.5773412035674,1586.77167576509,72.09319721212023,5,29,0.6623883300267555,2,464.83937862100424,4.949045668158108,9.699716332096248,43.72467896576899,23.627021121725893,14.727801732679728,8.899219389046165,143.18637745783823,15.101897867524182,18.660513812223275,2.681125441920589,16.30998767129921,54.676226323723625,6.8420045824657265,668.2092379042393,605.3987718622851,2,1
Granite-Gneiss,Fractured,Built Area,94.73090991855545,908.8493802905743,689.2687688575701,1579.9593769856415,128.56837809641914,7,28,0.7484166807932776,2,442.4682705842047,3.4913290327925957,11.161043322253338,654.1013561916292,22.81329856225799,13.244593400949833,9.568705161308158,151.9745972331873,16.767281127856762,24.859015177558565,1.6687464305893673,29.078210166552985,40.721720466231076,6.861648692845977,671.4753918891804,675.8952298589576,12,0
Granite-Gneiss,Fractured,Bare Ground,12.48195765322648,791.0849140474968,723.0422461638707,1205.7386316745508,63.02241284308689,4,35,0.6198520317361461,3,485.74848956952115,5.308851854257688,11.637761046467643,2089.5932358874115,23.75639528909505,13.868216401556047,9.888178887539002,149.89063922603597,11.345030307660652,21.19855469059939,2.0727013256115767,23.05773309224177,43.20334969819288,7.481943531752154,695.627753238202,634.2619440204065,11,0
Granite-Gneiss,Fractured,Bare Ground,14.58697688026572,886.5335646162874,689.881847073463,1462.4085285959463,87.26485239566213,8,27,0.6838299292751303,1,428.23618346550177,2.780415341382878,13.0891893485828,686.5897849140333,22.627114129863468,12.696923566404445,9.930190563459023,142.7541399840901,14.190264352288057,16.190264352288057,2.073188168449997,28.056392229517684,38.21709358136952,6.988931428220557,682.3654857545112,707.38748091725,3,0
Granite-Gneiss,Fractured,Built Area,94.6724743395779,837.1808529973883,623.5478578389672,1592.5395569172224,56.10622981602009,4,38,0.743636331258702,1,493.60720848644445,5.3723027054278045,13.49725076657397,1643.9356203509622,21.011965930114616,13.475508641681508,7.536457288433109,133.06787950008317,17.579995372552744,19.579995372552744,2.2038953698585355,19.515677077994336,44.68981318236388,7.808084532595906,649.6961410528788,646.2174695259617,8,0
Granite-Gneiss,Fractured,Bare Ground,14.657245888884136,895.541185142217,644.7089985874405,1470.4708681634643,52.56791046711986,9,36,0.7361423942603911,3,512.3084186757271,4.189407592870239,9.861911471456057,1369.033101437293,26.989684063936203,15.685883173885479,11.303800890050724,154.81777376522433,13.150471504034362,23.18202315143856,2.1326700483581766,17.742149572407754,50.22211754698663,6.784838734707566,691.029141879861,686.7229091527186,10,0
Granite-Gneiss,Fractured,Trees,9.05625465840516,907.3167909803899,798.8665513114938,1563.4545173135032,133.6207547673082,3,36,0.7682788666308117,1,575.4222556383663,1.7848339197663972,7.359984966992612,1767.3765721321242,21.537546928837198,15.12141453466824,6.416132394168958,160.8201963909131,12.65851052243617,19.855029383187034,1.8700169173580101,32.584326197993256,47.91561807596379,7.6525381852737695,536.5124480773983,515.0628524250798,2,0
Granite-Gneiss,Fractured,Built Area,85.62567723787454,736.901913887514,573.0082600756705,1463.009761627838,109.55539847315157,5,33,0.6969965161380777,1,456.30472398703677,4.8231479613160495,8.705005160600322,2548.5307688093103,19.315726541164945,15.176201776383568,4.1395247647813775,135.32168100890917,18.102457795079328,21.032364155332274,2.0480383219358407,30.375030766800545,45.998431776104596,7.592248150294744,692.7041279351729,687.2405836673755,8,0
Granite-Gneiss,Fractured,Crops,11.081434987743375,941.7771045215734,758.476555349922,1519.5262468239425,127.95897249432791,9,34,0.7728953391617291,1,554.4570062866142,4.436717022442685,12.477284705073847,2650.756487294765,23.07388256768278,10.11943617344815,12.95444639423463,134.62400292174323,14.810187991209208,21.203606409868982,1.8402650631818742,15.915345215238217,41.2751703181601,7.719007543419057,576.9202820326076,576.0293598535108,8,0
Granite-Gneiss,Fractured,Trees,16.157364419428625,917.3867295571936,712.3622733309625,1399.4170993906607,99.63195521461633,3,35,0.6254751168552635,3,526.707934159986,4.423547386133198,9.47485351722531,1487.937512101797,18.773865800336424,11.993161568840321,6.780704231496102,144.4457129211238,14.97181873168885,18.251266748386914,2.5453566078347305,27.203142165315654,37.61701406531821,7.983176091303424,602.836533974049,610.4198187657031,4,0
Granite-Gneiss,Fractured,Bare Ground,14.202539080511928,931.982992679728,749.5525556666478,1476.4914598260702,59.39556606254819,5,23,0.6569048543064439,3,536.0055379927807,2.587700483004996,13.378918233013058,1255.0245728968412,21.98692717385024,13.003127707857537,8.983799465992703,145.30590139868568,19.60321600129724,21.66380142195565,3.3547544455744998,33.052621647609996,38.39267388570486,7.009720725684915,636.9555343324796,633.5472677726805,6,0
Granite-Gneiss,Fractured,Built Area,84.8311761343594,985.7351707038215,672.5080737034662,1586.2070595221371,136.1876171954347,9,34,0.6947088105888783,2,496.5196854887844,7.854696667564988,10.657825480229064,200.06762550751336,20.921849276476276,11.823445891590236,9.09840338488604,144.33370649451768,13.03204372646008,18.744401467861987,2.085444272532193,27.59600258428251,52.275213390073574,6.649075515445309,637.9417041099852,632.1024978976463,10,0
Granite-Gneiss,Fractured,Trees,17.808447822599263,721.6599696134534,795.3474027741893,1582.1345490423716,84.40066003565016,7,27,0.7364766724084136,1,596.624045771936,5.556857255485993,12.304039774588873,2012.5090260251002,22.045461987381053,12.535643464041076,9.509818523339977,136.05354859003688,16.425131387908046,18.425131387908046,2.532110270074502,32.63281919540438,52.4322678646939,7.439554518545325,597.5160049598687,605.7205893979873,7,1
Granite-Gneiss,Fractured,Crops,21.710194620345575,925.6225337235004,722.8209924855815,1362.049851432065,129.346000242876,4,23,0.665981184999962,1,495.31840142968986,7.068430672556636,10.468719188430232,1664.8156214088096,17.740645737961284,13.993163410124145,3.7474823278371385,137.44361741320782,16.56098342459898,18.56098342459898,2.637017512057722,33.87831488382086,47.87641837794254,7.557159292520015,610.2581727125588,582.6587620580892,5,0
Granite-Gneiss,Fractured,Crops,20.089676865286833,969.4925370994251,758.1612303878505,1511.5362297869242,143.26992412062364,4,32,0.624088195312825,1,441.780497614619,5.859843651515849,9.48283243990561,179.5761520210079,19.21918414643545,12.13797807815743,7.08120606827802,141.32077719084808,11.667400174317425,19.849113792609103,2.404821734691361,26.98057108731899,37.4085047723254,6.965715639030492,601.3817005832879,637.6372051795836,12,0
Granite-Gneiss,Fractured,Bare Ground,10.0931739767111,890.2222639407981,794.6202556818942,1349.5846916296814,114.67112438260148,8,24,0.738303466344979,1,521.9991738119891,0.04997358729435586,9.316580161276473,928.6413866623582,18.734236544590907,12.099470401538394,6.634766143052513,132.7151571638972,12.52005020245984,25.3895075452176,2.1676117015275462,16.598932230820985,39.943341544392986,6.574133218160757,647.0240529575854,656.6702259712189,10,0
Granite-Gneiss,Fractured,Built Area,88.15050870769245,974.7635649849999,742.3759001205906,1341.9436599809233,96.95823274380129,3,20,0.7095734376923671,2,548.8200107545815,0.05992423832641247,7.015082393908766,1355.4712684613007,20.101766926819415,14.506056411976843,5.5957105148425725,141.73920249793085,5.671726069168001,15.994233476320002,3.0942500717513495,28.615905909771687,51.703677820372135,6.827025249403302,642.8933133911349,618.72752167264,6,0
Granite-Gneiss,Fractured,Trees,16.540160002773796,777.6166341487162,530.1518179102662,1286.5967066753276,72.12837609494235,3,20,0.6018372496034078,2,543.93609072393,3.4995820814810408,6.317524637924586,2341.6064219322348,23.095899121977276,14.385284828059755,8.710614293917521,133.96394511168066,16.01311095208604,18.637981335532515,2.555385047240084,20.375857969214625,45.54368359358974,7.956243159638179,564.6582182959208,565.3228465513947,1,0
Granite-Gneiss,Fractured,Built Area,80.69436085280982,745.662168164405,698.0357572163607,1450.5647568882594,87.16869567919434,8,31,0.6026032145549975,2,415.4049700251952,3.6097874956410916,11.521881968434583,2842.7940492723183,17.531001197825436,11.82339008775831,5.707611110067125,156.47865302924984,13.338214702025835,25.862881401762245,2.413178020246303,19.63334309830475,50.366555086760954,7.237940944647571,692.9859454882292,703.4421973956288,7,0
Granite-Gneiss,Fractured,Trees,6.981140383674822,951.4828447880375,687.3292286960138,1397.140566270977,76.17942776143477,7,29,0.6134188329969447,3,450.96050892593297,1.6092195661572175,8.011352409907381,1301.243784955338,20.192921952966767,12.085251657044306,8.10767029592246,137.1009986021441,16.29455562963237,18.29455562963237,1.1207531380252693,20.211104057095326,52.390540656744705,6.649317809226386,703.1408507282066,685.1610786063985,3,0
Granite-Gneiss,Fractured,Built Area,86.1648063499682,903.001365158244,734.4271186274084,1545.4565044142694,55.681775756183235,3,25,0.6246389398586468,1,589.7938650249322,1.2659265536163335,10.644511317509808,253.1358227943037,21.359269828127196,12.791260253327719,8.568009574799477,159.1342044507324,16.450513652366947,18.918653884985723,1.7370514594351443,27.635509918536485,40.91393388333543,6.787471127764763,731.4345902732919,693.3246630701012,5,0
Granite-Gneiss,Fractured,Built Area,80.43783182910605,885.3927142408454,635.8913357561443,1313.4438922438935,62.1878259959564,5,33,0.761867251236771,2,404.1876017102886,2.3960298478756394,10.94057008233074,1947.0626045011247,20.117702072503842,14.94202774828771,5.175674324216132,148.1759264257727,17.213597832095136,19.213597832095136,2.3326055600237394,18.173344453144953,48.31723810390886,7.863858525611841,629.0069705251791,646.046173878491,11,0
Granite-Gneiss,Fractured,Trees,8.360278643183431,931.1964901441248,524.3400551520378,1413.3959678009724,72.81053150253254,6,34,0.7648237910828308,1,544.5441603710951,1.4471155899013848,11.55645877047182,217.89580692719483,21.77229638308818,12.645888981035752,9.126407402052427,141.94000437303677,12.851205901524914,21.903063626094124,2.378414642441653,25.943847309391973,53.437811707721906,7.119734184514588,586.1706623531584,553.5111749658362,10,0
Granite-Gneiss,Fractured,Trees,12.14983928028725,761.8183098277334,702.6524195860954,1523.7117654461954,109.77747060369488,6,35,0.7972319579509259,1,530.0160855952538,5.904628979107104,8.051189451406556,2022.4671114859223,23.665262467862817,12.711308451839818,10.953954016023,135.22508091553627,14.670642430429506,17.20715134425749,2.553675066213196,22.6992945260518,40.28638243185992,6.79650214667172,663.7615043615332,682.8035387832513,2,1
Granite-Gneiss,Fractured,Crops,12.860308407672854,786.5061960678845,515.0110286082614,1274.4372848532364,87.22817400055709,8,24,0.7180928848959047,3,500.8773007761822,2.076762407631004,9.207267714442116,212.2843574357609,20.36922161065903,15.184776201718007,5.184445408941022,143.20182334925963,14.863883326260375,22.51260397193089,2.4944871833430438,25.398927195580555,37.58723078542181,7.953392780936991,631.233578560442,619.8123162648529,11,0
Granite-Gneiss,Fractured,Built Area,93.19923456564996,911.6066663666011,729.9320265971087,1212.2618377416982,114.72978029365264,5,24,0.6953868178214377,2,513.4550081621096,4.7164883702252585,8.929684451146844,2276.790642453286,18.721285463007987,14.385490641822074,4.335794821185914,136.92379047509877,15.084119473482351,17.084119473482353,2.9781882513664533,26.436554343435755,46.34960025094208,7.196959122493564,764.442624192128,721.3404312794877,9,0
Granite-Gneiss,Fractured,Bare Ground,9.834117694495102,981.131765052801,530.8350892458842,1369.7470895812473,132.91796719747686,7,23,0.7082990306217265,3,502.7908132431882,5.4040833311801215,7.489166824628194,1579.5279168343254,21.053304303358868,13.151944596417689,7.901359706941179,166.11695507436946,16.268558591470423,19.947735825643328,2.324029217491413,29.99555660005562,50.84402073466554,7.200994670433715,583.4480580422812,544.7904606374116,1,0
Granite-Gneiss,Fractured,Built Area,78.78459080054813,909.2087961256473,594.2015717177829,1565.3350504486534,53.179653031725024,5,28,0.7633320598872135,3,473.09434218385735,5.071490164881697,10.223456095310203,2908.1646207761623,19.652364428809012,16.46240066621798,3.189963762591031,148.9682298407099,13.834029223534712,18.977803935600946,2.4794181833589675,27.51751890148779,48.94028668281633,7.033987590546534,660.0656154480495,675.3215471859605,1,0
Granite-Gneiss,Fractured,Trees,5.900172341848666,962.2985354211058,520.2140783060382,1204.155510486513,142.6384005820859,6,33,0.7116184161171911,3,457.3071187664029,0.8674175884301993,10.814632913782129,287.67062111219116,22.31159738858013,14.688510492775453,7.623086895804676,134.0520961195624,17.595325415782806,22.618669575569964,1.6738378125970579,21.43500509290323,51.504581125996005,7.433055402719852,683.240157670849,715.5418923481132,7,0
Granite-Gneiss,Fractured,Crops,12.732157992626355,919.7236994451406,765.2985843264657,1326.0263668155117,53.339301390248785,3,29,0.7839001482409333,3,436.0768177490012,7.8523751689394095,8.938825263776536,524.7701067640083,19.86164307218403,15.539404593840732,4.322238478343298,128.44940797140643,14.812321706711124,17.15558301745129,2.7219028280594646,15.325408575546177,43.5778094424903,6.885397306118772,589.4453153910192,583.1858938521831,9,0
Granite-Gneiss,Fractured,Built Area,80.08214210194106,786.1971585259971,576.3761213112527,1538.9798403295847,79.92771091355667,7,23,0.6372202634964417,1,557.2373765675222,3.787548810273446,13.346261815524434,524.5630630485405,19.980926373328952,14.558796121004914,5.422130252324038,142.5794134482409,20.58463623646502,22.58463623646502,1.8832626174042828,25.854806581016003,51.185274153782956,7.811692063747772,638.0918524736127,630.5774211585324,3,0
Granite-Gneiss,Fractured,Trees,13.080103176575939,842.9502703399925,562.5370461648395,1527.7811047744585,74.57438930097385,9,35,0.6026388253696425,2,420.34543936137186,2.8410091902497436,9.410966329182287,573.4138877365301,21.70725206788898,12.987640647353881,8.719611420535099,138.51673650817835,12.377425148215298,14.377425148215298,1.6103448948829677,32.19919479601596,36.11771657831479,7.336480251794013,644.6470475643312,672.8044149332027,8,0
Granite-Gneiss,Fractured,Crops,19.10992740950727,874.5049575234202,560.6164586003306,1224.4550166693368,85.6521981418319,3,27,0.6276480611276309,2,578.0803677915139,4.429282010923221,7.9760229790125425,755.8181962882092,24.24431524532086,14.742509637378488,9.501805607942371,139.69734375324222,21.340648517720332,23.340648517720332,1.543477403672563,34.729532106327994,49.02847985190552,7.5261042029709095,676.8019086793207,709.1741252256945,1,0
Granite-Gneiss,Fractured,Water,0.0,760.0392302443818,520.7959104288918,1461.1929191421493,103.86995738913028,6,22,0.6111745788832621,1,436.4566615651796,4.714684708035635,13.14022951120646,421.7534786087626,20.671748814976258,12.776239234373481,7.895509580602777,135.24107498011875,18.064542583882297,21.551234910927104,2.657369736285908,31.23141097767404,51.8153596924978,7.889232766032419,732.8582114491082,765.2424932556858,10,1
Granite-Gneiss,Fractured,Built Area,90.76700858827127,813.1416888605983,530.3486422200924,1205.453672471307,67.10590918512263,8,29,0.6671234569435605,1,471.8749311027971,1.7317723232345772,6.04934615166202,268.60311751412803,21.33987923193685,11.389187160999958,9.950692070936894,138.319351543128,18.138455613453466,28.63413949779236,2.821001967555322,16.003682092662174,53.76283429251576,7.383665218161438,529.6101813498676,521.2225615081943,10,0
Granite-Gneiss,Fractured,Crops,16.216485511421425,769.6745473598866,680.0409677488166,1240.4112841823742,113.0975246605062,5,34,0.6096355788269686,1,475.6575107465604,5.3152731613403414,13.313043680685691,215.2800514352836,18.502911120535128,13.323250988435534,5.179660132099594,133.84949266284653,16.650130178701005,18.650130178701005,2.8538679463404497,15.37955506493029,43.695357659214906,7.072239764055545,661.9135813570286,685.8269418835469,10,0
Granite-Gneiss,Fractured,Bare Ground,9.540205297544038,885.1548582142624,556.2053240887307,1454.6650753948275,84.12985448311169,6,38,0.7334515220933235,1,537.554387931151,5.747359228854561,7.372337613017491,2086.7567409380526,19.495934332424305,9.975171474307693,9.520762858116612,141.39285884210977,21.934129964882853,23.934129964882853,2.932292795850813,27.1596086611111,42.781056334067316,6.625677216601568,628.8081126990392,672.7633296136806,11,1
Granite-Gneiss,Fractured,Built Area,83.94074297107703,930.5012872335575,705.3129817080894,1428.7321509160788,76.46064874501101,5,37,0.7207960549833687,1,489.90017106207426,1.452335166384322,10.407785877798139,1935.13576697285,21.6026455169635,11.596748437851064,10.005897079112435,133.38730704458976,22.715215837418235,24.715215837418235,2.4922151736219327,22.095265104156375,41.53147514250523,7.480061429542943,641.6848162231346,655.1379203419185,1,0
Granite-Gneiss,Fractured,Rangeland,14.893259712019997,888.1047137461087,660.9141457673499,1512.9400685086487,72.93978941852495,6,35,0.6412481239738721,2,521.3133687716318,3.068207503831868,6.613350263658524,663.3856694413321,21.318236324238853,14.19286939441419,7.125366929824663,129.96388362723428,17.902855587355095,28.240635420281066,2.8270728911056717,26.949213259774687,48.16630930122134,7.691678709356453,596.5657065603306,631.5508421911576,9,0
Granite-Gneiss,Fractured,Trees,5.036759635237614,855.9389898376297,763.7182373493463,1425.6725997213236,115.44479354566411,4,29,0.6765263791515851,1,576.0678362110549,7.913750624043382,9.403057098722911,2023.9132474421679,18.10739391883764,11.35806479174698,6.749329127090661,135.32204331474932,14.805498981094372,24.086945980935898,2.401503924760457,29.769165600780667,49.39793781116734,7.717183548729686,682.3692499581307,739.4309235552275,8,0
Granite-Gneiss,Fractured,Rangeland,7.368354999165496,816.1385192484211,525.6792089386588,1401.303339427028,98.60728156265829,4,31,0.7905382074831173,2,596.3614153360016,5.552060460698234,10.132979615591513,1236.4941807633243,17.388742975960845,15.281054313153586,2.1076886628072593,137.75087042845632,18.838028617300548,24.347182303041517,2.5657697878508516,20.014169430556723,44.844701975024165,6.817427669349936,577.3310886048812,575.0432422795907,9,0
Granite-Gneiss,Fractured,Built Area,76.74180751712827,727.8798034637317,713.7770860096565,1353.4719382893845,36.51529273145422,7,31,0.6791586749801907,3,548.277231523398,2.238098647424767,13.543907853272081,2662.925548010342,19.191726806280187,12.61634084815113,6.575385958129056,138.1747638352251,20.479984773576877,24.958941010881443,2.734476354909235,26.585308121117993,54.899568907716976,6.963549206373297,545.8378018651737,534.1575187485485,1,1
Granite-Gneiss,Fractured,Bare Ground,12.412352787159339,765.0787890425436,753.0508397918734,1271.455483084351,43.67799305628898,8,26,0.6275077299823855,2,428.5842917746422,7.961083422548511,13.937754901753323,429.16064560199305,19.5814455815002,12.796483757435624,6.7849618240645775,144.7020284311343,12.594454749803088,14.594454749803088,1.6887034380285975,27.116160257101477,48.882380183138466,6.6929765214101025,567.0172298622208,559.4417983847135,4,0
Granite-Gneiss,Fractured,Built Area,86.96216636303565,957.6233581286331,603.7248203916932,1496.5194043328893,54.56817419327157,5,36,0.7590199376075528,3,466.753711373742,7.34127732051487,6.375559283834226,792.1346123928613,20.79348320268377,11.795853807031978,8.997629395651792,131.11128813443366,20.124961947283122,22.124961947283122,2.289277875902105,28.55447575866446,53.46995588597172,6.953547413871389,567.2662316562997,558.3486821605802,10,0
Granite-Gneiss,Fractured,Crops,15.61874635166082,892.4444749125595,508.08901715568857,1435.2535823274725,116.70835236308017,4,20,0.7114497732573518,1,417.9819363523009,0.467936313083154,11.158893354926672,1432.2925987004594,15.831768274294504,13.7913145866355,2.0404536876590047,132.80762908789376,15.437806805506339,21.671218255181685,2.6697228945034626,21.57393964702439,52.775694724764634,6.854784630881729,614.1447808601423,606.4770196563076,2,0
Granite-Gneiss,Fractured,Crops,7.710051819377853,720.8336141447603,716.3680263825975,1294.9711870705905,69.16765132672282,3,32,0.7455054476052456,1,583.6372484795669,3.7971400573452634,12.387124829073391,27.718451380861914,19.29406290095985,10.234468543332602,9.05959435762725,133.61233972703542,22.211972162388353,25.173424385066895,3.865758623480613,24.47333991508878,50.77857607555619,7.183690734908005,525.6155865145495,503.30363905162875,1,1
Granite-Gneiss,Fractured,Built Area,76.00148875740217,814.4399244212357,764.1744353425397,1465.5531428617332,77.34829396672683,9,39,0.6390512967412086,1,579.0028085010385,7.750309161977919,6.471286587457285,2284.1845550423304,20.611719680735185,12.87317889858001,7.738540782155175,129.1485380694116,21.974167120596874,23.974167120596874,2.0206526276605774,29.257721272134294,53.78981179644312,7.724349597802065,605.2383795623572,631.8857488026533,2,0
Granite-Gneiss,Fractured,Bare Ground,14.39339903610408,940.1694021505706,534.8624697946998,1570.9995093178695,100.6695255094266,9,29,0.6339799625877234,2,407.4987219206826,7.320947557565438,8.002866200498925,2297.4077756007623,16.67382615061465,12.478132133406024,4.195694017208627,137.72872504723844,17.103300501931763,20.831980685275475,2.2602555559512303,29.577707873322954,47.023598913133775,7.018860708509635,610.8619836943578,606.6755037599777,9,0
Granite-Gneiss,Fractured,Built Area,83.8895688106876,808.5858701940309,632.1974864417147,1484.572100772535,96.61979172914076,7,32,0.7730148854794043,3,569.1674311247245,6.089352864231468,10.581146241476132,1902.5521206281303,19.480814449532225,12.494437935970426,6.986376513561799,130.60635046131247,14.296527773393581,23.215434509341613,1.0852166070571214,32.756910062427515,54.78349811474202,7.275315630787572,592.3883156649312,616.8829779202653,11,0
Granite-Gneiss,Fractured,Built Area,83.0029125922839,911.5147350457132,685.8623974296102,1434.179905214601,50.45985936898952,7,35,0.7282869137036104,2,476.37574586150265,7.208401278368846,6.253279951114878,1000.1108988081426,21.782072945705302,11.927169951844464,9.854902993860838,130.53091764617528,17.595426544370014,20.682105389732897,1.8324881626042289,31.854402660418508,53.54280254070768,6.774239433396664,579.2330913258326,538.4814696891501,12,0
Granite-Gneiss,Fractured,Built Area,87.09625217238995,754.9668663153471,710.1536748051609,1552.1332664049673,61.285835112078715,5,28,0.6907194785159287,2,518.7800318154614,4.2261206943225105,6.606268073922772,1200.7346505870607,18.141575767495116,12.16628945283405,5.975286314661066,143.9254767606904,19.52193609853357,21.52193609853357,2.9895496812315066,30.298072152664574,36.59077515544165,7.5972575593215845,695.2398319347378,691.6266710749253,10,0
Granite-Gneiss,Fractured,Rangeland,8.84548678063993,980.0927595203034,640.6628281251712,1372.88424430421,105.76612089580702,5,24,0.6610872771110934,1,584.024006660893,5.165239245888873,6.077117243335463,2434.430097770031,19.32878646209658,8.333180880949364,10.995605581147217,129.69414483701613,21.73498424448426,23.73498424448426,2.2974677671481647,18.560656101222786,46.22185938891738,6.58142182482003,584.8847526274686,594.9849754329045,5,0
Granite-Gneiss,Fractured,Built Area,85.11470934071176,897.8223155880976,500.9662005462954,1255.8303794645653,80.57746480904696,4,39,0.6090237601022161,2,507.98896041739863,5.045166012908657,9.00146986317987,836.9228054798542,19.71886026154652,12.168440580391096,7.550419681155425,128.42580403940067,20.78063799389193,24.304749909940856,2.5371149877307477,20.04001994932259,50.77402626909521,6.671435322199327,601.4913860201918,556.9472310424045,1,0
Granite-Gneiss,Fractured,Built Area,72.22971491207025,959.1884621490467,757.8418374551541,1575.867711589554,113.19780705104147,6,32,0.6702623932271695,3,503.465597262747,1.1478039778892537,13.534713599878588,1937.1278596640725,20.025587586362285,13.47452340846484,6.5510641778974446,139.98552233387397,20.409062099626187,29.53439140834281,2.346585811464957,24.929235796896272,47.140826407733385,7.24064242636023,627.341757826232,588.8371199819386,5,0
Granite-Gneiss,Fractured,Built Area,73.78336553739003,744.0345309138504,593.6911651101392,1579.3958034725417,94.1283997031249,4,24,0.7369256346654088,1,403.4010798680466,5.471859675756736,12.181146002056508,1443.6336181137447,18.362717374458896,9.635544271829648,8.727173102629248,134.84199632726276,20.269755757019755,24.01071034326258,2.223674689362944,29.35722194203862,39.54959131431352,6.962820982866478,594.6768137165387,548.6162751689067,8,0
Granite-Gneiss,Fractured,Built Area,84.31980963891225,753.1697071769665,732.2287249121271,1448.3745567095802,88.697324434599,7,21,0.6835846159139038,2,599.8241492856979,7.541948300618755,13.871583780036287,2468.686633172516,18.701201767088023,13.889457820469623,4.8117439466183995,127.58835885717626,23.55088511051402,27.948371933281674,2.1757326577308636,17.473627804849407,46.55413106808271,7.946378596858147,535.5905947297828,482.26750507956933,6,0
Granite-Gneiss,Fractured,Trees,13.528427365409266,982.2181746210006,576.5902954824022,1380.996855427466,106.48920147049762,3,22,0.625310876500158,3,400.7332502884651,3.6528684303857863,7.178290377499043,2651.100939952023,20.080895155498258,12.382450088600192,7.698445066898065,144.91527661594495,16.98809769523032,19.144780859277663,1.7900324179577782,20.221185933984387,44.40939057102617,7.320158980359679,542.3300131362114,527.1235559885386,5,0
Granite-Gneiss,Fractured,Built Area,72.06211007472604,974.0578847851164,628.4130217996147,1519.0761106354416,79.99428084899331,5,23,0.678562336158167,3,408.4439225036613,2.8094549727329072,11.088916259999623,1914.814233359564,20.211901730475233,13.280481562779558,6.931420167695675,129.70628628631917,15.461341193991275,25.035475075093853,2.745656386844356,23.757569061580107,35.83912624909056,7.294146768222339,607.8917395042666,683.5011818763899,11,1
Granite-Gneiss,Fractured,Crops,13.133790204960615,997.8106868529817,768.439731819637,1309.6331838092024,60.48765786023383,5,26,0.7493097392492178,2,568.1970076431553,3.5235026743208584,8.254172864386243,894.8012959456555,17.22719676756894,11.143576319670133,6.083620447898808,132.66451132119096,20.66383340144791,23.543147653699425,2.484064693188201,17.146500397943683,50.14898260281326,7.790916002672154,578.806026418785,589.9277344692845,7,0
Granite-Gneiss,Fractured,Built Area,73.1451351199936,752.395522398971,564.8970640482239,1300.0767187271758,96.31254222551401,6,37,0.6734197314900068,1,501.05093240875914,7.540402419120799,11.778614325467021,2459.4454560419417,17.210546419109278,13.26432502856405,3.9462213905452277,143.80558390547432,17.710984338960333,24.03361729138082,3.2088882859667174,18.60403692220444,36.53581376591313,7.278517674502269,605.7764684534188,590.0137175554898,10,0
Granite-Gneiss,Fractured,Bare Ground,5.227039225671666,975.8145640975397,504.93064898519276,1453.0342655082538,58.09767047859305,6,38,0.6842608710280222,3,448.7298997300379,6.7917551635056865,10.36152840186768,741.7572254355682,18.979003472436354,11.495076532730378,7.483926939705976,132.76714327050007,19.001058456745195,21.001058456745195,2.1142263036557463,17.640273920154726,51.79949587214249,7.402292825971278,642.609546584714,620.5615711081093,3,0
Granite-Gneiss,Fractured,Trees,14.436051269163677,725.7040910825768,547.4486982077049,1229.1465733991329,85.07983018683632,3,22,0.7892366672141737,1,404.0610509515451,2.987507314733616,6.633855886577638,1510.9987735123195,19.365477225024584,13.015796541331992,6.349680683692592,155.19068743555772,17.343381335666088,26.98079974011102,2.495528019276224,30.30588255776771,53.833480079143996,6.982661092764213,653.2411009800892,647.4707155920961,12,0
Granite-Gneiss,Fractured,Trees,7.023122341065086,746.233536048037,615.0509214050456,1249.2623364570816,99.24655360165016,9,27,0.7444617322998089,1,419.6605629449726,6.996585098797441,9.980734546722811,2053.282388784618,21.75953226100208,10.542950856683209,11.21658140431887,131.68558426447126,13.796251296346405,21.053605746584754,2.1369869808441333,28.94388249807911,40.82563891554406,6.603118875143714,546.4760149151793,519.6823277202517,5,0
Granite-Gneiss,Fractured,Built Area,79.33435492113604,791.430628312713,604.4972749988308,1510.23109317024,53.90051584510432,5,32,0.6428610932462944,1,427.11668317673855,4.229673476016098,10.50496431154438,2383.162511492405,20.275815122582618,8.702550881815919,11.573264240766699,136.14910993113628,22.373728347004754,25.348886706389518,3.125531552563895,25.504918280447818,40.341753522726094,6.998899038115499,599.6312251377503,607.3251480865118,9,0
Granite-Gneiss,Fractured,Built Area,73.44143834897935,777.5774407475803,754.4691580647873,1348.6566190045398,84.91882755204048,5,27,0.6108764469407112,3,555.0031707573436,3.7456129881069984,9.560251984425953,1383.1886485014147,18.21106328482531,12.328343229723925,5.882720055101386,121.21669367424622,21.301079828140175,23.301079828140175,1.7861180532667678,23.67908538207343,44.26090295723747,6.545434320232123,660.5774719629634,679.0191850283196,8,0
Granite-Gneiss,Fractured,Trees,16.800324152348033,760.1752068023492,630.4901055763723,1545.1842014383628,85.6097671746752,3,23,0.692014649120585,1,407.317249401444,1.767526322420852,12.706839426515934,1419.975032649777,21.701311036753882,13.757683882271742,7.94362715448214,133.2680901468246,14.493587028753204,24.23886660375539,2.3215330874189104,25.490727155365782,35.11721599155677,7.597607236176685,580.8583693608095,632.2121273042412,7,0
Granite-Gneiss,Fractured,Built Area,73.42450019163394,971.3774446673003,704.652870896625,1526.5385445383445,54.65301165183208,3,30,0.671907611461757,3,528.7066434995332,2.363067506040923,8.090742937292317,1429.766519515866,18.199340513609197,12.037913829397567,6.16142668421163,113.30384094011251,18.534785946322803,20.534785946322803,1.9941479531114135,31.112157650117386,39.27914385238958,6.797079381821441,562.9767463209483,532.2446121459269,11,0
Granite-Gneiss,Fractured,Rangeland,11.308475515193575,900.206984160134,799.8265487803192,1523.248586522569,89.55547255845639,3,24,0.7755262860194556,3,416.4322429521958,1.6279461584312722,6.831020280814165,2417.0051984184106,22.252093737466843,12.152043466337515,10.100050271129328,148.43226115470782,19.326900745556813,25.906645367415265,2.0345852285579955,18.986634836135906,48.422979727489746,7.854895809223102,563.4643850509319,619.1040128972143,6,0
Granite-Gneiss,Fractured,Trees,11.398330174485604,787.7305104895759,741.7366382435179,1450.7459163190615,92.47152836687357,8,31,0.751882940540315,2,509.8616850092575,4.26460272495141,13.360425481551982,487.59233933071937,20.39177863256052,11.438739834876792,8.953038797683728,135.64351833523676,13.533571556999682,15.533571556999682,2.732469461351104,23.688484767511955,43.58222257355467,7.357917139664951,584.2731002456987,628.2298011016969,12,0
Granite-Gneiss,Fractured,Bare Ground,11.621086940630104,759.7740367927768,596.4009302387628,1581.9506839148664,101.01833601274005,8,36,0.627000666954587,3,401.47536593257735,0.08610444196438305,12.78990149394207,2044.9737076068993,20.1214587957804,10.736334457082906,9.385124338697493,140.69155769478337,11.010153512719713,24.22363548555304,2.267317655474703,20.579063545875403,43.44047585381658,7.963579245442543,617.9419736211184,607.3746742775533,9,0
Granite-Gneiss,Fractured,Trees,5.989111365947997,897.236489180549,686.9499101773972,1528.8665443124482,126.07977612682805,6,32,0.6898216624383094,2,478.27978398152834,1.149901149517885,6.870651081808098,1425.0674388265652,20.82724263726063,11.573540437318645,9.253702199941984,132.37189798614287,16.74950634623989,18.74950634623989,2.7809941743141646,29.862852116369844,36.5950556044399,7.990135723014533,600.4074172471466,574.3624429311398,10,0
Granite-Gneiss,Fractured,Crops,15.436803615944442,820.9738872433934,662.6929760923471,1450.8652964721114,59.58882504688129,6,21,0.7624974563895982,3,541.1137789418718,2.7032605445055378,11.285885684031548,853.2009491504855,21.53229992493985,10.712219643899813,10.820080281040036,131.09117623285692,24.69285350513565,27.578032395107797,2.0627249590634467,18.880197859804145,40.58750196044198,7.807139273578356,525.25563505811,535.7372798805314,2,1
Granite-Gneiss,Fractured,Trees,6.602432932856052,729.9166769342895,566.6715640947036,1212.4742978576733,44.89234065900771,7,23,0.6533687686363687,2,455.9634000962908,5.041296800428164,12.0995050174778,2027.0614304046144,21.909866309981798,13.009574409959244,8.900291900022554,138.37437726618361,18.727938336494084,20.727938336494084,2.3187912898056178,34.443669554860335,46.81084730717112,7.667872329621049,516.3821643950107,535.3175266477416,5,0
Granite-Gneiss,Fractured,Rangeland,10.678211929031733,713.9800278049735,662.970546970343,1510.8321613782869,62.06286024091135,3,27,0.6370976345452194,1,599.3098168440849,0.9533035031608081,10.299831040952116,2352.6597920898926,22.724336898080526,13.58527902427879,9.139057873801736,128.80155250327437,12.770985553703012,27.01437842793117,2.483013615374116,30.334140258370347,43.41040616689894,7.699235478938558,728.6569094538761,738.5262644943876,2,1
Granite-Gneiss,Fractured,Bare Ground,6.251291073972418,859.3711409174786,737.816998744587,1317.1162101212299,81.2181084876982,8,31,0.697853701542555,2,407.67554505316076,1.9911129867237838,6.7349525927731735,2084.2051599409683,20.48470156584306,12.214425942188576,8.270275623654484,134.40492516350992,13.369290097540082,30.01248636215039,3.023355187119818,20.909050655513255,43.10578047390612,6.593541574293011,610.1646423125246,573.4997318008643,10,1
Granite-Gneiss,Fractured,Crops,11.896986405077925,761.0926514599514,685.7986513059009,1505.6531894792456,97.12085249550992,3,34,0.68603294696033,3,421.0813146040892,5.180122995227077,9.568852527275483,102.38284559769511,20.498266028565624,11.253707900449873,9.24455812811575,133.9484260406628,16.177636488888556,29.163994386011666,2.725167949867167,29.141731406260575,42.29563527997783,7.648012833202856,593.5700382753741,634.6687178795117,4,1
Granite-Gneiss,Fractured,Trees,13.308644148472625,702.0334362242294,628.2892516715619,1311.8993664084048,56.24390979565364,4,30,0.60451761099954,3,505.2133807388367,2.411465523654413,12.393435666280352,2537.652260429053,23.0930919094305,9.754440115893491,13.338651793537007,134.69548119556774,16.85800773176928,19.55316592042408,2.6937076436646445,25.67073114434356,43.39960897453615,7.215339637050711,563.5759874448238,531.4330032768586,6,1
Granite-Gneiss,Fractured,Bare Ground,11.064476054010168,711.0815250908179,537.2000106063389,1311.284722744227,51.35512966574826,8,22,0.6982215419430744,1,519.6236607512815,6.165199291039434,6.6945110062609645,2139.4183053435936,21.11135903499246,12.1629757373575,8.94838329763496,136.03231994978705,17.906921023279406,23.971431097735767,2.774429454031555,24.48012252426687,38.238642751639794,7.025850642235687,566.1117721757764,544.3524540175375,2,1
Granite-Gneiss,Fractured,Built Area,80.32646788575154,762.3459241212846,702.2153003919844,1390.9019362853664,92.2250169788401,9,29,0.660412831132033,1,566.9467961147934,2.2704061488959093,6.277566973499523,1477.3858650373386,18.002309533206027,13.673730358932287,4.32857917427374,134.2236254938723,15.401419303367183,22.124350177314195,2.826512723463663,18.861328836876083,43.114739919190534,7.051369299272112,698.2353722379839,667.5656621793001,1,0
Granite-Gneiss,Fractured,Trees,18.27922656482867,836.321701369003,708.4100827606068,1427.5728111503777,76.05321786107844,4,35,0.6005865833702425,2,424.4615929199665,4.355320774757677,7.732275325403758,2154.2434065458083,23.293410823811694,16.501813040962066,6.791597782849628,161.02505044666714,8.976082433033872,12.145906759542934,1.4276401916356753,33.39474276276399,48.799473059959,7.39769680183904,847.5465470471158,826.4274088249592,7,0
Granite-Gneiss,Fractured,Crops,6.104906592577777,768.1805983609812,753.5440483585189,1314.9455853974953,57.15679239010409,8,39,0.6281933540773113,3,476.01795495353554,6.16793402948704,12.40875122023428,2325.665165225748,26.663574154019376,15.907581249794877,10.755992904224499,144.13839697043335,12.82566159103187,18.23157567691804,1.8470459148935052,26.90119669703067,46.93583781041371,7.17206778389109,886.9835695019067,922.3700544391977,4,1
Granite-Gneiss,Fractured,Built Area,86.25298699929257,723.3176950159767,644.3516397537092,1467.838935186888,85.05719051259085,9,22,0.7138474920109408,1,589.6315895854415,7.0527798146943494,12.832693504941734,906.1273011197056,19.435298234768887,15.449222255421068,3.9860759793478184,142.75651489491463,13.972170080879948,15.972170080879948,1.823314243662447,32.19608400085228,47.03373068115287,7.399798620902065,763.4553550314123,791.0460544428968,4,0
Granite-Gneiss,Fractured,Trees,18.74776044298845,828.821388499726,583.9659281842478,1431.4730829072234,65.40852009879269,4,32,0.7389590686897218,2,409.5231347463061,1.004979606952479,13.87760401343611,1016.8142670153794,23.37762416514052,13.519044900592446,9.858579264548075,151.37376130805947,14.159370941452607,17.111767399673937,1.838512216437248,22.305141875166846,40.78429787224151,7.1870212283726165,833.8741707740351,797.2539155406048,4,0
Granite-Gneiss,Fractured,Crops,23.1282520021083,847.0628086656741,679.6531267736733,1510.759528696318,73.37542727585573,4,38,0.6738627874718617,3,579.0651289066649,5.4499763857518895,12.95713453190687,2913.4967395715885,23.076745321969554,14.08679829770538,8.989947024264174,145.77231383259263,11.78687880094183,13.78687880094183,1.7393433149213136,28.832927452789423,47.84165838579518,7.368746902584645,882.2300394841835,863.3346497618037,7,0
Granite-Gneiss,Fractured,Water,0.0,800.6917216499346,669.7235393970134,1343.2127214398345,54.52916032060747,5,27,0.7268651945319311,2,402.8664374117421,7.163547339250103,7.244435425529322,1415.5352088341415,21.864044725288544,13.289153822398019,8.574890902890525,145.57356269892105,13.200870768176696,15.200870768176696,1.4457344822381983,28.750276151524158,54.666949153816645,7.334836251125566,863.8192206284787,832.4747229820117,5,0
Granite-Gneiss,Fractured,Built Area,83.58878069770759,881.0264568880967,713.5453380187043,1412.2564320221452,55.9485803535232,7,30,0.7193636747031635,1,470.5591006042026,5.5500654396423865,11.922723745571815,2875.1346032840115,22.46003511567045,16.46058593793396,5.999449177736491,156.3633904546384,13.776508407898026,15.776508407898026,2.0620807915315917,18.697202226161394,49.140027583811914,7.7114729026563955,848.5036745295641,878.2867596537983,12,0
Granite-Gneiss,Fractured,Built Area,76.66421062652255,868.4326003876188,504.2566510819109,1213.250531398404,101.49319799019929,7,36,0.736829170729965,2,446.3977653739779,7.582588488776736,11.8424250780657,2857.343114356621,24.824583475108533,16.736925601427274,8.087657873681259,166.36834908973745,12.304369172326144,20.80303950992804,1.9318160863905576,33.384867025823624,52.61776559596098,7.38539916629699,921.4859601037261,907.4998902678835,6,0
Granite-Gneiss,Fractured,Built Area,72.74534840353452,895.1741660555039,722.0825029017784,1248.0670943219066,125.90990309619616,5,27,0.6852456647903957,2,473.4853900623408,5.193218842526445,8.358733023983529,1969.8393325820332,23.08343165991222,17.067159163454733,6.016272496457486,156.91957089142156,14.373495219571272,18.11144854978287,2.0491118572228646,21.342003737768152,35.53254299168611,6.754274847405987,852.5665642039688,858.2735121312851,9,0
Granite-Gneiss,Fractured,Trees,19.479675840989472,855.0760729426686,666.9692281897303,1387.1749351575215,100.4266514632675,6,32,0.7461767155567086,1,507.387090617486,7.890107736908011,13.948753469855593,1581.6068659264192,24.29509040360097,16.45158819993538,7.84350220366559,152.25430269723978,15.485818431168674,17.485818431168674,2.2784477772569947,27.804555428917737,46.92413429565826,7.919559479277153,864.7499087909782,845.1728792755363,3,0
Granite-Gneiss,Fractured,Built Area,75.44276707725322,912.4220300498165,654.88182143721,1516.137531577256,131.9891822617949,8,39,0.7611616441868078,2,510.4567591289873,7.885210799204481,11.129482481281771,1473.0320468064556,18.250747109692036,15.465071528541904,2.785675581150132,152.7731277911905,15.26790487139378,17.26790487139378,0.1,33.59577326060398,52.748708379920664,6.893977282244764,921.7259786325648,912.6473758332994,1,1
Granite-Gneiss,Fractured,Crops,20.696038016179834,790.9512947318354,607.3490297118171,1296.0757555504163,108.23117062112075,8,26,0.7814631871480393,2,593.5852621510356,5.817071060138446,11.729062875869197,2341.3937299078425,25.998130804590257,15.390743282490675,10.607387522099582,144.8003183569931,10.834420335509135,12.834420335509135,1.418995755415135,16.760588950116695,53.81046537027821,6.934534476266878,813.8814646655637,848.6943632412524,9,0
Granite-Gneiss,Fractured,Built Area,93.98909476028973,772.7216554505651,714.4970359259559,1587.9463283082023,95.44274222678331,6,30,0.6819318400104296,3,459.83830958390877,6.687007578126848,9.540624952327843,373.93237189385843,24.900466933575274,16.510899192952518,8.389567740622756,139.47459482584372,12.353005358125852,14.353005358125852,1.7379538719007783,30.29141425725054,41.74378922420451,7.877380506565988,841.7194039478456,833.1912103497187,8,0
Granite-Gneiss,Fractured,Trees,15.45887719409713,810.5102963566807,502.46881232799143,1510.6076360880365,88.63231030076861,7,26,0.649527453538185,1,517.4236750053692,7.0601962945029335,8.446282067313616,521.8550102420968,25.60052054824943,16.764027070299747,8.836493477949684,150.0695818762088,5.890950790445005,14.129599660320743,0.9575662352806239,22.994026211695257,41.08705725108534,7.131320096881424,729.1952231397586,744.9984334829064,4,0
Granite-Gneiss,Fractured,Built Area,93.94677456850988,816.3421507134194,686.7108944763406,1320.791330024535,102.23340523416766,4,20,0.6685513159889271,3,557.8953918708319,7.290580130016824,9.223264995240221,647.263788770913,22.776886243531315,16.734470361469498,6.0424158820618175,154.01708289032752,11.579938033831183,13.579938033831183,1.805471017470687,27.54822310549003,42.55608935067565,7.5331075299366645,844.0945827191907,831.221714809627,4,0
Granite-Gneiss,Fractured,Bare Ground,9.933533082293827,727.2934256530988,558.4187757238774,1333.168026647051,67.00596389001728,4,23,0.7129688486171694,3,589.2228062525862,3.5336151116569967,8.952968675703925,243.15342532665622,23.73694298535449,17.219968775618362,6.5169742097361265,164.11138676493746,5.0,7.0,2.483461873793334,28.61831751801676,49.61948176475334,7.489057396229988,827.065114256766,847.6089177804838,1,0
Granite-Gneiss,Fractured,Bare Ground,14.71328158061265,961.6175423610489,641.9382559650868,1250.6926853033929,52.34402043328129,9,38,0.7402090426306324,3,544.0217130172609,0.8561565683211265,10.002466663494895,2205.197592392874,23.551838235126024,18.59599165137513,4.955846583750894,155.37323227263724,9.50827237686391,11.50827237686391,1.7841367970006656,22.181108551189823,39.39286193616158,6.8048632697152165,826.6702843332062,864.0498706547467,6,1
Granite-Gneiss,Fractured,Built Area,83.45837002169819,711.991595226142,549.0030123221891,1595.2160477198297,90.8700802265468,3,20,0.7059118083626615,3,579.4182878432581,5.923654328502341,6.6673778040688925,1214.3896303657114,24.82271905816352,14.02532678156908,10.797392276594442,130.34439528673863,9.046100961942683,18.613183007606807,0.6873214201806576,30.741341229337547,50.20952109755943,7.623739791516183,826.9590274988589,863.3696089043503,9,1
Granite-Gneiss,Fractured,Bare Ground,10.406852245803794,754.4637213672648,725.1957232955311,1588.6139699355904,39.5371235986376,4,21,0.6139286976349804,2,437.95835460679194,5.02020601508144,11.082289567535385,807.7193818356591,24.514369434215194,17.943150696340624,6.57121873787457,146.47628506556183,10.180552293636985,21.34732184603611,1.5265073835680074,22.87540113823638,44.49172391800733,7.794871499076408,780.0791349556005,815.0911529965554,4,0
Granite-Gneiss,Fractured,Crops,12.735858720523288,892.6830618190918,574.4069041651954,1525.1426825177705,122.96707006642306,4,26,0.7025320565797479,3,478.29812038972165,6.485913404452022,10.005781859352448,1888.7728697364787,27.03673741831074,15.076115771743426,11.960621646567313,165.48123105473897,9.97307175974719,19.495267994719327,2.1897756016896146,25.770253096637497,36.525694326380304,7.047508388150987,945.899644996867,982.6170779222226,8,0
Granite-Gneiss,Fractured,Built Area,81.37800754886527,747.0303109565134,681.5758458135874,1576.7787882040468,97.38594700373726,6,22,0.6459069180934425,2,541.2658963709713,2.5809191686666413,13.571677538564252,1395.7458756105382,23.53262196639685,18.312712830704555,5.219909135692294,134.19966977018566,10.341075953855848,12.341075953855848,0.8660778336674909,26.58714741912123,39.199031761024415,7.999113537504297,825.7469110542908,808.3612971483042,4,0
Granite-Gneiss,Fractured,Bare Ground,10.592927646504055,851.7268432328308,719.1653704960297,1424.2954914052855,107.62593341941744,7,36,0.6696485498731777,2,403.0168802149252,2.7328587973237273,6.388372306227122,290.8175338062675,23.114292297081427,16.025831308562086,7.088460988519341,131.86766547080677,12.655360604388243,14.655360604388243,1.5225823406049215,24.877114284507677,50.829099882776845,6.704412089660061,804.7144682908066,758.9275572758943,2,0
Granite-Gneiss,Fractured,Built Area,94.6466131602891,981.9871459712004,505.21980918342376,1530.8167015674594,109.6965477289998,5,39,0.7114828933616912,2,536.0958985200565,0.17768663001270202,9.12763501987509,1394.0180473811222,25.90723692184919,13.77976881182127,12.12746811002792,159.14416921061272,6.867681470898496,19.670546073839013,1.9084546207226833,27.8470867310857,50.15242276925261,7.340427272301896,849.7273022287192,825.4453470986402,8,0
Granite-Gneiss,Fractured,Built Area,82.23835271475137,841.4320973853085,749.91702470818,1361.4622293300663,60.255520486454515,6,22,0.666873654253794,2,598.7142283200304,6.254209867695363,8.337156529827045,2389.211132183195,25.63289856340175,15.254945587644896,10.377952975756854,146.51299363001021,10.830078651840342,14.617800778277777,1.6729963606861784,25.76970599560017,46.1149124045603,7.215010076948094,842.0452530713231,899.3599624884434,6,0
Granite-Gneiss,Fractured,Built Area,78.01835906673351,793.6263190888709,693.1469590862122,1259.629584701925,63.53765186539762,8,30,0.6768781601226627,2,581.6979669524201,7.103383955964836,9.396523794661963,942.725845536872,21.482139818144404,13.646166732641792,7.835973085502612,160.90501068767594,10.376497129055545,12.376497129055545,1.4236629395284832,16.854603841604423,39.34357439059879,7.905713221674899,852.6585317279942,886.9298629643678,11,0
Granite-Gneiss,Fractured,Bare Ground,9.570037033233797,895.7710416162388,657.8624221435409,1509.473798930529,97.96681300264392,6,24,0.619175867421628,2,473.7317319243879,3.1751448666134703,6.131870075155488,354.7094958421173,23.24063461821174,14.966276158034498,8.274358460177242,163.536208892076,12.790714422482697,14.790714422482697,1.896875812860186,33.50585331455185,38.53283232391776,7.292783320986965,782.7186101485014,712.400400752031,11,0
Granite-Gneiss,Fractured,Bare Ground,10.765591803012134,709.750158844767,684.2814901596194,1459.110435027105,55.24731488162973,7,35,0.7660834341967122,1,551.3778817217051,2.0089931877807077,7.917379767429728,2285.6036767771852,24.84716020956354,18.556212660933834,6.290947548629706,144.15301517878734,11.27210846184165,13.27210846184165,1.5197087568906231,20.203813558028664,50.00798651742314,7.385436874690525,907.1544726885668,908.5134671978237,2,0
Granite-Gneiss,Fractured,Built Area,74.87370477600041,760.3134143099086,666.6729504129669,1575.2134143394678,53.42608290805246,7,39,0.6519638869123136,1,588.1073307430302,1.2690050865824132,12.144547979564019,2911.4764615421304,27.04632912544601,18.21027714049486,8.836051984951151,146.8384593973635,10.102053096902358,12.102053096902358,0.8832727117719607,20.195881018925036,50.92461406755754,7.2762067643172434,815.0453302243916,820.295325126164,12,0
Granite-Gneiss,Fractured,Crops,16.87498549756164,850.6604445459964,687.7842819490073,1364.8689403513467,82.73581825258611,7,22,0.6428301821971905,3,525.6035156741985,2.903470822408587,11.517219163862134,2437.9839831974173,23.753914931568985,13.517419541802798,10.236495389766187,151.03063892479375,13.291756465874249,18.228644366634448,1.2296072682697385,34.544464635011664,50.59819362690655,7.52569803631038,942.4625230597499,989.2330556772998,12,0
Granite-Gneiss,Fractured,Built Area,94.06418513480132,941.2099832058557,698.0847991074969,1400.7377002995722,123.77671902426422,8,28,0.6802964138044274,2,412.8517086359806,4.780943517134008,10.488206467095779,2050.6945368866336,23.819602059080736,16.757266170118314,7.062335888962423,140.34720858266536,11.870598491578269,15.197940708372386,2.0895271753024507,16.398465092714886,52.85467103664665,7.126702881873144,805.2876526844922,865.205122343187,11,0
Granite-Gneiss,Fractured,Bare Ground,8.830157109823489,750.1818756035564,681.1235199554258,1301.1773545954027,46.64191814439531,6,29,0.6743512686786868,2,505.6778711930782,1.4219268237703835,11.437073200136876,2043.2680168806944,24.66260000112502,16.897357813919324,7.765242187205697,140.63193633585897,10.227155862443329,17.13828352651652,0.8084845818487617,30.33374615071659,37.70347772034258,6.864796615578365,831.8859171731954,857.8437506231382,8,0
Granite-Gneiss,Fractured,Built Area,88.80589156197067,795.1238260386274,767.9868325734163,1460.5951598222134,95.88962424436457,3,23,0.746641007157978,1,591.8237089215111,3.6304690207453367,11.571046028940666,2178.9874968313807,23.575770511861975,14.83236173174665,8.743408780115326,152.55409145619274,10.186090715356443,17.85477216581964,0.9857752632761776,30.364130056167955,53.02670856402763,7.045563981375066,852.3675624580468,881.0354081083117,12,0
Granite-Gneiss,Fractured,Trees,7.963011947001135,719.0714907490238,522.915459363759,1294.80251450342,49.80092982928887,4,29,0.6298222946141974,2,570.3795648471524,1.883597906017143,9.49262573530903,2392.710757259702,22.749910308432924,17.129237473248896,5.620672835184028,141.70645606233265,9.087847208599408,11.087847208599408,1.1151996027491837,33.25115895866266,43.35157381307131,6.883589195835377,893.6215665860785,899.5999175731033,3,1
Granite-Gneiss,Fractured,Crops,14.114693947488872,746.8778224815677,745.7723696064193,1572.0047769297366,63.98224040916431,9,34,0.6172733465589543,2,576.3914366521124,0.47410696345646386,7.897848478883826,1410.1308425666816,26.146161941756922,17.48739028211688,8.658771659640042,157.0484678601632,9.40925474304096,11.40925474304096,1.5748600475352057,23.07854340147915,42.8063204002962,7.122008952614098,848.5122679091528,784.8500672882689,2,0
Granite-Gneiss,Fractured,Built Area,76.04998343697369,931.1508196877812,596.0231032737673,1460.2638088656083,79.98319968327914,3,28,0.656235035332082,1,490.94845088768386,1.6472062316640503,8.878498462146705,1201.8272787242424,21.40001143420008,16.495142875959402,4.904868558240679,146.48146512820156,12.510967909330008,14.600998017050422,2.216722343689514,32.951018973231925,51.99568945965095,7.723014232956492,855.3567075765374,836.324621505693,10,0
Granite-Gneiss,Fractured,Trees,6.662763482256134,731.6080207843801,628.2916283320924,1284.8528722630356,102.98220347621714,8,35,0.7449816978261655,2,458.38025996423016,7.136864289323836,12.016582348173777,2023.5945919183746,22.931535534271827,13.969610171797314,8.961925362474513,148.96805272510872,7.40040647336955,9.40040647336955,2.3957576954598876,32.694874392269185,40.682264489351,6.8218648585910415,824.3622893675988,816.5551082091464,4,0
Granite-Gneiss,Fractured,Trees,23.527919598368584,910.8942080287553,600.6735989465341,1244.3213524254093,92.9256089669053,4,37,0.6701310091155683,2,425.0452855727582,5.482755173609111,11.692963229651392,97.61804291670106,24.62150136104707,14.729680561045804,9.891820800001266,138.83670552650983,7.130319576351907,15.701762838600288,1.4680285297511653,31.193254663621175,52.80435124655336,7.8390182218126565,782.0134366149607,795.3371206241699,2,0
Granite-Gneiss,Fractured,Built Area,70.41096988593057,868.7467344787146,600.1660431456282,1537.122692780769,106.35919060579248,3,30,0.7110322647419836,1,553.2174375979653,1.8303981335636514,12.659460095734039,196.6303629499466,24.092953598996367,15.887598932678221,8.205354666318145,161.08389679415615,10.577084712159435,16.95826254488853,1.481612638965223,32.02345304802278,39.50958195377651,7.975297829537651,861.4181988906231,819.7059737118362,8,0
Granite-Gneiss,Fractured,Built Area,80.71096231458007,989.573083078047,638.9592047769662,1301.3828963392002,121.83826498557582,3,34,0.6416524655911933,3,460.4086008856267,5.574695608715299,12.85627526008005,919.4473385315658,22.125860831172492,16.78558014026499,5.340280690907502,153.06581060666576,6.690927750138872,16.89242897437572,1.6429764956450776,30.850072415356937,46.06437106350453,7.047880185274092,890.5522212653317,964.114385828995,6,0
Granite-Gneiss,Fractured,Built Area,87.09945997337826,789.0025902234213,729.3063201132522,1295.5628136328162,87.42106838365241,6,25,0.6595669765921395,1,565.8449892700305,3.9422309462281397,12.284025967018872,2506.12593803958,23.07445129851416,14.53961878219994,8.53483251631422,153.6983802906025,6.069287779458293,17.811602120382023,1.644193849477405,32.02964951223585,52.495269607634924,6.567001614109879,687.703826532495,710.2428496806525,7,0
Granite-Gneiss,Fractured,Built Area,83.17159506411129,841.3462482133314,529.8399227542653,1554.762168605332,97.21353003702242,3,28,0.7669675380886265,2,506.08463454977425,2.9517994337520026,6.404979787332554,254.24308873659604,21.696649471315954,18.837076546733805,2.8595729245821495,158.99140876076825,10.477130415437525,12.477130415437525,0.6073452517517699,16.298747990351398,50.11503127142669,6.589153652354348,889.5012693109976,910.9808390530288,3,0
Granite-Gneiss,Fractured,Trees,18.37694429160078,977.0338441685606,676.9920886061382,1398.3202857357776,72.78584627725802,6,33,0.652833843019916,1,533.4217468450814,5.0192457470904035,12.542719928690584,1788.5070399224387,23.218375839386496,16.63516965554544,6.583206183841057,148.90227467862368,13.848840135196914,15.848840135196914,1.2898312975783874,17.05248491516873,36.55464246936668,6.82358102210097,843.6433169003294,887.8366772489364,1,0
Granite-Gneiss,Fractured,Built Area,80.68895366654732,844.0302981418544,769.443218910341,1229.8029552907526,64.74627102338798,4,33,0.673147142614591,3,595.5229930508328,5.910908830781724,6.8195255279522184,497.4271207966062,25.515113271238597,17.164864686495932,8.350248584742666,138.95879694555606,9.06792541277552,12.205975386919542,1.5516430478931826,34.54549634699244,37.25701664558744,6.806915089603495,923.2542437116763,914.7249175485326,1,0
Granite-Gneiss,Fractured,Built Area,91.51020342486866,747.5252268787275,664.7252661308708,1495.2319272418863,100.08644402478483,6,22,0.7300928727653551,1,520.8234904543912,0.24078565401068008,12.40219168719467,713.7253317825098,24.20155574863874,20.138117202207464,4.063438546431275,154.82022956208021,11.405901968107571,13.405901968107571,1.3333694258872342,29.027176402854565,39.20434447139711,7.1539980604390685,885.4806101706407,891.8519590673085,1,0
Granite-Gneiss,Fractured,Built Area,81.26157294015273,848.6952599406545,646.6998426193713,1405.595252816995,57.65628569590202,9,38,0.6539675326980201,2,451.0773471604146,1.2205119006797789,13.466488893899513,2302.5633956153983,25.406406694867886,16.650334238748638,8.756072456119249,154.48320441328892,8.562725975904765,17.177291155310087,1.1010690527949736,20.46433320490886,50.284478365657705,6.507178251958009,934.9159543485041,943.8405237114019,1,0
Granite-Gneiss,Fractured,Bare Ground,8.742274640723824,784.5276004180766,573.6808282846439,1291.2863985664283,78.14157836155559,3,20,0.6736413423009687,1,445.55275840233946,7.440243554272167,13.47009889181814,980.7517969026562,23.77146853999836,17.442001134619492,6.3294674053788675,146.02284303113768,11.388130426473063,13.388130426473063,1.7563398434180386,16.355528339764007,43.234728430871705,6.653398808620926,862.4338484679307,826.3077922856412,8,1
Granite-Gneiss,Fractured,Crops,13.966606041926841,960.0861207502314,614.5299747559418,1345.6357755150384,94.48549142813833,4,22,0.6577219037961607,1,511.03611413555376,6.876622664480082,7.511851992760015,293.8281250300269,21.847083809854496,15.620630191954142,6.226453617900354,163.1829397922664,13.007262013755751,15.344700722926433,1.4782118662904262,24.759277331545608,41.18495720420599,7.241925947013718,797.3068054277155,809.1909166559993,9,0
Granite-Gneiss,Fractured,Built Area,74.57353883827949,988.1786955616321,520.1790282793686,1419.142242149827,89.90550063987575,6,36,0.7830409894061979,2,420.6798598736044,5.182831880880333,13.232798798198012,2559.4612273530765,24.336449503270067,15.853224062936055,8.483225440334012,163.24336837551405,11.402212125709195,17.597020160800845,1.5323247284704968,25.615898198777533,53.6774530358657,6.764079537746207,803.8191050651577,817.5366560998676,6,0
Granite-Gneiss,Fractured,Built Area,81.53888236043312,958.973870818592,509.5726024270506,1479.3356831695223,120.04590981496582,7,23,0.7890065824418755,3,492.3943136674814,4.354044171375912,6.512100277147159,394.93429798258563,24.15540315403702,15.515146103050503,8.640257050986518,146.51499610084548,14.924154357768018,16.924154357768018,1.0762315469018071,20.196860666283804,35.16750088026012,7.198961105535052,801.7141005655112,794.4806521217434,2,0
Granite-Gneiss,Fractured,Built Area,87.85468958914369,894.1819446583423,752.0289944364331,1220.694255503874,126.9008542071656,5,26,0.7662638067208345,3,539.6047426595755,7.651245201367786,10.196378323847712,2317.5450578851096,23.417840945745105,13.45144067511128,9.966400270633825,154.0328362626552,14.09248970689309,16.09248970689309,1.266758598573807,34.961192157992414,48.95992019785267,6.929193955720762,857.820115075842,890.1161684242708,10,0
Granite-Gneiss,Fractured,Built Area,94.11942067988666,875.7805570987706,687.4328487633777,1377.0992147840407,75.39396127474363,7,32,0.7925692542471392,1,411.6946755887099,4.263660929047635,13.430401210850873,2381.1117064425525,24.63910404691802,11.944898926859494,12.694205120058527,163.72263628576994,14.690538111365449,16.69053811136545,1.5969262578194303,19.228795397346545,42.94870918524774,7.4971803809936475,759.3118979599783,728.8555230501555,8,0
Granite-Gneiss,Fractured,Trees,23.965645274957637,977.2209774191444,545.7649114482848,1553.0716759833997,67.49505757869844,5,21,0.7237235117417838,1,412.513371863706,0.057774368851278624,11.838401163565178,451.5040739025655,20.851264318109966,14.521137809790716,6.33012650831925,155.01984219302966,5.671394476013322,14.039194016561886,1.7645357745051886,33.5308050336142,52.330633276103455,7.93933983558681,775.2490215332895,780.1382930298994,2,0
Granite-Gneiss,Fractured,Built Area,94.4251126050583,865.2907449139523,799.8470809444609,1474.0089229350913,65.02081245876892,4,34,0.6453146086548428,3,571.9140675236172,1.1908787083861716,11.086590014437572,927.116332889783,21.773088330261636,15.340150844698469,6.432937485563167,163.34375172219148,8.193510362776156,17.272685224061632,2.3433748132522965,30.586674750588372,43.7954152133613,7.109261407406179,775.0240579419066,847.1430681239165,8,0
Granite-Gneiss,Fractured,Water,0.0,872.8283697560599,595.493561432428,1514.598779252213,93.47097888177088,6,24,0.653617653884983,1,433.0787701225772,2.0396065488981767,8.353285912621166,2899.9084626737713,23.60937051381335,14.060945310824444,9.548425202988906,156.9854613246097,8.642423576591229,16.13829040824253,1.1084227895049585,17.33956796627144,49.78504853422235,7.616999518859097,745.6038972233913,769.3367068235423,12,0
Granite-Gneiss,Fractured,Trees,9.776927670210274,988.6353480885173,740.8327987687023,1461.452410589177,121.12978692465973,6,26,0.6064178539512275,1,558.8376727092995,4.161122886479801,9.665428513300578,2342.7971041899314,22.331837270193116,14.651251636383336,7.68058563380978,162.0091837801987,13.538126567945136,15.538126567945136,1.5044585372650572,22.959025019670882,37.8555383032597,6.8661514721111345,882.4731246715851,857.6339948381826,3,0
Granite-Gneiss,Fractured,Bare Ground,5.130658404305619,939.4560550953686,501.65275343830615,1499.469007098934,117.6590174871597,6,26,0.688752768758526,2,460.0714390256636,7.219306836741216,10.65305677102366,2692.245189927949,26.574307617268577,14.253514261731967,12.32079335553661,156.38848538127445,9.856666392131174,11.890863363133207,2.1403150845653154,16.346058422657496,48.00080529780093,7.054533487754681,748.4233528411609,713.6255861627833,10,0
Granite-Gneiss,Fractured,Crops,13.553839264975121,975.3723516182225,516.0893192426136,1318.8538067119607,104.06149332112608,5,37,0.6542216032316431,3,582.3886908622626,7.005701075816206,6.542644686575033,48.64574416501169,23.49599783597817,16.793464091590863,6.702533744387306,163.5557367109713,10.801162951291799,15.737844249293579,1.1075971381925267,18.94929600461003,35.910966009571325,6.657550187369031,809.1187599322714,770.5151002915019,2,0
Granite-Gneiss,Fractured,Built Area,90.7360486497788,962.799978087338,557.3390693995502,1545.1791824258605,82.11698735175678,3,31,0.6386738572360977,2,598.3929219238057,3.737943011696797,7.080620324674351,1789.5609727340354,23.766398487064485,15.266297509831158,8.500100977233327,160.95018533256956,17.01469524008045,19.01469524008045,2.356688521962941,16.542643544610854,36.75476384038153,7.446087707724073,740.2804826660849,730.8483993020535,8,0
Granite-Gneiss,Fractured,Water,0.0,802.5554494886941,573.5645810672223,1300.0155837301884,119.87530953952309,9,33,0.7043056479724905,2,474.8457618833467,1.4385776791322096,8.021552550980061,2595.8181254350043,20.669240547527863,14.862883461916581,5.806357085611282,161.50096861285897,9.3570207959377,11.3570207959377,2.0159569016751595,18.412216327265423,48.24305413463968,6.685422474141512,723.3559232590926,699.7256604918772,8,0
Granite-Gneiss,Fractured,Built Area,82.82064867143276,914.6535507798507,525.7298723043822,1556.0153800545388,93.13937707847028,4,32,0.6770619739716063,3,467.6342848063225,2.1921840759200553,10.838291968994389,889.5118421016176,18.727480148854806,14.954791573897229,3.772688574957577,136.16063024580097,15.237115839752978,17.237115839752978,1.3785817113209895,16.3663480767871,46.96769639718697,7.669653525799341,827.8889657423331,830.9192275035131,8,0
Granite-Gneiss,Fractured,Bare Ground,11.204848567568185,796.1917327439177,593.402249637227,1331.8049840166734,98.58139592381845,7,32,0.7059498608159311,3,512.1277336213396,1.1395561731060448,9.464688623833968,118.41336832655244,25.843376851201693,12.6166017252268,13.226775125974893,159.96422167589404,11.242301550077578,13.242301550077578,1.667737534162758,19.47652497322391,49.726628056062694,6.967548267516532,786.3426259327814,802.9376332911406,9,0
Granite-Gneiss,Fractured,Built Area,92.9780351830193,956.3630961623692,590.6418304672417,1468.4319955530982,58.642497267000714,5,37,0.7603798074215595,1,442.3663716779087,4.795788996717796,13.680499628711647,2414.7911742823862,23.922655867312155,14.439458254857614,9.483197612454541,170.38587730986222,11.6774233880502,13.6774233880502,1.206983150031373,31.159709077341343,36.81848469591788,6.691948778157037,804.0686095897495,776.8512764965485,3,0
Granite-Gneiss,Fractured,Crops,15.820242222413714,763.1710987012672,642.2437764709313,1598.0037721848037,74.89891805830793,7,36,0.7744256642490652,3,527.0179386493343,4.2461799619026985,10.191574665369442,2371.8874593623846,21.618419108605956,15.480765665711965,6.13765344289399,150.09774065243943,12.46014946449564,14.46014946449564,1.0616413629726673,33.58606022655269,48.78303609838464,7.218999081055991,754.1004286199934,715.5240604473921,5,0
Granite-Gneiss,Fractured,Crops,7.498958068852892,964.9401675441873,727.4528747591951,1296.5257413849756,55.28553538494509,5,27,0.7944264939169259,2,444.74812874463345,5.084279369024136,9.67536597633216,145.19627032966244,24.98135586753004,14.265449422384537,10.715906445145505,165.04340643822897,14.422909915026896,16.422909915026896,1.1444261901624502,27.065637096914173,36.539574182647584,7.354270801827657,877.9279524379652,884.7792523023049,6,0
Granite-Gneiss,Fractured,Rangeland,12.260750972837698,746.6475180860369,744.1827387865792,1254.0326492296094,84.06891142815431,5,27,0.6667239952015055,2,419.22985587710275,7.6828333464098,6.719708032180906,2121.8209660061984,21.62447818082098,13.83676591574177,7.787712265079209,176.27082001780383,12.816744788222858,14.816744788222858,1.678266460202854,34.61593648440153,50.838760911377996,6.729587210191518,921.0113281455136,868.4634633271035,4,0
Granite-Gneiss,Fractured,Bare Ground,11.105524611750791,811.318633964198,616.834845855641,1305.0838859495682,55.46283521966252,6,20,0.7511246689868507,1,418.99925146792407,0.8885953002140692,8.025874055362273,1043.9542176558746,21.45915528226975,14.679882248765395,6.7792730335043565,172.36996212261693,13.3302354210972,15.3302354210972,1.27689196647101,15.51701384250023,37.771568402677595,7.526111235935204,774.8959748375727,764.5882386356194,4,1
Granite-Gneiss,Fractured,Crops,6.884744306223876,723.7345861858469,528.2046785488197,1343.33530882779,63.6568691383475,4,21,0.7465307447153842,2,436.7654891277036,0.9550503986553442,8.506162993116941,2750.1386934711186,25.433484194955465,16.408673606810154,9.02481058814531,173.98066801084892,9.99256788638005,14.341646191307438,1.4514222446067298,29.287466051910215,44.030598079290364,6.824603614751828,873.9970187155036,900.659096144042,3,0
Granite-Gneiss,Fractured,Crops,8.107317537986905,746.0560964636236,561.8305365625284,1455.7006633150604,74.82801081477663,8,30,0.730831008501232,3,563.8857129869684,1.2501213731317238,13.960011325957645,2974.9556105551105,26.78160463334548,17.02472368291714,9.75688095042834,160.84711174049426,13.230934528644223,16.27931228157818,1.6363029985343456,33.2173955974639,50.57189393151582,7.5433899694724875,892.5499976302659,926.4576665306688,6,0
Granite-Gneiss,Fractured,Bare Ground,9.922393716988605,853.2067644970684,637.1664769107497,1537.5259470564092,47.66108403699917,8,27,0.6653845298503015,2,503.3740753634654,3.0732082467397106,6.159343624983113,1818.2784712421321,24.349235023650387,14.155934485606647,10.19330053804374,141.2719245037768,12.160615241196682,14.160615241196682,1.2041132149732108,27.34397811667393,47.61456054498909,6.824009942235049,785.7777564455763,798.1972825023407,5,0
Granite-Gneiss,Fractured,Crops,9.517075080836328,966.6328650384357,672.1405731587354,1298.8881450394247,73.8287620734596,9,37,0.7146082048767807,1,558.3651184572345,1.4326308099037472,7.586548110882354,2469.7645232163745,20.93540489905731,14.961123613091337,5.974281285965974,150.5764705099117,10.217181848217447,12.499998212167728,1.0920219984274477,34.560384231083674,47.88728628917667,7.110738757688122,808.8352775432621,815.2476037172712,9,0
Granite-Gneiss,Fractured,Trees,20.217084963697594,706.6687937652387,671.0688683555641,1410.8067427841927,65.28046539989275,3,39,0.6575385179478402,3,482.7405739795959,2.3734978300112486,11.478979729693748,2246.8879703297953,23.63332228082801,13.989890191113458,9.643432089714553,155.61695125970527,12.81980942994092,14.81980942994092,1.7681561919926017,24.54059141451883,51.70795062762255,7.817154246106275,745.8805402958236,737.4898266835177,7,0
Granite-Gneiss,Fractured,Built Area,84.52417893831024,714.9783787299792,539.9751544084212,1486.238196503427,83.5938432400894,4,26,0.7760601103237702,1,497.50494288629375,0.028944309943740087,10.132861034711347,735.829526893514,25.195592151968683,12.976379601010457,12.219212550958225,139.0560955976468,9.35137277224178,11.35137277224178,2.297634429375177,17.336153336349728,52.66784249805258,7.346051619072898,789.7569777448012,815.1290519264444,6,0
Granite-Gneiss,Fractured,Built Area,91.19380469170281,889.0191230447293,505.7224978260694,1466.9902299012638,81.45417282248829,9,29,0.7436114238090676,2,449.2451239484342,6.570137152627254,8.692786852804009,2708.8319461677156,21.319010500294137,17.86732450160813,3.4516859986860062,147.84137227455417,10.130285552555787,12.130285552555787,1.228507289162771,27.564243574307888,54.26566391452639,6.6413413976861015,914.960239435549,916.8387441846746,1,0
Granite-Gneiss,Fractured,Crops,7.792021549473254,915.0572448541917,714.2976761676025,1562.8319215384768,67.2741826935117,8,23,0.7588966569093063,3,403.28643807288734,3.656823456689251,11.066632438531528,1060.7506942402465,24.174482530361807,15.474583660489124,8.699898869872683,171.32668724057413,12.27247482298866,14.27247482298866,1.2503561064309632,26.61031627407205,42.25614418091038,7.484979691818066,886.125412752679,856.862183997942,7,0
Granite-Gneiss,Fractured,Trees,16.44509880693279,810.8815605242639,547.741293297279,1356.1368748908203,86.4157798816157,9,24,0.711323147568598,3,514.8280478669836,2.378422926925465,7.892229010159864,963.4374259989254,23.511902160517806,18.380233830462146,5.1316683300556605,154.79030335727495,10.662293207109702,16.985016505553943,2.169467805240283,15.384672853138113,48.99086793270339,7.0425628217691525,805.1740388752319,831.2366416049341,9,0
Granite-Gneiss,Fractured,Built Area,78.51620844041587,828.1004757627271,689.2175235933676,1456.6338214620373,57.66652923139779,7,37,0.7436809100196773,1,586.3695885676663,6.481057067838767,8.634113552893414,1199.1241343174024,19.838911764384267,14.575251107618506,5.263660656765762,159.0272035829465,10.939777301800877,18.68575600893057,1.979030180403681,18.68278575317098,35.575263003955726,6.675435328754535,935.4305223200707,934.2645172303911,10,0
Granite-Gneiss,Fractured,Built Area,73.70757917637592,956.9812510255206,690.6816827197691,1297.9570880221909,112.81717315693848,9,35,0.77886997179732,1,418.2160764654332,1.7493010306871053,8.83242011680181,2534.422873699892,22.386463858894277,13.771803965569484,8.614659893324793,162.1179334841719,13.216642255360638,15.216642255360638,1.5891354702504574,21.303357463831667,47.468705124917975,7.278661693165953,702.0291974578683,712.1901011801469,9,0
Granite-Gneiss,Fractured,Built Area,92.61675881978616,863.4586282959054,611.0528454807694,1354.3130234237542,83.17688359891693,8,26,0.7823070709328018,2,493.8357173579428,7.3444985926442925,9.164421932243062,559.0718159656897,25.802813609032974,15.11550987147328,10.687303737559693,172.10499286600873,10.867014910287004,12.867014910287004,1.733968635279104,25.851468397911717,42.246898026403606,7.4739611300244935,732.3434675945605,695.5678796863351,1,0
Granite-Gneiss,Fractured,Trees,12.856296592750667,729.5306390452052,611.2345091313521,1489.8154418847105,75.92762283406621,9,38,0.7729903366949556,2,419.04883613691527,1.9087093636634753,9.228959261849532,1332.1840322692033,20.453597485581408,15.586804515396,4.866792970185408,163.57631071921497,13.630899690390901,15.630899690390901,1.1577637670351861,28.867874473814826,35.586721046394295,6.5523947589702844,786.0627186400994,827.54083725239,11,0
Granite-Gneiss,Fractured,Water,0.0,962.8059502566388,720.8326562924711,1554.032469113035,101.09644458415544,3,37,0.6517120693833004,3,520.5117877374872,4.381273090000325,10.891383742618885,1750.5086620224802,23.224761809769884,14.841340860070357,8.383420949699527,160.3373191590068,14.00751561337081,16.00751561337081,1.1683964436618093,26.841272824946838,42.481289744197056,7.9402652942118905,875.9922001557744,928.6662269070541,8,0
Granite-Gneiss,Fractured,Built Area,85.60988899367231,987.0471754017154,661.5018846467763,1438.3508354826813,80.65641340216389,5,21,0.7537146542413988,2,553.492806275411,5.6824298357013445,7.297138740279584,1460.1316364971608,20.5292140687716,15.936137924391303,4.593076144380298,153.51085933666585,13.165420477132496,21.888631800155135,1.7891719234526258,31.3518518884801,43.471508697890634,6.850248904517134,793.6399583397728,768.7938704754919,3,0
Granite-Gneiss,Fractured,Built Area,89.62925548364989,887.451683382145,692.386304531157,1348.2194047740134,92.73456251479594,5,38,0.6529695425430627,2,561.523846650701,0.21487902116474444,10.493872305096868,302.2159315573472,26.30154541253406,16.089890086444626,10.211655326089435,143.322129467369,10.804073391035075,13.931949098863038,0.7805869291466294,17.6041791760053,47.69806784054398,7.94332920793094,833.7910921519892,885.0530957259921,5,0
Granite-Gneiss,Fractured,Built Area,75.01219939453453,893.9644965732913,511.47731028416314,1598.387635144903,118.82855371420774,8,39,0.758850874144398,1,515.874310379739,6.529895089911396,13.984859209840154,1093.3815514142148,26.547724524694136,15.812106051027806,10.73561847366633,151.3456309108743,12.71420418209406,14.71420418209406,1.1918302078094871,23.398972006497786,45.36875133543013,6.793417731379932,775.6017936736911,823.9910993378004,6,0
Granite-Gneiss,Fractured,Built Area,74.88943634936214,813.3432928411953,561.7082384671357,1551.849595169895,45.511426173644594,4,30,0.6690427578268386,1,517.4256016515582,1.2142725683394069,7.005379034925661,713.7530316086202,25.72243702709716,19.35839038857145,6.364046638525711,159.28684388113658,14.549481125076253,16.549481125076255,0.9465533492307898,17.209890758625722,44.60448699906134,7.62731733255741,769.0579149526831,735.4605577287009,3,0
Granite-Gneiss,Fractured,Crops,16.5329776219114,925.0509822712545,664.9116258954336,1270.4759203616727,81.37321741909918,7,35,0.7636348630617772,1,517.6814635931368,2.290622902445861,9.792694717262481,2667.975257373082,20.120431010859544,14.510336444657288,5.610094566202257,127.85063735425622,8.411269629718536,16.49494521061792,0.5089991385094376,27.39448265742011,47.14584761564781,6.864996136396652,719.7030403751166,713.6901328295312,6,0
Granite-Gneiss,Fractured,Trees,10.556614800655304,810.1662652506483,594.2418407006292,1497.1570303655392,75.47050374769381,5,27,0.6294216311997494,1,554.8193241512089,3.6505751639853106,9.44417460310078,555.0108129340359,18.172688235594087,14.81846366208352,3.3542245735105674,162.91769464322837,10.840481204932356,21.665442547274107,1.1417078502735383,30.65078619672201,51.02335863208439,7.1565763311186155,773.7626450697179,779.5572376566239,4,0
Granite-Gneiss,Fractured,Bare Ground,9.660488097682144,805.2517297973707,578.6675754836423,1584.6485275502464,109.87868343563368,5,20,0.6892867555200658,2,459.84013835259873,2.6809906689782084,9.297930999372543,853.7197714182065,22.547269933476535,14.728985943477657,7.8182839899988785,161.89668896697881,10.481892384686791,12.553079223399683,1.8632317186689837,23.59778720197916,45.09612072857987,6.848219948353289,769.1837824486083,796.20162312615,11,1
Granite-Gneiss,Fractured,Built Area,90.9565486107542,882.7843068872014,795.6268285405827,1580.7851273249498,88.46762019787496,4,25,0.6661271353752068,3,455.1522580394675,2.2533824799878825,11.209781996761249,2536.5057760491454,24.732300087709387,15.205973692515473,9.526326395193914,156.52588133227835,9.843444291491362,11.843444291491362,1.0999000554777338,31.63047313996818,46.497481235943454,7.016224098964598,812.1502323705319,791.0442918466948,5,0
Granite-Gneiss,Fractured,Built Area,81.81605497224378,969.7569076359719,681.6212841343739,1529.9399150092695,74.06807351618689,3,21,0.6691264058895301,3,441.5474767879813,3.054770622522125,11.815623414054501,469.9140890531034,21.754876783376552,14.003622506318722,7.75125427705783,149.90110955376196,13.472803539591254,15.691958398619946,1.982744793456622,27.745452616724982,48.809555942554645,7.429183186910626,744.547061731769,682.1727021497848,10,0
Granite-Gneiss,Fractured,Crops,15.437835927317343,741.3396325859491,778.0046482391073,1256.2751646371673,80.0480512883691,5,24,0.6543359438096985,3,598.4707977705403,2.5931360806664214,13.192675008592074,206.63716217260801,24.649101135252163,14.53571278003844,10.113388355213724,158.3528885733411,5.0,13.324533383313442,0.5827781458412187,22.478078297896207,48.35370093176708,7.3511948992915155,688.7567420571311,687.5507537606396,5,0
Granite-Gneiss,Fractured,Trees,17.712906830958342,931.4631014903996,725.2733410722503,1397.8082900752693,47.99302712097003,9,34,0.6831399301502612,1,462.3354548255542,3.457528021489786,7.1570944377548535,591.6728459701908,19.691996266626685,12.024401830668111,7.6675944359585735,130.9438395812501,15.444090069222048,21.67957925539133,2.0243100425954106,23.118857022891586,37.85750318407359,7.640963488190646,648.1188729549253,633.8915896549389,11,0
Granite-Gneiss,Fractured,Trees,9.29525015295753,885.4614709812128,659.3528895953227,1326.3418094703482,71.0038128972674,4,32,0.7528420436264961,1,588.2886346837627,0.05769241824086979,7.333105154857257,18.78490288010357,20.66952321589955,12.206769181617302,8.462754034282247,137.36650025059743,16.40692212951616,18.40692212951616,1.8821037228580957,15.190709610107206,39.4376315927581,6.795972699631808,561.3943750591476,525.1131824932281,2,1
Granite-Gneiss,Fractured,Rangeland,8.846123046294696,987.5410695522576,551.4377533374654,1418.097411929682,128.38978299869407,7,32,0.6541599680320977,3,427.8367858398932,1.5453983443125736,10.547340547305488,1605.6396322232572,20.392934010270718,12.677090835058646,7.715843175212072,122.78949776805214,16.57570086479783,18.57570086479783,2.0231942863833683,32.368354452087715,36.475648443005625,7.850990277474522,586.3945382142454,569.1291539281467,6,0
Granite-Gneiss,Fractured,Built Area,94.13682934202544,760.6642331385607,616.1623633703682,1444.1519241081992,65.24063705963488,6,38,0.6743730421784931,1,497.47073326276393,2.9492428776140365,11.111221357900078,1088.8156983676488,19.510931206732415,8.75788824110648,10.753042965625935,145.520718676537,11.913840041415787,22.46477093194002,2.1023283747061488,24.607752074702454,52.897261448622686,7.41069178090413,621.8519029065873,627.9245337927516,3,0
Granite-Gneiss,Fractured,Crops,14.928824937802187,705.9209281566189,773.9911655063886,1545.865037567173,72.52151935963437,8,37,0.7768394324539214,1,575.6361452023841,0.19638494272991913,8.869678988395426,148.0675300375978,18.52776671469327,13.657242205982975,4.870524508710297,138.5780185084246,13.819924562787957,17.95921698002377,2.424064938651899,22.702600596743423,54.32889347533413,6.95695724109415,534.0236765387609,527.8517509787395,4,1
Granite-Gneiss,Fractured,Built Area,73.99506052584829,940.0097502650893,612.6477294826445,1503.175376152636,109.67808157013879,8,39,0.753382217671307,2,518.3009741902827,0.007652672403080096,11.272407501978716,352.8980415985995,20.365007900325605,9.43082138926962,10.934186511055984,137.12551180091936,22.15798600089696,24.15798600089696,2.121683509156589,28.862758283484688,43.918491001420854,7.6732511198054265,653.4058558371737,687.5645925344201,12,0
Granite-Gneiss,Fractured,Built Area,94.05437474060544,784.1908594068649,769.26122834431,1568.5090166346108,50.978816535984706,5,27,0.7941588067571365,3,438.1538664896586,2.6647363766588086,12.704849251046832,761.8027077668555,18.827349407401165,12.763978553237264,6.063370854163901,136.78142884765344,19.995465122075146,23.100195201238115,1.7320061918969236,18.1268154128122,41.268510916054005,7.487186251916388,517.5585898380757,492.41543247601527,2,0
Granite-Gneiss,Fractured,Crops,6.27658159137818,783.6491967919837,574.470632860917,1375.6327193879172,106.5549128516292,6,36,0.7190759223903291,1,500.8494424656702,7.459883615466451,11.31359792892695,2127.086523536206,14.837924221705016,12.38516165115967,2.452762570545346,137.21634942199478,23.131385321929223,25.131385321929223,2.5473772797558762,33.15844866245283,46.857751767774545,6.692095106576316,611.5228894907406,643.9107926094945,9,0
Granite-Gneiss,Fractured,Water,0.0,745.4258271194439,741.9019471761112,1458.0798754435734,72.66819626828567,6,32,0.7572164783511016,3,403.8924998031141,6.049872556481669,8.140873188733714,555.1765616004544,19.650283487406124,11.175672985377547,8.474610502028577,113.28002845674082,15.33757140686604,17.33757140686604,1.6118596168405173,24.984897909384436,45.75339523812159,7.8606563323783,543.7881021965602,519.4550333102451,1,0
Granite-Gneiss,Fractured,Trees,15.15327789366487,998.5399314938217,730.0787921544725,1560.549153599538,63.22892349875904,9,32,0.6106297459101996,3,465.7867568945945,5.9988307985640335,13.910217879639841,1940.862739464874,18.57090014300434,12.437134624080894,6.133765518923447,135.15070873852045,15.340811648837999,19.899632747476517,2.066548157577819,26.74478994227531,40.26464517890413,7.745794890671013,595.1576355840135,609.0970639241552,5,1
Granite-Gneiss,Fractured,Built Area,83.44422476796228,947.9142377659364,709.7502355557358,1497.111329069611,80.51475674451773,5,28,0.7514455132783981,2,575.7022083408709,7.7327125453111645,6.897722582232046,813.9537673754418,18.069367956396867,10.912492324403287,7.1568756319935805,126.86067312317057,15.537341899418962,26.649929540004088,1.534075441009728,28.261339531968364,39.16550016079553,6.775169790036846,618.012442685019,559.0765877386342,2,0
Granite-Gneiss,Fractured,Rangeland,10.952545789743652,774.5610797235175,708.9708102125977,1478.6666596839361,71.76038794074415,9,28,0.7234536722489288,3,422.7568090091098,5.130121911370901,13.939101080441993,2928.8947073428712,18.386181004295377,13.45608937299542,4.930091631299957,119.39525835388861,17.300118316189977,24.25263777467513,1.7165039660055035,31.689492771565032,50.93571190849875,7.474021395374624,646.3173781032745,627.3745142661804,2,1
Granite-Gneiss,Fractured,Built Area,78.1044805429044,773.9120449440758,582.5929359075168,1220.80362050359,50.03037267799579,7,25,0.6930553840807274,2,487.0502216171326,4.5884849755485915,6.424024230458878,1571.6972967824477,18.456683249084293,12.014327388379327,6.442355860704966,126.50365080519721,19.17274357986968,26.435991812420884,2.5108920745961623,22.94064048605098,37.15526007481962,7.5457924476017535,607.9639548420337,626.4858442700889,1,0
Granite-Gneiss,Fractured,Built Area,75.58347397488848,781.5022664416737,622.2405748830087,1464.0442579462253,41.3758886661653,4,33,0.6571423106302028,2,442.4393068930965,6.398917910216062,6.288074477643374,2572.6903258159614,21.54708453289784,12.07622092971155,9.470863603186292,147.12591304959642,17.199624650771177,25.965760832150398,1.8013156176753051,20.37228221343532,36.08371728722914,7.723785741186386,572.7498645044332,614.8585649946909,5,0
Granite-Gneiss,Fractured,Trees,19.09317053030902,975.0430525358285,691.4411466310293,1490.1015176485741,139.6584803134779,8,28,0.6914564431007113,1,483.38225397549775,4.081003705772358,6.342929853682016,213.66618740551488,19.008454328652682,12.738066106014134,6.270388222638548,131.72001294254295,20.409359771736305,28.1838689828966,1.7370190970748383,19.926301944430538,53.88211836075017,7.282710011168075,583.870813970151,589.5692707046438,12,0
Granite-Gneiss,Fractured,Built Area,74.73083010020845,854.0105254297009,541.7023823440176,1461.0158297477883,117.75415326375953,5,22,0.7278220368504824,1,543.8260392401887,3.661711879730399,7.49694459941213,562.9411514666332,18.92022858469723,12.14601865130779,6.774209933389441,125.48333904008734,21.751020198540175,23.751020198540175,2.237512673572063,22.310636630052272,40.56347708780377,7.486465925047293,628.5576566730239,653.0235281607687,2,0
Granite-Gneiss,Fractured,Built Area,90.97750189618472,852.2627999226065,526.8002551659018,1501.1440792538979,66.27249858283521,5,31,0.6191658281040084,3,525.3294455941685,3.425886418862693,9.780505384902622,405.84429781754255,17.046552207756374,13.989573438559393,3.0569787691969807,136.67201389594456,19.89923407106319,24.109469716032017,2.0001855662551526,30.62232931077582,53.01844376813563,7.701761988987753,645.6941147833473,646.5845256613212,9,0
Granite-Gneiss,Fractured,Trees,7.836815764235697,863.9715574266731,541.9669226284226,1273.6135804434193,101.31033962658881,7,20,0.7102823592261205,1,557.7989018225427,2.8752602542856263,10.606168026307412,1204.7751813062077,20.825302095091548,11.004929800918978,9.82037229417257,113.4273773105906,17.332279275903485,23.102774627469913,1.5899422431052428,25.6918349804531,43.7368279149853,7.225212193905271,622.3562508790565,629.4898837134247,2,1
Granite-Gneiss,Fractured,Built Area,90.33210811702538,733.8776626050952,622.0103544402601,1483.4463731989752,37.91151540912158,6,22,0.6976328648630027,3,584.4134216367361,1.682145051611835,13.548972483852163,1793.7207038629706,16.546495797362635,12.09381217664212,4.452683620720515,135.69750149350463,17.065315485462403,19.065315485462403,2.248763805473087,33.666763624293154,42.20351784635261,6.741445659039145,661.0635554614271,698.5249520202954,3,0
Granite-Gneiss,Fractured,Built Area,94.50837993758512,735.8999044233012,507.29972031800446,1348.3803731008784,63.40767327520597,3,27,0.6845404977938488,3,583.4157500810195,1.9698922416727775,7.937947149621358,1745.5338426328815,17.18318174980241,11.07640761009905,6.1067741397033615,124.37556267863545,20.88969937817961,22.88969937817961,1.6408038938431653,22.18241514152033,52.88155055406094,6.974304917140542,513.5168467676436,510.5212100347696,12,1
Granite-Gneiss,Fractured,Built Area,94.06481939899629,810.4875432800752,735.8330467311368,1382.0930927133834,115.10035353391191,5,38,0.6705203054430091,2,580.921773062776,0.386158081623198,10.408670009603643,869.1241372660172,24.075388550805286,12.237827791153421,11.837560759651865,118.40356790127042,14.699465369039666,24.449770537736196,1.9676982585008826,17.739171667193702,43.033478608397814,6.788034194330599,585.3609866142073,595.2470770990678,2,0
Granite-Gneiss,Fractured,Water,0.0,872.9277868256113,551.7310261720457,1425.3798276872303,96.67387221709934,4,39,0.6682858010904006,1,543.8833187888133,5.82638507312981,8.320440142905472,2203.3619571080935,12.664515342541788,8.7437084766283,3.920806865913489,123.1185199142644,16.330757809795944,18.330757809795944,1.0063683874855873,19.044176168506368,36.79788310036886,7.575564117618709,602.0045513558622,621.056543477488,3,0
Granite-Gneiss,Fractured,Bare Ground,12.5926857923668,888.0799972206228,580.7856023264333,1405.2596492564342,59.28002872157874,5,24,0.7061817857766323,2,429.58285034335984,3.141257827055864,10.206922904869668,2413.9347339294736,19.1321372416528,10.785950552662129,8.34618668899067,135.5745098873554,17.12832433308156,21.779537641177768,1.6622427907206545,21.423314809105023,49.84917945306014,7.2907621701892795,668.25521576894,665.564705824837,6,0
Granite-Gneiss,Fractured,Trees,16.209836402749552,781.2300782687648,614.7346171044246,1531.699611938619,70.32418588427032,4,26,0.6134381496176439,3,563.7226006017604,3.5456743693256723,7.792578849874568,2917.8025241543096,18.090273476857977,12.601339900522401,5.488933576335576,132.8204344542397,16.438251290085326,18.438251290085326,1.8155169392791584,21.13241084284877,48.542524950726815,7.237862030233481,588.7466096197858,672.8374149688117,7,0
Granite-Gneiss,Fractured,Built Area,81.7579756631252,719.2087524486493,774.6749870573315,1362.5206005779726,58.529565539591445,4,23,0.7064681399885127,3,522.2762451737602,6.002089316693776,8.744125673777603,2672.952465345106,15.320696832921765,14.08846966360457,1.232227169317195,141.02285476401863,18.145708167965505,23.967729816911056,2.2783305803029927,30.39258181832995,47.95447326733152,7.8118984503085604,573.8365494099788,560.2319686490681,11,0
Granite-Gneiss,Fractured,Bare Ground,14.866151511113813,919.5013384231062,505.78692053628316,1450.2486044397892,85.6103754632401,7,27,0.6165574584124565,1,402.51172175818823,5.020929829774238,13.121194083295677,2518.615863438983,18.573855984501957,11.072988714322435,7.500867270179523,126.08583929981495,17.664911252069775,19.664911252069775,2.1128943613026876,20.36753646098523,36.19376408563599,7.8938487222742735,549.8741381629873,541.1470410230763,11,0
Granite-Gneiss,Fractured,Trees,21.489340743870144,888.4518982492207,607.8751947410206,1546.1886047489738,91.74486726033535,7,39,0.6289095903539611,2,407.39585429229277,7.1476942573869175,11.844707952368395,1238.6297033148217,20.008990231648077,8.705856633572207,11.30313359807587,115.84099872288951,18.08968250337533,27.938921133794885,1.9387621488242424,17.435861507599125,38.184365090986574,7.772955078782182,584.3865174077041,568.7325461880326,7,0
Granite-Gneiss,Fractured,Built Area,83.03403683246935,765.7811776403389,645.7231477459508,1550.879784233548,89.05387933497187,7,38,0.7707264593841103,1,539.9780737361933,1.7550377763949232,6.805717595271022,715.3457487461886,17.4652876217688,9.742722823106304,7.722564798662495,130.61158137081765,12.228081642504623,27.54987865194375,2.096100237620008,19.298070625342753,38.9027180595912,6.689758654482931,633.9070356762712,635.8359335461845,3,0
Granite-Gneiss,Fractured,Built Area,72.43476969981157,840.3529443462718,555.5934905813867,1422.361916214013,70.5047444094683,5,36,0.714770958264065,3,517.516119557139,0.014608855926570463,9.998945707749403,940.0103486417986,17.808080211140958,11.542468548848746,6.265611662292212,125.65597935495728,13.639092119913164,28.004835638413788,1.7304356787802575,20.045926070835403,42.956541679976226,6.85977621806817,501.55980009996165,539.5375916875996,3,0
Granite-Gneiss,Fractured,Built Area,78.98276452975598,729.1125435567924,759.723004783317,1540.769628805866,102.65371229766853,6,32,0.701590407207072,3,573.0353778386789,5.631558192618038,9.407728141478774,164.58261412616895,18.04809884161479,11.036680316637199,7.011418524977593,133.484166454668,15.62760445585778,22.72443594161678,1.296210920033693,24.553129583465527,49.49940076986516,7.124430097056589,579.1172188040533,591.7180719535636,3,0
Granite-Gneiss,Fractured,Trees,5.22082993223272,822.644669129139,547.0354824405005,1227.625603549231,117.83915131429653,5,27,0.707522232220375,3,527.1803756540917,0.35303479679513927,7.286323878580334,721.897664901207,14.460654082394397,10.926319460411136,3.5343346219832608,138.39652563227463,16.418754592384644,19.78157690960132,1.646762265294283,27.51876686810063,53.106153480544336,6.7517990526056435,571.2604328316603,570.4648275341622,10,0
Granite-Gneiss,Fractured,Built Area,80.7392026789901,923.2825437136662,541.0825588873795,1297.994748835094,113.13728733905853,9,24,0.6021861492327063,1,430.24807833261997,5.918668332237323,12.452750753349207,1762.3877329681561,18.79262510078015,11.754925152420482,7.037699948359668,142.27189429884058,17.23753402801102,30.25679590174202,2.330846592321171,34.43901210513383,39.97351654558332,7.546791700454252,638.3393179596223,606.7641599484165,5,0
Granite-Gneiss,Fractured,Bare Ground,8.668198494739784,731.4810072934641,671.8249369845917,1256.3661651998675,108.34726793038085,3,26,0.6327488670758915,1,417.9891315453644,7.954867487102361,9.929005870451736,2362.7217011773223,19.694355372416467,11.19256414120156,8.501791231214908,130.81070640002923,17.63861320017909,25.80022798795976,1.7412306995566877,21.16417867939579,38.963848442945356,7.868065855862657,570.2262686994479,504.6083772330918,12,0
Granite-Gneiss,Fractured,Trees,18.460767860757947,889.2564680538836,661.066145477674,1283.1871774942008,106.42922942046424,5,29,0.7124748415266913,3,576.2793836137727,4.92535881512322,7.738033050392459,2502.174444207298,19.07657522179509,11.506353323197082,7.570221898598007,133.82747472222766,17.184311837564827,19.184311837564827,2.0220214058810817,24.987749013547777,46.043044087260604,6.512064848126785,536.684718802934,482.54251976622606,2,0
Granite-Gneiss,Fractured,Built Area,73.10842926102534,995.3922602124499,599.1938433169668,1244.7783931852828,52.434190251267715,8,34,0.6962979953007813,2,508.8081569611425,7.77466686285815,10.004476839304225,2555.4069458045396,14.204061472707371,13.999790297395975,0.20427117531139594,119.98606131288524,15.841246047289994,17.841246047289992,1.259704975325341,24.09609994974972,40.62064347758711,7.835786794778037,662.7121273808461,652.1595690735276,6,0
Granite-Gneiss,Fractured,Bare Ground,8.686951991802179,965.8448780278507,651.0213421126401,1448.189908874184,66.11649476563252,9,30,0.7683051048711198,2,432.50926485989487,2.0302259385734924,7.762258677591947,2799.038364823851,17.1193321144202,12.695432719247613,4.423899395172587,119.69228217285676,21.37669386872691,23.37669386872691,1.7923159230161492,22.59625073144797,49.5412257126392,7.863741678953889,543.3461956764306,570.7182157849984,6,1
Granite-Gneiss,Fractured,Trees,9.97324352866561,952.1433126485896,510.2098481853805,1548.806640350007,103.34356721455885,4,26,0.6911785340680452,2,534.8941518002222,0.4025415747927532,8.947999045983291,2414.823298822899,18.451631647354223,12.225276124067976,6.226355523286246,124.50378889495443,20.707533577471644,22.964878442800487,2.501828385887805,30.229954825760327,46.00367305960047,7.39554850137158,687.0790844721231,720.9851120229038,2,0
Granite-Gneiss,Fractured,Built Area,81.18534504364555,968.2339827763975,721.8801071583537,1399.1477827622416,48.572996150001096,5,26,0.7056573382732639,3,425.39020805301766,4.3781778266107345,7.461518368456835,802.4731753113258,19.479634913583546,11.550813228524785,7.928821685058761,123.57871748729723,15.819335995966963,23.797525379475964,0.9443372864190431,29.786021404151924,36.27961976317365,6.67586605114225,601.5799874133712,600.3223881933446,2,0
Granite-Gneiss,Fractured,Bare Ground,13.308987789270752,733.3640459901105,644.1400862885254,1403.0681104508799,61.69497108934261,7,20,0.7541718217291223,1,409.8405085725764,0.7389504282911572,11.403585109172798,2234.2396043296385,21.057763306575296,10.128803431367624,10.928959875207672,155.8847794354138,20.47936061502326,22.47936061502326,1.764814513236821,23.6249210133427,42.085157883817075,6.578046298159427,586.0075398795937,542.4434730903724,7,1
Granite-Gneiss,Fractured,Built Area,82.09398529793894,753.6067720271286,682.3958594976523,1336.8476600543504,43.48793264198208,7,29,0.6592617652676949,1,519.940944855825,3.10589563980957,10.302839151030991,672.2598232576855,16.43966040629042,14.079948909502018,2.359711496788403,120.2748018592495,14.623340421872358,21.11587875860765,1.0992253071843299,26.021747855444904,46.503037768152495,7.373337125337757,674.813889642556,711.5513511562333,7,0
Granite-Gneiss,Fractured,Built Area,75.86264618665737,982.0626948751889,685.3305645210472,1559.6942924112336,62.054786620368965,7,27,0.7196083577293947,1,402.9733294309609,4.035445144196985,7.348018700207259,2988.2788373631915,20.037694689854753,9.92893624127851,10.108758448576243,113.84753024637152,12.110404793095231,22.53926971157555,2.1388858253601755,16.43185469314038,48.008263187860024,7.489773536014075,513.230267357427,572.5520963471389,11,0
Granite-Gneiss,Fractured,Built Area,70.69924237904289,709.7898084227197,531.5149581220733,1459.380756582001,105.73518935952217,8,32,0.7906241390703208,3,535.2823923792556,0.03847474297269127,9.263898343846865,2867.1565133134677,19.770943878947534,12.84496278907022,6.925981089877315,137.35950677692114,17.8939313319173,27.724458140944414,1.6975451561602,33.28134431015063,40.065461596571964,7.017078485971627,607.683884114592,609.1862371383883,6,0
Granite-Gneiss,Fractured,Crops,5.663303768366832,872.8476278263242,766.482898377305,1517.5369799310454,126.94667584276685,5,23,0.6582817308728616,1,548.5637624765277,4.77821922357788,11.391047628868005,2229.561660954258,22.71983846895569,10.113955919290623,12.605882549665067,125.34580539216738,21.10914395268894,28.799378945718303,2.338686635659717,30.800916454648213,49.12384040896301,7.050651937429618,595.9649533441863,563.8823850706173,12,0
Granite-Gneiss,Fractured,Built Area,73.53655202323269,856.7328231698347,518.5955103481759,1250.083442289387,121.16868052339211,6,36,0.7452940311973917,3,480.38767595660414,2.213692409473503,10.976134550503735,2334.1341516513,18.321161576973054,12.531538495612297,5.789623081360757,123.50472559646701,21.41869137950495,23.41869137950495,2.0731054238508224,33.06739175438055,35.97442527922043,7.342770931488131,683.3048965537652,651.3428632176682,1,0
Granite-Gneiss,Fractured,Crops,18.774562973550488,915.6139529441716,683.5146382725349,1347.8583743080965,48.60744527176016,7,33,0.7224504200132836,1,584.8677288359673,7.644265970194653,6.73743840226022,2232.5574892841087,19.376182563423264,14.056697000402195,5.319485563021068,118.106361628058,15.842606790431903,21.212713231939798,2.0095344136544866,21.051158682111367,49.314264745662584,7.3746510933747,520.8266569389788,523.046518750679,6,1
Granite-Gneiss,Fractured,Built Area,78.23200786116605,752.32444725687,577.0705462377978,1247.6283130768782,37.93173406173225,8,39,0.645512214692549,2,486.6911413407582,2.8560451310751533,12.579690483338002,1315.429819551353,24.612837009699707,16.215567411946388,8.397269597753318,159.5722074253338,10.578657221282853,18.06574144865286,2.081454435911276,17.77833243570939,52.61429964407757,7.358862225782051,866.4325938474254,933.2433527035574,6,0
Granite-Gneiss,Fractured,Trees,22.790436826103615,799.4762498329532,797.7490890279994,1304.440694874265,53.593642800260874,6,36,0.6613075189998161,2,586.2557628152169,3.896305369795125,7.608064897936689,2018.5918278707732,18.657480093057302,16.211959299067964,2.4455207939893384,124.72464842999297,18.71285275815515,20.71285275815515,1.198481804490722,17.81001405471882,43.38778957319265,7.7140671310279485,671.1255954833092,677.6444850787315,12,1
Granite-Gneiss,Fractured,Crops,23.479438573551633,851.5315358287066,668.945316897321,1434.0203020330937,77.20738053604707,7,29,0.7392724922988121,3,577.7002707949298,4.763567494639254,11.454552239643903,2268.105225985652,21.9140825121723,14.281033489196108,7.633049022976191,117.2036810212748,14.156458751538176,16.284230512656848,1.267644774493727,22.01658182680207,44.069238389463585,7.3097285296490115,704.4908618127333,729.9160513875619,5,0
Granite-Gneiss,Fractured,Crops,24.877003406503707,794.3584543042487,657.7751360158436,1322.9106290386644,50.073057488491116,7,32,0.7284979444401353,1,444.14911422166256,6.982900673391098,12.961551483328888,1001.8877096788211,19.61235996103579,13.811556295476825,5.8008036655589645,128.91980627067562,10.411225027467259,14.877679752570566,2.497768941094308,21.244636290164426,46.25560172631456,7.456619500612455,738.3378059543942,726.2396974796942,6,0
Granite-Gneiss,Fractured,Trees,23.218917740919366,752.695367325902,759.0437918440117,1242.1264036574496,65.79713192003004,9,30,0.7400114934955209,1,509.15901367828855,4.3149418731110245,8.787676973487196,1409.2021279732114,22.809011219168603,17.006929693553964,5.802081525614639,147.73102380142336,12.220886954770737,15.241920658014656,0.7072096235964331,19.325767502332354,37.50742672710064,6.821344337521128,772.4214976267986,747.1913310019656,9,0
Granite-Gneiss,Fractured,Trees,14.009073852786303,836.8330169209221,696.763466222495,1315.5888666292003,124.84438821731366,8,26,0.6220676926839518,2,447.6825777571742,2.621171891383028,12.23271229041038,665.0850716351887,21.223901493775177,14.578986990729215,6.644914503045962,149.65136226473706,21.021172193188875,23.021172193188875,1.9419585459350894,20.582421256783476,50.131759289812294,7.333364162232683,777.7769358948171,772.3243450499732,8,0
Granite-Gneiss,Fractured,Crops,16.90536582452048,745.8063024057602,546.839093821896,1253.6361170832088,50.06182505776202,6,30,0.7419081896916532,2,484.4438087378605,6.354993469077732,8.431360365401783,2268.445704794457,25.898829439057003,14.210598749352894,11.68823068970411,138.07755345844245,10.539244289858392,12.539244289858392,2.2551625748265023,26.473953076415615,46.85746957538478,7.829308041269105,776.1197788922096,822.5441820865726,1,0
Granite-Gneiss,Fractured,Bare Ground,8.14501306356601,957.77380032735,508.2097838477637,1527.3325083484751,96.93027256183217,4,27,0.742288963508728,3,510.5502069890379,4.264426625929933,8.981179759610379,660.5865014303646,22.157535634182494,14.539357168633046,7.618178465549448,150.53254196400914,15.336749249826145,17.336749249826145,1.3568678914206553,32.698224488892556,49.243463432125495,7.996231814163625,697.2073200408412,717.9257494704269,3,0
Granite-Gneiss,Fractured,Built Area,84.85354213570848,845.5198355137948,793.9147005633309,1202.7688159468944,85.96649948282021,3,33,0.6269000369078653,3,540.9700452070394,7.422810744328687,10.765192440523359,2848.4781360881343,23.261857520025586,15.28059332856763,7.9812641914579565,152.09901204298822,12.224922844892609,20.020432807536068,0.8689141231010218,33.78491463764162,35.75068233053923,6.696521143472669,770.8168125532603,797.9302717510917,8,0
Granite-Gneiss,Fractured,Crops,20.194508003081648,930.3875114994651,581.9664981167673,1554.7650788743733,58.055254724979854,4,35,0.7734297606861665,1,420.3445419856613,7.867145998889091,11.516002957380236,286.2456516974087,20.080725688071734,14.4006303790019,5.680095309069834,126.17291924638243,13.693127932496044,15.693127932496044,0.8291643125518252,24.479333951365852,47.87501233015574,7.715667869097768,713.6940190649964,682.0029871667118,5,0
Granite-Gneiss,Fractured,Built Area,80.00289427169837,930.8865407999496,726.0249668031942,1358.2984740027193,129.93814757769445,8,24,0.6757193694046383,3,412.026505961153,2.650139224800127,13.573163744274515,2479.2098166357086,20.34776484344562,15.114699861399686,5.233064982045935,133.85546539904334,13.028880815109584,18.935903642779756,1.3224231010741299,16.851292816069915,35.34494518647584,7.8729215416456375,768.8254144128078,795.4516548388752,4,1
Granite-Gneiss,Fractured,Built Area,81.55614118524274,755.1893021098552,774.4960465159581,1434.6864555895047,61.55532228635337,6,22,0.6508456972164408,2,499.55907077877134,2.1363068197111863,9.702948315742205,1280.573485777447,22.57900112815664,13.325836586588187,9.253164541568454,148.27994437699124,15.112193167197269,19.216921595612835,1.118727393833175,15.388779272566424,52.719999824308246,7.695346301735385,758.7336146307258,756.9526929810711,2,0
Granite-Gneiss,Fractured,Trees,12.607158925772852,870.4031777129089,549.6108048122038,1491.2979001786682,107.18401783449251,7,30,0.7069163971254595,3,549.8561649625462,7.986073504246868,12.53874492095201,257.06839588494176,22.94923560162724,14.517852957021761,8.43138264460548,144.9507805201488,11.588981844539727,13.588981844539727,1.970852519434752,23.026183242207892,43.17694544987491,7.175375864592214,727.9610663439836,753.3798352872697,4,0
Granite-Gneiss,Fractured,Crops,21.65843475362502,949.5590594046525,614.4839551189741,1228.1843253439833,130.49919264903676,5,21,0.787802633811374,1,544.3876920866519,0.3732715079988411,9.842143649763806,713.53424856326,21.991377635501237,14.117625396340841,7.873752239160396,146.0393233099149,9.65308191557428,12.819651121452193,2.3568809952543224,27.440600058326808,42.11861392592661,7.422996595658459,702.186223544946,670.1864799821881,9,0
Granite-Gneiss,Fractured,Crops,6.4709457379083535,729.5214531014163,746.6478423720317,1280.552762444658,76.38161231245525,5,23,0.7444477748812233,1,480.3265579976671,5.701795701067969,10.424769317933663,485.88216187163886,18.782084292227925,15.786270514359556,2.995813777868369,136.5716358447011,11.457202695709507,18.19008209440533,0.519507462741525,17.71225844410083,43.611781832577705,7.992552096248095,734.2972620347947,748.7902160276528,2,0
Granite-Gneiss,Fractured,Built Area,81.6746837396659,823.0412916373391,608.4014534629815,1492.0690287535222,115.15578557736157,9,24,0.7810867385382039,2,597.8292220524816,6.5982740104206385,9.436813381289838,466.2370456559778,21.366291791941833,15.50146837441201,5.8648234175298235,142.94870007016985,14.371716484227148,16.37171648422715,1.1870579472852636,33.17491858080008,35.161836269734366,7.590006292943975,798.704097633045,797.5651459236046,3,0
Granite-Gneiss,Fractured,Bare Ground,11.626309938293248,913.7319773423209,727.995998968544,1334.5225214707466,72.96786062622193,6,23,0.7785895190223204,1,430.3494704014115,1.2960203404489636,7.938676775507511,1941.4663586802003,23.056292726483193,16.399231865620585,6.657060860862607,132.54943031362757,12.861115383176339,14.966330743594028,1.8263905582729716,32.03557226877259,51.32871400518002,7.841325061166807,750.695549763767,763.0845168165065,1,1
Granite-Gneiss,Fractured,Crops,5.844470511485678,739.7027208188632,660.9907551818767,1515.717818974249,48.07866517470401,9,23,0.6925480100963453,1,526.0901827734198,0.007941110419465325,8.809732725559579,1873.5066610542926,23.419798054618756,16.144849373824126,7.27494868079463,135.6056803292919,10.130992029845737,15.071188813984651,1.4928721197335428,23.70445747581878,53.168329450884876,7.280496892757928,743.0478988073487,719.3264442548775,12,0
Granite-Gneiss,Fractured,Built Area,78.79241960248811,944.108910939383,696.4153162770881,1244.8579483216326,72.71518855347465,4,23,0.786146504273948,2,564.2792232125908,3.7486333281837823,7.7594863534548315,1812.6250346730976,21.658517973087303,16.71529965084944,4.943218322237865,133.62713400879662,10.103787835279803,12.61076053317592,1.3591094440790172,31.399181773909337,47.9736957928113,6.924872870418943,902.8068395249858,869.3982537671186,2,0
Granite-Gneiss,Fractured,Water,0.0,760.7160363103485,751.8128267020986,1335.827854023048,87.24015991465537,4,28,0.7686776375699601,3,434.36768767845246,7.071295486915213,9.498425458536401,2351.379696561071,22.342166312977493,15.210668418180415,7.131497894797079,153.0995869763492,13.854620481797276,15.854620481797276,0.9488956453176176,33.75074986352356,47.48841574098381,6.847762542729028,786.8807418662145,802.7726805212145,5,0
Granite-Gneiss,Fractured,Rangeland,8.052070830539478,746.3254452909299,711.7239998925422,1550.5404545911238,84.21918462664492,6,31,0.7443412130921532,2,544.9051788062116,7.326973705060566,6.585717677134562,2182.885481422539,23.215190236481213,13.086703285785587,10.128486950695626,145.46162789560393,13.418770337118152,15.418770337118152,1.700360825896233,34.083869638484586,46.28234309974479,7.722608172500276,698.0264955630662,717.3146378489931,3,0
Granite-Gneiss,Fractured,Built Area,73.89933329094733,773.7919830332739,586.6744058368218,1512.5814471198044,66.85224018340622,7,37,0.7405865439259223,1,495.71431854362254,6.271397047698328,12.795160247574591,2207.424019603626,23.360684816504687,14.437861776138492,8.922823040366195,113.50082668660059,12.06457372376741,17.934642333220204,1.637672395261668,25.02782068226744,49.31104646600717,7.355167720257649,744.8437755279933,710.6287730391366,5,0
Granite-Gneiss,Fractured,Built Area,70.0549553746423,883.0458531507642,720.8205617844945,1359.746235736514,88.7389355548251,8,36,0.7243210856933147,3,439.95497487162515,7.256737352657414,12.459044491914547,2477.3955946348215,22.88170985025155,13.588008871875399,9.293700978376151,136.93204811136386,12.131368447983752,18.825073134889138,1.3280165725986415,21.026213669397222,46.5695131697699,6.895344760992825,787.6640270324867,825.7058392618974,7,0
Granite-Gneiss,Fractured,Crops,11.999372664867462,791.6186352993842,610.2194080787667,1509.175179243825,49.752579288263696,8,38,0.7656358598136196,2,461.56300681674594,3.49706069922137,10.66582383923814,1022.8504133777615,21.894847408893177,13.968590020385262,7.926257388507915,144.85299579337678,9.449047247879934,17.004503596313008,1.8710074425320036,17.862339629095207,48.726914940199926,6.955985999850709,744.8673078789919,721.2248783299675,7,0
Granite-Gneiss,Fractured,Built Area,73.64320498597289,707.4127189195272,795.4168450967563,1373.2053091711489,88.87930082940655,5,39,0.7053762151151595,1,598.4143780834842,0.7486718674643331,11.807879484949124,2553.993135487196,27.13786326478565,16.542564096939426,10.595299167846225,159.54153762495403,18.51441622231638,20.51441622231638,1.6800495039736834,21.213664445010462,52.18106142836393,6.907759887326105,742.6736720201193,721.0718723266491,12,1
Granite-Gneiss,Fractured,Trees,19.154986101078556,760.0345628551574,747.0487720839734,1583.135977397782,56.048673434296106,3,32,0.7256577403879458,2,468.92562692471563,7.48510506601521,12.894236564328102,1008.5169790760872,21.40934557499146,15.910850165594432,5.498495409397027,144.77037107069594,13.878365806779593,22.850902561811544,1.3171074514185162,30.981096631772274,39.79694222128737,6.545577686966063,763.3296753060621,751.5732064705946,7,0
Granite-Gneiss,Fractured,Bare Ground,5.771934224610025,850.1602609272309,547.5535762790447,1311.878684366049,62.69346439220039,7,37,0.6525004044101875,3,598.3720976011223,1.191440274895755,10.05770310441055,761.0331689695987,20.717313928777706,17.632505464025726,3.08480846475198,124.52389113010474,13.949065825379325,18.62959389321214,1.897247532847442,15.576631544394415,49.433217604699,7.213482051594898,679.028624395356,660.2428441205343,4,0
Granite-Gneiss,Fractured,Crops,17.591568411302386,787.7003523007776,560.2460428151524,1484.961223788746,63.74281204037374,9,35,0.7261530606586731,1,580.8001923757611,1.1463347149468452,11.061450905981136,15.329876066036308,21.44996466487741,16.16087357245752,5.289091092419891,146.2182056594032,13.879903767379446,15.879903767379446,2.792772556910129,15.473736666070888,50.72025045404023,7.2769175148993455,665.5411324141987,682.9984770726642,1,1
Granite-Gneiss,Fractured,Built Area,90.41958250921208,980.441693832293,602.3630480561924,1478.1950296483742,76.21762135744957,9,27,0.6610789132511327,2,413.2293736231459,6.1333459661562815,6.928043614684201,2381.989448337371,21.191741175586536,12.53516436641682,8.656576809169716,136.00472415424002,14.797476608222112,16.797476608222112,2.2059133660041947,17.841675083223688,47.229539080680524,7.293319128002552,769.871764087008,760.0050786072759,10,0
Granite-Gneiss,Fractured,Built Area,85.76917296780877,741.7945276473037,773.2123655791142,1339.3761539692568,106.8167634614079,3,28,0.7198792562845215,2,473.4273098483719,6.45806200483132,11.579981505236091,1239.096806161349,22.68398151415957,14.059636496894916,8.624345017264654,146.32672316714647,10.24929733156382,12.24929733156382,1.2724920059713525,33.579423236957865,41.922559412263546,6.8840586360136395,754.1001059801991,696.9307016233506,8,0
Granite-Gneiss,Fractured,Crops,12.551941931673126,739.8419524689879,776.6420542090661,1372.0023832298334,38.11033982791979,7,33,0.621297312112022,3,467.68607045715976,2.1691382317976275,8.570820351272161,1513.8412266798919,23.84054950209222,12.852481025603272,10.988068476488948,167.2906308567721,16.73714238439204,22.12351396245039,1.0738084730426984,19.868353714338717,35.028058316868794,7.343654132905056,724.5346185692184,689.8714026209676,12,0
Granite-Gneiss,Fractured,Crops,11.08692314000384,940.8111043528688,759.5848933939284,1334.4794490491292,138.43637023380558,5,36,0.7032920668674584,1,465.38334446997084,7.624483598537158,10.44180045509371,921.401550327169,20.616917496127524,15.009592264721029,5.607325231406495,155.35591162215593,16.846317365467456,18.846317365467456,1.251718379661597,27.91680358123066,47.24675879098544,7.870161517468748,735.0629748072594,761.5509728244444,5,0
Granite-Gneiss,Fractured,Built Area,77.45415903951618,836.4855460288202,533.1538561656599,1342.6543673985002,121.59982910044492,6,32,0.7548638605055841,1,577.069742148927,7.2404410970036714,8.456483772353998,399.94656307870605,22.619201118246394,17.30802665373125,5.311174464515144,145.5573256282179,14.502137458002187,22.48823119813445,1.4232000350041258,34.380869982152994,40.76436373477022,7.390545338007993,692.4571025315524,696.5952801022119,5,0
Granite-Gneiss,Fractured,Built Area,72.43285437082679,908.607986086268,553.0599100714976,1395.6584708128212,107.41492288340642,7,24,0.7942881196947214,1,526.6295598904685,5.024702834642184,11.054113962161974,2120.1605765846025,20.726466754307182,16.821088386239854,3.9053783680673284,145.1872596882213,17.933634094427518,24.262910002502657,1.2358746258835003,16.605805399097786,40.90902046376028,7.283697778272827,750.8097411745023,760.7872722482336,4,0
Granite-Gneiss,Fractured,Built Area,90.95857642020867,921.5119899850563,681.4480891355746,1294.882708989894,94.79416013400751,4,35,0.728170532233277,1,458.7954870579233,2.0935193760316464,6.1095734733480995,1301.1506620725565,21.991370025081846,10.945557859123001,11.045812165958845,140.35893549702442,16.463284492594276,22.138202655507776,1.059262647836737,21.57869604254268,37.04043705846558,7.289944698125508,748.5863634342996,722.9571763189772,6,0
Granite-Gneiss,Fractured,Rangeland,13.04591199572219,737.131140663457,510.2959949227013,1342.7150311765806,105.82985171996283,8,33,0.7155865616416411,2,579.7514254749666,5.368178571829241,11.184709049642914,484.96028770644733,25.859249289997365,16.6746587454409,9.184590544556464,146.510779776489,9.1710330851852,12.784849945076028,2.057364507918024,29.68561928386624,37.67770572637794,6.552698292172854,645.8905008896045,604.948314039406,5,0
Granite-Gneiss,Fractured,Bare Ground,6.415467940961963,758.4020190575209,527.3220807721697,1376.1696892220866,59.125122780701034,5,33,0.6824061928686521,3,511.39813912853356,3.354908730210825,11.152782991324372,171.1016032068989,23.570256704378465,12.837943970024147,10.732312734354318,151.24326197306306,14.581672907389352,16.581672907389354,1.8578275003733333,31.440269588097053,46.385768750278544,6.926817759045738,931.0988554376306,924.2073292333719,9,0
Granite-Gneiss,Fractured,Bare Ground,5.374824192196122,836.6266793051775,509.9151970062141,1363.0097867643885,116.37780495819443,9,39,0.6327802814088779,3,446.43129465631154,2.0399216893050216,8.044050458382632,1820.9406121527472,19.469801613239394,11.977461133102118,7.492340480137276,138.47817637580454,8.030136394617404,17.244879795105074,2.9245090543163412,33.10283387759152,54.42387234626731,7.96761758251998,773.542961056713,736.940828243264,8,0
Granite-Gneiss,Fractured,Rangeland,6.6803537440781025,712.8377924467085,587.1798007335997,1426.1226755757193,42.769896373568486,9,23,0.6466165319970872,1,455.87143599939395,0.18691689878736195,9.52750724134575,2334.2777296590875,24.55643719468651,16.595235524173376,7.961201670513134,161.64100649536755,15.964750294282748,18.998727165841487,1.9091528890652367,27.91852582604875,51.26150939169527,7.442385103703829,750.5186974850459,695.0182944485083,2,0
Granite-Gneiss,Fractured,Built Area,88.47768681532885,780.623071528658,564.3138229444081,1263.9666799361808,108.35610810953551,8,23,0.7754702384702338,2,549.0191095672382,7.072645987973964,12.334119144803218,1405.2673300206493,21.702181136683468,16.028067506466442,5.674113630217025,138.71656019736244,10.202382081914928,21.08273324182971,1.6521078666017524,28.93309400129024,46.44921841443523,6.8577014951215585,788.645362579015,802.7676373788544,2,0
Granite-Gneiss,Fractured,Bare Ground,13.723907588887577,942.2529481492157,759.037727454235,1265.62034140494,88.53382050148835,9,32,0.6905605860395811,2,416.78237431287977,2.5123859975737233,11.946090928622695,2694.1413553781344,24.404117743135455,15.709356533879077,8.694761209256377,141.8862575910319,10.551926863544452,14.425224383541307,1.7061147788876085,24.657798047404196,36.40360281382674,7.220651760321422,666.7436570958001,676.9847492073462,7,0
Granite-Gneiss,Fractured,Built Area,77.29527724841265,975.8270828600876,618.8532528335986,1228.3628181291892,60.04113854339858,5,26,0.6196524903192813,3,578.7816408702435,3.5254842231749057,12.078371276530834,566.5950623552031,22.101811568723814,16.460587143210397,5.641224425513418,135.72888916000718,10.374287362297636,12.374287362297636,1.9863587415991466,33.570816544153644,46.52645971827074,6.837927200957756,749.5490726507522,747.818320326856,11,0
Granite-Gneiss,Fractured,Crops,17.580859820504028,988.8257388323943,672.5347789999522,1554.022172447773,104.21836684094602,5,34,0.7725928734525688,3,540.7492868167719,4.736380046319144,10.287121067902529,2160.3024669376928,25.075457980693475,13.80762512226597,11.267832858427505,132.16437805794737,15.315941704895222,18.71115462457139,0.2909186151800649,31.003340829007612,38.969406554764895,7.231615390676133,725.5067671788074,720.9497640897603,11,0
Granite-Gneiss,Fractured,Trees,15.287725623221364,843.3697632580381,584.8556247117895,1467.187762417448,91.5027061158383,4,32,0.740957775665087,1,467.35665900960987,1.5972234126433333,10.707774661242915,1553.9354993056604,22.746883940988305,14.270705656941994,8.476178284046311,139.00216569997136,10.07806026828488,19.371342582684257,2.2777721411602094,24.119812470524206,39.16976415486596,7.06450792958361,845.0109168043276,852.1142720799904,7,0
Granite-Gneiss,Fractured,Trees,8.987338308121393,835.6243227782787,620.9184852815769,1498.66337952226,96.99090155807355,7,21,0.6589543949375689,3,571.2346428567237,4.094650526456842,13.547399343259503,2668.220839574044,22.88634354995722,13.90063187174702,8.985711678210201,135.01768101312842,9.853108709612922,11.853108709612922,1.6205295188414193,28.979719436444114,39.35282364275665,7.49616638177575,722.6080235119897,754.4633866212882,5,0
Granite-Gneiss,Weathered,Water,0.0,839.1965905730406,571.7976552241333,1334.8255557506802,53.090388524580916,5,29,0.6929128832914722,2,473.45003728776845,1.4004326611636246,7.10794756406081,2418.963241921272,22.574483168504223,9.424123839849521,13.150359328654702,119.16005846635308,23.18236360017205,25.534637002830927,3.0090304280537943,24.265417042882106,36.14400767846136,7.146671593252158,499.4439643995006,445.1988602958694,7,0
Granite-Gneiss,Weathered,Bare Ground,9.447464442907762,967.3222158120034,549.3220561895007,1414.4932609321581,72.68233397999448,5,37,0.6211260358637818,2,551.4051016791252,3.7723615332501206,7.504926786884281,2442.7589647388645,18.080195632985944,10.283499502919359,7.796696130066586,111.12872650595128,17.3389652851967,26.931057596227504,2.0465772439448173,27.934905841204696,49.180409109118926,6.9231750880240455,422.6032936461023,434.63942069513234,5,0
Granite-Gneiss,Weathered,Trees,13.05273785752659,792.4982179139541,675.8265505098457,1431.0258189669744,62.84805746513778,6,28,0.7433847809775107,3,505.36334673305896,0.4808500169840064,11.46011633541639,1252.3924117802533,15.4710812356208,11.447027306451092,4.024053929169707,122.37323300461628,18.957985799416246,30.342131766711727,2.2476279730347626,18.63361553409473,40.19637190688365,6.675954827647746,507.1620655111116,482.6698560473402,5,0
Granite-Gneiss,Weathered,Built Area,71.6690946514678,920.8418438255957,525.1159885754445,1374.2313421199824,63.31750260302273,6,30,0.6387388280646726,3,499.8179996010058,6.6973601966425695,9.568845203244791,2142.240938471904,18.380169110636036,10.986029385969767,7.394139724666269,131.91463522642061,26.522195595982243,28.522195595982243,2.7807235792480074,15.289363104087865,44.88176292181305,7.532972365227001,503.5795093857272,505.89627669976176,12,0
Granite-Gneiss,Weathered,Bare Ground,7.771988965690913,732.294491238896,643.7039165792764,1236.43497441989,79.06096009897476,5,28,0.7891245060060059,3,468.8036859728684,0.9823131612608025,9.806028996062995,1593.9289614383758,15.705735890213887,9.511002347558637,6.19473354265525,111.65625563818014,20.11112828833272,28.773758870772888,1.7839099184845282,21.02650136612735,37.665520636902066,6.798156517082857,457.9846598513731,471.9839317037043,3,1
Granite-Gneiss,Weathered,Built Area,83.16686683496775,971.1543385054163,697.0184472340823,1473.4974216735593,82.09185014223682,9,28,0.6364540217385595,1,584.9295278233092,7.894718898210439,7.003151645269354,1467.1149585544204,19.6533662465564,10.840183349882846,8.813182896673553,115.63211588652514,14.389600421602228,25.349068597126415,2.8450319828860433,26.756385586406427,54.05902034463037,6.8836819771426825,455.4143737034871,463.98134042804526,1,0
Granite-Gneiss,Weathered,Bare Ground,5.662969197399679,935.7979426594239,709.3875193030475,1309.7927248675826,133.15080015875444,9,24,0.7248979184198224,1,515.756638246022,3.4348453801078653,10.085979120931288,402.3503751089165,17.24774094346834,9.887247642297158,7.360493301171182,138.02639340854736,19.77027621326487,27.84471908685129,1.8032062213963753,15.557551503814635,41.2862359130489,7.848597109533468,535.3385775120056,507.13138223539744,12,0
Granite-Gneiss,Weathered,Built Area,83.98797692920004,750.3386281231591,771.8338451473996,1286.9960404248266,61.29085763850104,6,38,0.6163456365959765,1,576.3737636802755,2.163413863329515,12.576394683955673,2217.9139056984527,20.12928918986008,10.976736329489993,9.152552860370088,133.58629694221653,17.076157167817122,21.27741791961095,2.3265615505054233,15.758673759135352,54.28167611247198,7.870588390277591,448.78317776149294,421.54238996351586,11,0
Granite-Gneiss,Weathered,Crops,19.322993463324778,908.4525257661589,756.7715011456387,1383.5691773681037,59.75626064056631,4,21,0.6284315488853092,3,536.1724797282038,0.369920073094673,9.180741633051193,2985.4997638336436,18.459521871266908,11.944835327537087,6.514686543729821,119.04188970126508,20.278664246743336,24.535084541930303,2.3636956518950667,25.55347376652569,43.0530141584749,6.654012006337277,477.78883668190355,507.16170640371286,1,0
Granite-Gneiss,Weathered,Crops,18.430436030587842,701.0288455799434,522.7110005496169,1236.5756887759323,78.64083622210796,9,28,0.7544920061929692,2,442.2906696680059,7.888575075846601,12.023178213727373,1010.3544972307636,17.17733206000337,9.154206273998588,8.023125786004782,123.48978649952116,21.69429500407456,23.797527014384432,2.240740128718391,30.85171933307897,43.2059955474701,6.724206896376601,499.9543314032155,535.8976110806283,7,0
Granite-Gneiss,Weathered,Built Area,84.9602031913952,877.7713967704611,769.5984835789425,1467.7073266399325,52.80011831884259,8,39,0.7156726649983617,1,517.703993036173,7.014078711392434,7.957296318295918,23.368736366485447,19.890651066800764,9.635689086500543,10.254961980300221,128.7217212975909,17.227961110688582,27.476347505021486,1.629744554963244,29.33431301590965,35.49410243509872,7.276154721552631,455.84303511136324,479.83171298631623,11,0
Granite-Gneiss,Weathered,Bare Ground,11.279814552184753,955.307881587989,551.3793208789946,1313.2576098235022,95.69139791962003,8,20,0.6586617242724969,3,540.5228911743659,6.7716658694439245,10.27237035831078,1240.0500093921266,19.671346038469103,8.911404995007597,10.759941043461506,104.15797732035897,22.235528305940687,26.98345996320764,2.392962829756181,31.18633110053344,41.34837186566738,6.787208276428208,671.5764082905536,660.6797470484854,3,0
Granite-Gneiss,Weathered,Crops,9.524390567531139,859.8823037840095,718.8582383021726,1415.6747410517405,87.288096414206,8,34,0.6676178449638324,3,595.1507065538907,5.325713257588659,9.236711846120063,310.9810274651022,14.476640721146287,8.004226754877422,6.472413966268865,122.10118583377324,20.108729603047138,22.507926627069523,2.6186543010145105,30.289010088859282,50.19558906857036,7.856209662412574,471.061443479716,476.97151735109617,6,0
Granite-Gneiss,Weathered,Bare Ground,5.823712898439672,859.0788738048159,516.2601426795474,1341.7469494464938,75.81310276585172,6,37,0.6816068476639668,1,565.7087704981305,3.0351154019957827,12.511649529367517,1189.470281796262,16.925099304441712,11.59583770838741,5.329261596054302,125.12743547427837,15.721855421924054,20.368000977020568,1.5565482656977379,20.228932028453016,53.321970620808756,7.2880718860708456,399.69425195320485,407.99408439116377,3,0
Granite-Gneiss,Weathered,Built Area,94.85335757715137,868.9964813607537,728.815028616889,1460.5669673639156,64.5759854946483,6,36,0.7690863431360864,2,476.3958042561669,7.328987129718465,10.734949528819257,2610.8636909899096,13.84566155986499,8.138749190749847,5.706912369115143,115.88441225587357,19.34599397781959,24.870137935862545,2.3583853542822593,27.62353442143087,53.29717726789467,7.729390190540304,576.1636179660904,595.953621957063,5,0
Granite-Gneiss,Weathered,Built Area,87.28053062914289,910.2485288935708,552.1769455565588,1273.9885653400204,130.562039434578,9,25,0.7218795911702063,1,545.8141084443248,1.4628640902083063,9.743008206343703,1507.0411926858674,18.869931880332246,10.570212951085937,8.299718929246309,113.2584079562641,15.06491223215173,29.210285823410942,2.970669261320235,33.867405878657024,48.64019921440273,6.661203098369474,556.5948605181879,524.5349472420096,11,0
Granite-Gneiss,Weathered,Built Area,80.73479087315815,946.3847443778708,634.8318619116617,1572.1861109353458,62.43507068249824,7,24,0.7252244902989636,3,558.6309892314457,7.051870212731058,12.671461981383992,2074.1542976028927,21.967088626521235,8.426731779100637,13.540356847420599,134.8564980912829,24.427486646402002,26.427486646402002,1.4349944743220142,20.037088575767605,51.659178558272984,7.17829572198389,533.035986217643,488.3493835423995,6,0
Granite-Gneiss,Weathered,Crops,24.89767993768718,765.3841699255415,562.0321946655328,1304.516910498361,54.38238655722273,6,33,0.7109434751552749,2,476.25218255575516,5.020734826090295,13.715485914417911,820.1332028621804,19.524742697877368,12.5462330067481,6.978509691129268,127.06927952250867,16.903048862774114,30.551200460189094,2.5613392935407324,16.680910756541632,50.996567380724784,6.845692512715578,472.08632372632246,451.9165553204353,4,1
Granite-Gneiss,Weathered,Water,0.0,882.4149585302941,764.7599593204508,1295.81970798769,71.97774381824311,3,32,0.6197576664954654,2,579.6300475244987,3.7235021129332884,13.952175810393179,2906.74514354593,14.45052417005573,8.214487944074065,6.236036225981664,97.23236326386848,20.78992129840766,29.309013350971732,1.5440000067071493,25.165734885194812,36.37244233501636,6.671027715336145,536.0627274904709,543.2804100091129,1,1
Granite-Gneiss,Weathered,Rangeland,5.6454429161131,921.8290212097418,795.607666941994,1351.2058870065696,97.32485639520138,6,20,0.6400243327066397,2,455.3169900126402,3.065868195575905,7.090471698595925,1851.8037131773194,19.93438271889238,12.270755547947095,7.663627170945285,143.91805750908983,18.631323840900183,26.105918629817946,2.9810011432252046,28.731509952640096,35.826184587174744,7.759574494848519,420.8638150709541,432.558086822002,12,0
Granite-Gneiss,Weathered,Bare Ground,14.262479697905942,706.8784855191357,765.966726762641,1247.3000885410481,63.44674245500334,6,33,0.6520174154266599,1,453.7626264396319,4.507830980028986,9.038463394463344,1776.317345954713,20.66369881239877,10.478268114773671,10.1854306976251,116.49255029555786,18.859208907271302,23.78252044291986,2.6587753766155875,23.729165182458807,54.88785094683796,7.353155126331233,553.322471431173,597.088389860437,12,0
Granite-Gneiss,Weathered,Rangeland,11.815839826462225,762.2608403708232,523.8032507224108,1408.151913552697,62.78226186587796,7,20,0.6763786801333014,3,511.5642872432255,1.0975813520949318,7.829625716220084,1894.6636760288839,19.451437250005757,10.423724034143111,9.027713215862645,127.20990521371876,19.389636322161298,33.77673234982241,2.059063957997057,32.89813399241265,35.67104455107305,7.3215455771895614,512.1722842865152,485.4867208475465,1,0
Granite-Gneiss,Weathered,Built Area,70.85915848817618,919.5591491750569,612.2146444132268,1374.4682869839103,105.99535428293287,4,25,0.7571736890503911,1,516.7518189753217,4.004825736012628,13.83853459107165,1911.1543610607616,20.43556890233922,7.583107268115071,12.852461634224149,134.15955235790275,19.979983885137884,24.075671915201248,1.6101279359974403,15.070636399006062,41.784640779978155,7.969593273127073,512.4068024689475,561.4531106521725,7,0
Granite-Gneiss,Weathered,Built Area,73.00630996726606,704.8071514790385,646.4102369903746,1538.8958887072795,84.13355178066271,5,25,0.6921386136836534,1,533.5941634766359,2.883499116003125,8.951737014318741,849.5903929422052,19.204742301379945,9.900019719833894,9.30472258154605,116.93178068590781,21.563292964337272,23.563292964337272,1.860903221157612,23.999844592553266,51.80737161758743,6.795636551786941,530.7513277073098,535.0132854851648,7,0
Granite-Gneiss,Weathered,Crops,20.50276940259889,715.9478661552322,723.0392734694931,1418.9411600205417,40.242810765343904,5,39,0.7148860211294061,2,577.9907364746746,4.222912690301099,6.778153036122195,716.2655639887956,20.759564187694966,9.180277016290745,11.579287171404221,130.1655228753262,15.406466414963798,22.221106248869095,2.8427436509206734,34.398462631374585,37.05711641635579,6.910276008148094,459.4480156725436,473.24119539039606,9,0
Granite-Gneiss,Weathered,Water,0.0,927.4109128498203,565.1589092430321,1577.563802162803,63.64410782820613,4,23,0.6974870193492354,3,523.2292943550806,0.2175323370700495,12.562411229350015,2024.3009437079063,17.945105238236813,7.695459793283163,10.24964544495365,129.10798883571064,25.030910812167235,27.030910812167235,2.443606553372199,33.695016053615376,35.31766925144108,6.555632989240667,416.6693789536342,387.4760688004357,2,1
Granite-Gneiss,Weathered,Trees,13.649657371980892,939.9469717124468,570.9637649953509,1491.362274896015,72.59303420505526,8,36,0.6780970308920096,3,572.8726692957184,4.930194573017616,9.775011310319266,117.3544549883261,17.137868989516683,11.206829771553984,5.931039217962699,123.67629843150195,26.523919183973916,30.46423183106566,3.025481840163086,28.470706304863853,51.280021998244415,7.412585012567247,493.3672985588307,491.5414571640843,11,0
Granite-Gneiss,Weathered,Built Area,76.81196270347047,820.4348714094939,716.2516083837223,1378.9128338382905,105.74147217991968,7,25,0.601115606871767,3,520.9559698283758,0.5826153615048382,12.036963799852803,977.1089042380204,17.161940758284445,11.056344252156567,6.105596506127878,108.88858291265682,21.11238368176913,24.60602070369539,2.1494718712263166,23.242458584201515,51.35712883652235,7.2438378742760765,558.280180584681,551.7612872080327,9,0
Granite-Gneiss,Weathered,Trees,12.07793301413377,945.4533978639589,653.8294039734717,1334.9301697922024,86.37472522960964,8,31,0.6295689765920166,3,461.5908428256564,4.9182433448442175,10.850594650481753,2528.5495990875497,17.325611450018435,12.781115673995597,4.544495776022838,137.28293603317022,17.708332825454086,28.480003876611637,2.3787921160510774,32.81187915115616,36.31398102949512,6.66186734324503,594.2217107539578,541.2645820309469,6,0
Granite-Gneiss,Weathered,Built Area,71.47957967274118,745.3171863986889,687.7436975361214,1243.2796997427236,107.40605327934722,6,25,0.7934763850231468,3,414.08883760777576,3.02405893769963,11.463325025798262,1930.6753414130203,15.760507642714412,8.742024373499259,7.018483269215153,122.22961216000573,21.547345744213374,33.73208949582659,2.5101848993619,18.30707505214103,41.2092124697439,7.934633166901294,605.3424137671684,617.9756187033132,6,0
Granite-Gneiss,Weathered,Crops,16.004677301509,874.4622302017343,543.7940041537222,1340.316790035055,116.15372143468704,3,33,0.7656522145117827,2,548.8283853134433,0.021813303953870822,8.083403731297992,1009.9430408999507,14.907135089155744,12.055250073687603,2.8518850154681417,133.95548530200088,26.97104703418507,28.97104703418507,2.2846929925093806,22.024559147618408,53.360035336099045,6.996821770665293,542.2938667754524,559.5052215453379,9,0
Granite-Gneiss,Weathered,Crops,12.360734646386176,868.5639460759653,613.0593017119077,1457.4332265218288,74.0105574929354,8,22,0.7671562099501094,2,503.27592847416923,3.6888146748073636,13.824279771145603,2930.241904620541,17.15988269667938,7.098048068546088,10.06183462813329,124.4341702267815,16.91757134257073,23.752856711781092,1.5631663032101963,26.885549717704382,54.70749042325228,7.11721766606624,598.2778585827564,666.0322529909402,12,0
Granite-Gneiss,Weathered,Crops,13.132624694205976,908.5302466000512,780.4377035500747,1326.3851204482887,118.61331218097743,4,27,0.7147476495751585,2,537.3785574471756,6.132613271423538,8.58194304464593,575.5554967971011,15.236790845134493,9.121616671848889,6.115174173285604,118.70706938734818,24.097079084251583,26.097079084251583,1.9786422301241442,24.353884374694058,51.82462443178199,7.916865824331875,479.8421811083769,475.6592350541584,3,0
Granite-Gneiss,Weathered,Built Area,79.29946343191406,817.7748881726569,540.9128283109158,1214.575576724276,85.78126318860969,3,29,0.7512091532348814,1,588.4815210826588,5.831060653344226,8.32459633827079,1020.3483958076192,18.838046342608198,12.524863008137157,6.3131833344710415,120.23421594108449,22.14813109464794,24.14813109464794,2.475882801159273,17.015984873227563,37.73870666593116,6.545814611303146,457.8022628576717,474.37499025749634,11,0
Granite-Gneiss,Weathered,Built Area,77.74618822500526,876.2222417290582,518.7175581556594,1324.9261272797535,90.0856924221897,5,33,0.6228025275520193,2,471.90863618845344,6.00974748237799,9.53181113656831,911.5697853768845,13.591938774044664,11.761635249196361,1.8303035248483024,135.04786265055216,14.60678049950822,26.311216854837205,2.149169372217191,20.421212299486022,46.2843471170426,6.81553819763322,565.9771204323413,537.3885884065953,7,0
Granite-Gneiss,Weathered,Built Area,84.63861102225756,772.940303703801,727.1093973351362,1546.9072053272942,93.29879556646844,7,23,0.7097947407066174,1,497.1420132293687,2.227825780180506,12.301153038715032,1049.943938526968,18.343146294758967,7.177772252730875,11.165374042028091,111.91839994557412,23.892490946268005,26.229907160443474,2.878749425847766,32.35199626488942,54.77628816035134,7.609333114104171,476.3319936496908,459.13721250839336,9,0
Granite-Gneiss,Weathered,Bare Ground,7.5672808023585265,931.0161230090433,648.6766913069164,1204.6779696104547,102.8457055798158,7,21,0.6766696025819321,1,585.9008896063988,0.09333287505535104,9.853216791679406,1058.5553376938547,19.189726055741357,6.156046461251711,13.033679594489644,120.71920923180915,25.303587531930457,29.134920302261634,1.9724687920600354,24.87236827742117,43.316874956035896,7.174388967074273,498.71388537514974,509.60677365654675,5,0
Granite-Gneiss,Weathered,Built Area,83.9093416644609,704.9204311976049,756.9082631718028,1320.5139780753582,71.9688531329953,3,20,0.6369868222869574,3,551.4830929961802,4.500347220613179,6.110386741570693,207.6400935963507,19.25310041459608,6.781462753831961,12.47163766076412,127.22651165059017,19.006723228540075,34.42572292867138,2.187661967943718,30.0506837290921,37.0016394757121,7.217088126328387,521.5241675640591,517.5786586561882,2,0
Granite-Gneiss,Weathered,Crops,17.157838927385637,972.1719463115024,700.6171638450206,1391.4179616455547,99.77068291151515,8,20,0.6217355288606975,2,459.738206082411,5.173939697553104,10.720085442395185,1526.6791876066845,19.03098726474763,10.657793248926826,8.373194015820804,133.08335761640765,15.015310306423451,23.446310320109024,1.7971557597590189,20.958831126746524,49.029198305794,7.109290503238938,579.3704000618336,542.14365264563,5,0
Granite-Gneiss,Weathered,Bare Ground,8.62129188099727,859.901234571282,784.673547736667,1369.4822292177907,51.91425770140696,4,31,0.6817472669984117,3,558.2849180537216,4.012515910479836,9.167064095408561,52.14341952400691,14.254760766978562,8.610499044219962,5.6442617227586,134.15591389508836,20.926857331141846,25.14936704064253,1.9903577079106176,21.858607433206842,39.96675483447569,7.6268935950294034,462.89633257185955,445.64374129448674,4,0
Granite-Gneiss,Weathered,Bare Ground,10.43022310286058,720.9493468441118,757.1581449589482,1239.0129091525664,105.54236304154279,6,26,0.672307455170479,2,526.8191913741813,2.213464735674977,6.234452706593356,76.03019680513879,17.721276333334952,8.959697823901022,8.76157850943393,116.43987617080764,19.171135314847177,24.485699006219797,2.4064276136912675,16.68488270447554,46.75465996870116,6.769415761807159,531.0086903621343,494.4077848443178,7,0
Granite-Gneiss,Weathered,Bare Ground,8.154084115023696,807.2685518665369,714.9019896292955,1337.5973868937244,43.562617870510984,7,27,0.6780111174307192,2,591.4034911248742,5.950436290647616,11.466490987051266,289.73087331580706,18.562325063279726,8.062875402835799,10.499449660443927,125.37018583514215,21.211365814546635,23.211365814546635,2.3282906184455676,34.663607142156266,42.613594779483456,7.25309755866144,472.621453195225,504.45369409021254,5,0
Granite-Gneiss,Weathered,Built Area,88.3854643365459,906.2045625309208,752.3247960889555,1311.6865468284036,62.334097678537475,5,24,0.6041444085142188,2,428.35022776352696,6.889405360625654,7.819349318641444,1516.3703853367783,17.62175687792941,8.052282852412763,9.569474025516648,128.95983137161886,20.30600610811504,22.30600610811504,2.2202208029915718,18.57266621565789,40.949585038640166,6.917069476014136,467.2191503603353,463.86943439569336,2,0
Granite-Gneiss,Weathered,Trees,24.97700399655197,828.4514089554237,601.4083141526429,1458.7164139006397,43.23207460333025,4,35,0.6722910017308701,3,482.7086142990757,6.828273146844622,13.447786979446368,1387.2319874994046,17.830219244036662,9.830735366015878,7.999483878020785,130.3251933864521,12.746914607397583,25.712540918197252,1.6851228313985789,23.092669781065645,43.333763702539706,7.745152156607412,580.267547353859,533.1171978618414,1,0
Granite-Gneiss,Weathered,Crops,6.350998022063097,867.6548130476131,730.0382378890722,1394.4049412863549,120.76271835925448,3,35,0.7446264368821299,2,496.254576303362,0.901132856324649,8.669193553123598,1101.5965975669687,17.856188148377775,10.150868006677895,7.705320141699881,126.27442101131368,16.541703145224094,23.077898650036662,2.1719103955923136,28.244428088817983,47.51305276468314,7.482736571982413,523.3168168271461,510.9015788880604,3,1
Granite-Gneiss,Fractured,Crops,23.64192713936476,919.0357306523771,736.7063683644722,1331.8342487112757,77.67075753675473,6,35,0.7622961039821732,1,461.94734296327226,4.590807445567936,8.599228985210583,95.71616992902032,23.04455023924296,20.304542033072998,2.7400082061699607,140.93575960958466,13.498574929165105,15.498574929165105,0.9814500830736531,28.761832965218083,52.37103156033332,7.414930406519059,915.1914470000435,944.819291191298,3,0
Granite-Gneiss,Fractured,Bare Ground,5.530834955357234,757.6052692388693,709.3756437547197,1476.2423272549029,73.0504363316939,5,25,0.6768137279005678,3,434.584602202295,4.307935794782788,12.405368497747215,611.5992716739646,25.647526991444543,18.37606659046129,7.271460400983255,176.90463144328734,5.0,12.628736085501085,1.9124720588481192,33.169860478819054,48.043942247219675,6.7831389266079345,967.5413548933304,940.0041990126342,8,0
Granite-Gneiss,Fractured,Rangeland,11.665909484425217,731.5463146153966,754.6606359636946,1443.0065638285093,73.02796351302953,8,20,0.7339311689405406,2,442.2066495609572,3.0720784849866822,10.663008764474228,202.93981493313126,26.959612240731456,17.263509783774538,9.696102456956918,151.53281639047503,6.035137123356788,13.296477851410485,2.448545200708143,34.04550527767499,38.610885100512206,7.1419054215319875,916.7172450308059,958.4503884239512,2,0
Granite-Gneiss,Fractured,Crops,16.73016946761184,830.3285780253404,728.7797457937801,1495.9617504976131,47.05137490891438,8,34,0.6045584622502091,1,576.8920329121204,4.4054416648371415,11.606445216613908,1364.8989074227354,31.073758787118035,18.355967517976683,12.717791269141351,159.76674408731674,10.473844262847356,21.05997506578043,1.4979465820251152,21.432451139455516,48.66668459509615,7.092186574793104,892.1087531262965,867.0549960068539,8,0
Granite-Gneiss,Fractured,Crops,6.868404734530584,748.5549299525636,774.7946234563233,1209.999156833538,110.31178229816044,3,26,0.7997518278879119,2,417.9614741737223,2.0730757239544824,8.290150383212158,1616.152689968651,25.182051700190698,17.601739141196607,7.580312558994091,157.81024868617695,12.346229794736567,19.05150769320521,1.3453841790666523,19.56941084688191,52.59522825175815,7.211517948442521,929.7620814628237,939.6664916985417,10,0
Granite-Gneiss,Fractured,Built Area,93.13347843037043,726.3606614110513,778.7796172312997,1526.0937739675817,77.9021517694004,6,21,0.6035957728228324,3,528.311101037429,5.862932399736268,10.017443143822142,1553.6247037008006,25.698869274180534,18.153300568224367,7.545568705956168,153.91629398927495,12.405165573973527,14.405165573973527,1.2122275798442266,16.090408560181622,44.84599267959463,7.002107787863168,940.6183370230344,919.1006665457847,2,0
Granite-Gneiss,Fractured,Crops,20.65859968734173,757.2242561458667,630.4826978970967,1455.7654021969172,89.908497387846,6,35,0.7490776030461934,2,501.1019641605468,0.3120263043824849,7.462347601613794,2635.4924034209075,27.845092703816324,17.15848402100097,10.686608682815354,169.64600882192457,8.337823702355868,10.60997107112381,1.1229277486672669,23.90503389280652,51.50356258460429,7.977601846285792,913.5480020084757,894.7135280252443,6,0
Granite-Gneiss,Fractured,Crops,15.665843059770811,785.3240007270139,567.646051246318,1485.201920827872,100.03393328617737,8,30,0.653842175060128,3,591.6148236035258,5.517784767665881,9.797323639391667,1667.909525450951,24.749919202119326,15.069020984352342,9.680898217766984,146.3470831058125,8.688433668626747,12.87655338410671,2.3240301522769458,32.104087656238036,41.08041367839346,6.874805728376698,983.9459700923185,972.733485384617,10,0
Granite-Gneiss,Fractured,Bare Ground,8.264566686130731,746.1531780410754,764.5376514359937,1300.6246244824306,50.7554155471931,3,34,0.6896147722765307,3,449.5471911698628,2.805843764509839,7.50229601835343,852.582356234909,26.255373414172187,17.979948682726015,8.275424731446172,156.74980233577622,9.542216415387596,11.542216415387596,2.036023144177086,26.356109959693725,36.08217048079217,7.19069483983719,926.3800455488861,890.1898436203901,7,0
Granite-Gneiss,Fractured,Rangeland,10.293064176869184,838.859125053984,545.6764623651712,1418.571974886458,106.98087691233735,4,33,0.7925737868521597,3,545.7189257911948,7.22826201793952,11.856212076428605,316.9670518860514,26.592359879788802,17.24685109621793,9.345508783570871,158.29431264371507,10.234241456437228,13.596638926289769,2.4967662204308305,22.95035464855243,49.300862340418234,7.118755682910371,839.680376229845,846.1183788186232,11,0
Granite-Gneiss,Fractured,Trees,15.082254779244042,831.0751182555871,635.1139523125605,1256.8759966185362,64.89487615533741,7,34,0.7622386568856208,1,540.0378216001214,2.3658178049461522,7.77306310695597,648.9340422829994,27.66695952861374,17.092024860461244,10.574934668152498,156.6003781772008,7.588973066587304,11.185862457714736,1.5096570645979057,18.47314144501532,42.12791029324565,7.660403731859903,962.2825424681736,936.8929311183789,6,0
Granite-Gneiss,Fractured,Built Area,80.19940291717164,873.5306024124251,592.9422503013601,1263.8272543954495,65.0242529615545,8,22,0.6302045562486889,1,419.30893988383997,3.7281626545625635,13.671029475257427,1515.5377697236988,27.16523307520736,18.001841462491782,9.163391612715579,164.87582100124084,13.82131020236983,15.82131020236983,1.2942858820302603,23.249392736249675,37.00756143143182,7.300334449521829,899.5354386555879,877.4598233289204,3,0
Granite-Gneiss,Fractured,Trees,21.439958994641728,867.8476437445015,544.8802751043578,1517.7171812719137,44.02661658570598,9,35,0.6051397001073351,1,585.2949849850579,0.403370676150284,7.5250580323605645,867.0086969162785,23.922112019839837,17.733302159544905,6.188809860294931,156.72339742513375,12.663708702504769,15.30272126701181,1.4730889010488377,27.580076040605647,47.95737440881225,6.548095750627372,924.953029869872,934.718755537489,12,0
Granite-Gneiss,Fractured,Crops,5.032226780604773,793.2913118131181,515.0159269433558,1365.6625175448876,77.6571419898464,8,29,0.6852478900370407,3,523.0598210539432,6.807226503384823,7.497682930073006,41.761311837626906,27.740607154075484,16.2361757934838,11.504431360591685,171.48839700013147,10.277079944642823,12.277079944642823,1.5297941987232302,18.266186857855793,48.44139037646764,6.924132166738631,881.5702954534389,839.9819266170024,11,0
Granite-Gneiss,Fractured,Rangeland,14.784359715735643,887.7309199287754,785.6376090399112,1300.5929148948967,96.5426657887163,6,26,0.6363883512196299,1,590.975759592097,6.9936390855859445,13.527533610944111,971.0334340424137,27.55621436155142,16.43020752475855,11.126006836792868,162.80461536575487,10.174848089582328,14.67629938611565,1.588316229529644,17.451202981836726,48.50195763943064,7.012246423446751,891.1772241837359,904.9142995322202,12,0
Granite-Gneiss,Fractured,Rangeland,8.341137995282939,846.4825838913764,732.3712658340798,1551.5450114561154,57.02194233550782,6,23,0.7340934573794962,1,541.0847546134175,2.824982642502312,8.199689257876905,1691.2622538815624,23.96914463250398,17.164730506917326,6.8044141255866535,164.22463618251635,9.002550170952203,14.121856961432526,1.2670264037412775,19.045848580383,36.03171390753731,7.915856218487786,884.6604854654958,859.9688538380434,3,0
Granite-Gneiss,Fractured,Trees,22.889720678573756,789.6556168048176,797.8400115086245,1412.0188028718817,117.33932319663113,4,30,0.7184240513055025,3,512.6051651037322,4.70801360305836,12.042719587757329,2521.6556033893585,28.388938601173205,19.022353860474325,9.36658474069888,156.6550022403306,7.547341398426885,15.163642948669716,1.6851579785463027,34.77338086238966,35.85586652817621,6.652903824758608,936.3698436942267,920.1540524299818,5,0
Granite-Gneiss,Fractured,Crops,18.1564109133567,917.2802472105823,668.1496353549863,1444.5597121517617,126.37999700832988,7,23,0.634013946104466,1,486.14771547497185,4.6810843446811115,8.160890191070544,146.08376599731392,26.373394178484773,14.4004721436352,11.972922034849573,170.4790914420427,11.191008729699218,15.988307208381713,2.113780931353579,22.842066713849306,42.0025365940992,6.605117271370938,887.4674590970149,915.7109884618689,12,0
Granite-Gneiss,Fractured,Crops,22.674908086684432,892.1612201497464,617.9128946097912,1468.843816333591,45.5918961408972,4,22,0.7275095937649929,1,454.62346318046457,7.0545586953103685,7.736312754445694,1185.2761856477698,25.78146875449153,16.039228524214963,9.742240230276568,172.44881916735915,9.664061651306575,15.982299986323753,1.3382701150015028,24.184016380563865,36.95223604635235,6.597507018953362,868.5957025223481,929.6531864859419,10,0
Granite-Gneiss,Fractured,Built Area,89.69200112935033,705.7340892367134,524.3982835738943,1271.800188399181,77.19268478494693,6,26,0.7872155782033945,3,417.21291295517165,0.37401121131222936,12.141939451552464,672.4418321456935,27.40578393706773,19.531767140832667,7.874016796235065,165.7747233931759,12.70156077344316,15.601196178736803,2.420965663144059,19.70112618501895,41.77992687180402,6.521673578474029,860.3144760818021,923.2217137329048,7,0
Granite-Gneiss,Fractured,Bare Ground,12.255321967224756,813.4418753152099,662.6771307546893,1503.5337653816898,100.5128315224626,3,25,0.7863234984226889,2,431.80023674147054,0.6677129668893809,12.754253530891372,2811.466256222351,25.48304426387957,13.835657872895522,11.647386390984048,160.97955024834377,9.667468336388506,14.467043371529616,2.453480218699884,29.29490468375854,37.048082316571495,7.747744937037798,823.012563015372,833.780538061679,7,0
Granite-Gneiss,Fractured,Bare Ground,6.585995983507825,926.8566182927002,606.2567018113377,1464.7472916922043,109.72450200884326,3,38,0.7517151982488117,1,583.3282134243943,6.424895446934576,8.859972097266917,440.84866618083294,28.770705629777755,18.344916767139946,10.425788862637809,168.35561775393066,6.501395785522215,12.156981105507965,1.7926113348601593,19.158500096175125,52.57931257448249,6.996244216059773,885.668126188219,881.5596809326813,8,0
Granite-Gneiss,Fractured,Built Area,81.39564857374663,756.2628319187085,542.2116155951646,1540.2555199593305,112.98748187945932,3,29,0.7541131687279532,3,539.245132011096,0.10368126548561651,11.578305295432457,2348.830636865129,27.210970553315747,14.954205787771077,12.25676476554467,150.22195362966391,12.46014344082574,14.46014344082574,1.4462740434278079,15.661136250710776,35.36089901890805,7.336791970010349,959.5129072853995,967.3540489488953,11,0
Granite-Gneiss,Fractured,Built Area,77.22114724069966,988.0545660194887,617.7210069654923,1504.739566962928,140.83255894173612,3,39,0.7039376451635415,1,498.4979619244052,0.2186222457135445,6.889423850772596,1956.3751505723305,23.479193276681755,15.320132440493452,8.159060836188303,167.2049947210654,10.923720534568092,12.923720534568092,1.9470106893072463,17.535568238300034,39.19519686358352,7.82023759879503,993.9264093785545,1021.5284177826749,11,0
Granite-Gneiss,Fractured,Trees,8.395987464448233,827.8495258970836,664.1083612933871,1425.4005299148328,82.1812694868555,9,36,0.7698632027935897,3,564.4047644569098,3.5655518930469263,10.672951143217848,704.6782163787746,25.838855479631142,19.490190987836016,6.348664491795127,165.4764403739231,5.0,15.657970868110882,2.819582283468515,22.395280814320984,48.37022743362003,7.199184628524334,900.2626029717848,931.1211015095373,5,0
Granite-Gneiss,Fractured,Crops,24.24744674980377,887.1028307482516,605.6435417725359,1599.4817839139052,58.2516126244537,5,33,0.6091362751797765,1,562.7956507142829,2.9490438827373415,8.056217097494473,740.8948601568824,24.962915553454003,17.014335799198026,7.948579754255977,152.9645866193853,5.0,17.812751336259023,1.6624443726204825,33.297560926612746,39.025848941025835,7.002118073244937,870.0344308341062,892.8616671336296,5,0
Granite-Gneiss,Fractured,Built Area,87.00853113675066,899.5691649563655,527.7248234568416,1236.792178617732,57.90965388176991,4,27,0.7299494776310044,3,443.29119366181317,0.3622188187896658,12.832901806796588,1589.573988128694,24.768946338285737,17.86131613074147,6.9076302075442655,145.96242978504506,12.026170827820373,21.01878972801409,1.0793195981457782,28.91371777995649,42.49028228963819,6.571246906979481,884.0558045938812,939.0171541469614,1,0
Granite-Gneiss,Fractured,Trees,23.799291637236546,884.5594658253301,779.8771470083036,1436.6204379614805,50.940868095938875,4,26,0.6662105892439658,2,449.62824385638373,6.790170097008605,13.902982362090754,492.4216644030831,23.734689617879205,17.62324165258461,6.1114479652945946,153.91799725419065,13.874593508704645,16.760503342792113,0.9444223085722977,32.379826003823595,52.336337506753964,6.568802591382341,949.0377851359453,943.5291619405212,4,0
Granite-Gneiss,Fractured,Bare Ground,11.095256601721609,796.6086483460361,553.0065020087015,1331.599745041763,86.92425548656642,4,33,0.6566912975515455,2,406.55647721777433,5.136362594256119,7.679372674893817,1246.8901992738354,26.78004437034477,17.577046231743832,9.202998138600936,151.3773216350107,5.0,18.00105212999409,1.7448979968519214,26.943667566734987,50.99073857989193,7.850173428322282,999.7090765882505,962.6389565979739,11,0
Granite-Gneiss,Fractured,Built Area,85.22880695648821,882.2456526633863,649.2397543435894,1278.9039267628718,125.0877216368998,4,20,0.6791393467036673,3,507.19306041891247,2.487796585884702,12.446049493815284,367.5691472667318,25.827738383638014,18.227295148784876,7.600443234853138,160.02438609178964,9.01984147176996,17.13008622143527,2.1949188371115906,20.87555612624335,46.422161331937886,7.497201838426094,911.5794784508804,892.4701647423977,2,0
Granite-Gneiss,Fractured,Built Area,79.02021409955309,709.4273223158987,770.2710283879859,1260.7223945973417,101.20279455461421,4,30,0.7980999937966102,3,489.19983657694183,1.5403044320924746,6.481384213707288,104.31258472030255,28.235691873100393,17.51488817484111,10.720803698259282,147.49661381545408,11.905815647034483,14.920699357873929,1.601247388232435,24.132016350710295,45.74914942629634,6.790852168615951,890.2096341801529,869.48027269307,3,0
Granite-Gneiss,Fractured,Crops,9.820954385198624,704.7764783897815,754.3028624164931,1282.7355574978474,65.1332102019399,4,33,0.6250996683414589,2,529.8314225812243,4.8764202606681435,11.482878078623012,2523.0364192088614,26.137887477392304,19.513596487557173,6.624290989835131,157.59507613072702,11.139962033313035,16.28792026775125,1.4105527913891918,29.975213102902615,48.44516768200842,6.855639566357478,992.8237394318289,971.7802315097624,6,0
Granite-Gneiss,Fractured,Trees,19.014338441958287,770.3703524710426,777.8334875678486,1342.7206813480968,93.12822336985936,5,23,0.6135273197729006,2,411.9405787825075,6.3802370112529605,6.752090325342804,1815.4056101510564,24.37240050833262,17.246662565993795,7.1257379423388265,170.65029849849105,12.067818501621161,14.067818501621161,2.3804302509265396,19.23008746419623,39.452335262372635,7.153451415403691,971.9768398086129,957.7309771446796,5,1
Granite-Gneiss,Fractured,Built Area,78.02278739169098,801.7833335121422,768.4699729719173,1560.8157453886915,88.54068915102596,4,37,0.7139746324444992,2,431.3241001596477,0.10616891400466955,6.12108886003663,840.2662719893666,25.15654477890079,16.099543854661093,9.057000924239698,170.59675400154552,8.332172751994559,15.049350158178306,1.5888330734107825,17.87228117340501,44.662771292881935,6.6846734424016025,862.056844917338,842.4375347746508,6,0
Granite-Gneiss,Fractured,Trees,14.132490736107542,763.8654113706536,771.9014244312566,1576.6621126859911,72.99998383695835,7,32,0.7831237995430844,1,547.9972401842953,6.599190559504797,10.479028961478804,2675.0488314267645,21.553421336260868,18.47978229158716,3.0736390446737083,157.584472171776,12.0113318276628,14.0113318276628,1.297603369538229,30.277678381125188,40.5778689757594,7.793340924252783,859.5298585075907,899.0322620860744,11,0
Granite-Gneiss,Fractured,Crops,6.0719587732733205,923.2358405596892,511.48043066880336,1333.7194445664306,119.33392745972806,4,32,0.6960191869341008,2,589.0646661953867,5.191659080806045,11.444974664907846,2602.066498076311,22.83795094482155,15.611975182488628,7.225975762332922,163.03811599429244,8.02195900894515,16.957535573811825,1.8297406503783638,25.378689639577082,36.35813091187957,7.809828919280098,910.5056365440742,909.2454077389525,7,0
Granite-Gneiss,Fractured,Crops,19.428309558050298,875.029910467824,663.7989625911935,1214.1443772748946,80.28214981529636,9,26,0.6567859095393808,2,537.818404297245,1.6623408823130204,8.629592394293397,2030.8656571843505,28.139268270111085,14.829949027704908,13.309319242406177,158.27068389776537,9.265732816512196,12.518133994146412,1.3726205459558996,17.294934666289624,49.73978967910689,7.786792826358001,891.9039000992747,876.4465032322157,5,0
Granite-Gneiss,Fractured,Trees,6.010206648020722,721.5499884865396,748.3877307201637,1411.3246903090585,89.30754718099378,5,35,0.7492521683857712,2,556.2094094594421,2.195742592729979,10.357045934131481,302.339654397173,26.96862417723931,16.742474755727237,10.226149421512073,155.55706930696354,7.257363731411346,20.096014610946106,1.361706676720701,32.11447410016472,41.635253142107985,7.73131913580661,932.4624924172763,968.7748768468873,10,0
Granite-Gneiss,Fractured,Built Area,83.93927212081765,796.8448740951325,716.0454440073839,1522.6659497385979,93.43308927433307,4,29,0.7024284353676744,3,411.3340503739575,7.928084631934907,12.674880730521792,1089.7552159193742,27.82460320466918,16.675370857356285,11.149232347312896,169.54035379903834,5.824583287118579,20.65256545217875,2.562032827515313,30.566171805358685,54.73233100020167,7.079165072060869,866.2894697536725,916.7007238242898,3,1
Granite-Gneiss,Fractured,Built Area,82.15071528945066,737.7087265721699,566.8815994953394,1389.8446151492494,91.23512731580827,6,20,0.7265838476937865,3,575.1057527200045,2.098395511231682,7.935726984609874,2332.958498657638,23.66713211231132,17.407715462879764,6.259416649431557,152.4504541319358,9.451090395466899,11.451090395466899,1.8819390305606387,30.154409414468226,37.08421657974115,6.8356197251411945,841.0704290264508,875.0798036208394,9,0
Granite-Gneiss,Fractured,Crops,6.863786542140482,877.0082461937914,704.2729724859237,1295.251024290556,47.42614277002996,6,31,0.7445751249066761,3,499.17474210787555,1.2470049392374367,6.374202762940427,2783.645002432764,22.217252082270253,17.626500268223907,4.590751814046346,169.24012016161734,11.475454467719276,14.017375051518538,2.4084871559895307,29.79611671971567,54.97180313421963,6.527617171951753,965.7069459274704,947.2795328071417,8,0
Granite-Gneiss,Fractured,Trees,23.116634931606207,938.4795050865185,734.5381363916529,1261.995791342189,140.0254145043114,6,21,0.6074472879393172,1,576.5661694622604,7.707715170459444,7.28351828671776,2646.2958772148418,31.441062929506778,16.058045070602493,15.383017858904285,148.52147283945877,11.176393823175099,16.70064206392812,2.3026457348842735,33.15151609001606,52.61287115678586,7.528335088025154,933.3122105990706,932.3298659522535,7,0
Granite-Gneiss,Fractured,Crops,23.91791990865538,797.289745698577,779.6483404060699,1356.596746449678,87.65027399110336,8,37,0.7282680629205676,1,567.2255200452014,7.203954575976293,8.625504226600526,1957.7388216068678,21.542828995176183,16.93735489559095,4.6054740995852335,150.58307942310785,11.509591032842309,18.35009640140389,2.1707943214764382,23.61951524192929,37.57201312848941,7.9050955601296335,938.0790674500256,921.3142953379466,8,0
Granite-Gneiss,Fractured,Rangeland,8.71009345686863,720.9862792432566,785.9125868496116,1431.567221022546,52.68851969086088,5,25,0.7799970333627115,3,514.494469477645,1.632069149239772,6.399086750097508,2932.1136471953837,22.5125341051282,17.12530802788605,5.3872260772421505,161.36564616220295,5.396966003626801,14.69366695096372,1.2215262886165352,23.727637860466942,54.8647201210438,7.238882810952524,876.9120063885167,920.5707944500717,10,0
Granite-Gneiss,Fractured,Trees,14.778469779053951,976.5599561034202,591.6562328690113,1453.7077852973605,138.5830119700763,5,33,0.7398403902600248,3,522.1835977243503,7.654311984794113,12.425133148824642,656.612859874651,25.569508015140585,14.973213619351707,10.596294395788878,165.5940352008286,12.048279379686063,14.411539092232271,1.9046741546489148,20.58075089283514,50.32997997536398,6.854431246839607,886.6919310314727,903.140370935908,6,0
Granite-Gneiss,Fractured,Built Area,71.61816997553737,963.4069194227284,685.40695726542,1492.637580103009,128.0252280547734,9,28,0.7223978263847143,2,541.7051045123492,6.710903405411943,6.650036702929724,513.3085342247507,23.599582288512845,16.219372587613474,7.380209700899371,139.2594170698098,8.216118707217808,20.810645772168847,1.1724260556578443,16.807077637310858,45.95511321857683,7.257523450862268,801.2694217826546,817.6569357191146,9,0
Granite-Gneiss,Fractured,Rangeland,14.95199596377615,929.4889146166435,595.5810362423318,1211.8253847572655,121.86044647242815,8,28,0.6360473586617814,1,400.4950284159062,7.539294289944662,8.611469822565201,2715.3233060504804,23.937983263610207,15.018652398669131,8.919330864941076,154.93731763979255,15.003979546024107,17.003979546024105,2.1094667950731982,32.29305634041304,35.80256448196359,7.850146589262193,766.6537091636504,730.0326355702421,12,1
Granite-Gneiss,Fractured,Crops,18.57189528360463,964.3733439359168,675.5914216332206,1231.7502871158388,109.53536276207684,7,38,0.6604502699510969,2,521.7831528081006,6.689411757661155,9.611960543977666,101.98557522859333,20.50853730783272,15.818542203504515,4.689995104328206,153.8062444115428,10.421865600046846,21.140919606213533,1.4161000991741246,31.657713704183582,37.051970390690954,6.986345777611246,897.7224253696143,932.8698989022063,10,0
Granite-Gneiss,Fractured,Crops,14.207207598447312,884.6377708749976,620.2673142164191,1412.1230372222217,79.82220046322303,4,21,0.7440317387348909,3,564.675797848836,1.1607345080567066,7.233650301230845,1088.569989960182,23.013143201686702,16.391832876116123,6.62131032557058,155.95103262191975,9.662402562428516,18.26373677567732,1.3412759912261762,23.536240506272847,47.46089744478269,7.802430420813,759.306087077604,728.6351625983214,8,1
Granite-Gneiss,Fractured,Built Area,84.15762920208064,731.839875745994,650.2054835040663,1401.1634654549364,88.4675419396833,5,24,0.6011948638317911,1,453.4683818437979,2.5107691885450123,10.747344895176242,2346.6575820010694,21.83946105200936,14.796756820451305,7.042704231558053,133.151307681476,12.966071420161644,21.115751919559344,2.1557039904371975,15.295230424008237,39.42383318271095,6.841116756204239,811.6924351326815,861.9966112719145,8,0
Granite-Gneiss,Fractured,Water,0.0,999.9855673930392,649.3487524566368,1270.9123558137096,82.8392420384499,8,22,0.6928540145869062,3,429.627139966967,0.8135886192657775,11.315071919885153,1200.1852138596018,22.075369388543194,17.50915146165931,4.566217926883883,151.56598150127624,13.382871102297504,19.840004180358946,1.8927624167735888,25.72923088639174,41.32557000345094,7.963423140735653,745.5031362173803,736.1659991381473,11,0
Granite-Gneiss,Fractured,Water,0.0,835.4706603277159,791.4855174349445,1384.0891258640784,51.225438075856566,6,26,0.6238594711516746,2,458.74546160762713,5.34544434308946,7.06428827311253,1262.6773624944806,25.06355634122155,14.649136533644702,10.414419807576847,155.16306085970456,9.038865569388427,19.906787617441978,2.414642816131554,26.93024426130566,53.60169975589237,7.028949315872752,724.3243537941213,701.7459454597317,11,0
Granite-Gneiss,Fractured,Bare Ground,10.216582549754019,920.0509517079852,672.4731449104033,1292.0753478830775,98.30552410894245,6,26,0.770265344010699,1,521.4808037339069,2.9267588506203364,7.801672506206793,1853.8545739013425,25.63136424807451,15.981152402004549,9.650211846069963,147.16622197022673,15.423528242616793,17.73139263178116,1.9023034410513973,34.239082064967306,41.05044408361806,7.779009217840551,798.5905913794229,841.7098765744914,5,0
Granite-Gneiss,Fractured,Water,0.0,955.6917571506749,504.1430047785658,1284.2949327903902,64.75857145646673,4,33,0.6818461772165834,3,556.9456099331419,0.9370888797904566,13.731387143867423,2019.8209518479293,23.02978805371634,14.530996922030445,8.498791131685897,147.12658561936595,16.777177080140184,21.458670078679283,1.3285847263142068,29.68935428797221,35.48631081471686,6.843275816209881,921.0339998395721,873.6522360840789,6,0
Granite-Gneiss,Fractured,Built Area,76.41899616118958,980.2125261799138,541.3150611606767,1560.5248355093925,134.95212832546002,7,33,0.678152147193474,3,401.8688228731814,3.7234355233708243,7.313757400015378,1545.6855674606795,25.34564060440753,14.317665965655575,11.027974638751957,151.87395356474633,13.222324796920308,20.280601149153483,1.5562885477943982,20.045669430597698,48.708998449353,6.908158788134267,796.9631833424525,763.320083615088,7,1
Granite-Gneiss,Fractured,Water,0.0,842.5419558636606,741.7729870499679,1495.3384686542202,84.87847278679872,4,32,0.726162349522132,3,424.69116591713754,5.95053542724127,6.4907951475948895,2534.4510643965427,22.27432232859791,12.983295219767392,9.29102710883052,146.57457867243065,9.180599595229358,20.352339992761763,1.8105976980672498,16.601838976363116,51.08746401978434,6.619034886505068,758.6253897171314,765.686700613291,5,0
Granite-Gneiss,Fractured,Crops,11.336221066524583,825.8826560227064,572.1928398888251,1289.763125105225,53.69842535703034,3,23,0.6159183134575407,3,501.50464338600045,5.758188649486568,10.031842715031665,815.9655479072222,26.011344940704234,15.657637397049621,10.353707543654613,165.98885543949788,10.761555425021072,17.607619153006503,2.184322856358391,17.169596101036106,36.59857838122299,7.716271909144503,841.6250397502254,832.2646960337643,3,1
Granite-Gneiss,Fractured,Trees,17.710360056441075,890.1109639006387,619.205265556572,1295.2416028602306,91.51127169402598,8,23,0.64297124026094,3,432.49445909704275,7.408408533025897,8.384086204687861,1389.1182606134223,27.637465732477917,14.28406484448452,13.353400887993397,141.8595065731211,8.83868165696103,16.70349938565366,1.8299907708633867,15.616102233618768,41.87507773836784,7.071844266749659,833.7526340659078,845.9075250375791,3,0
Granite-Gneiss,Fractured,Built Area,80.13140487366064,949.556217406243,624.0737436073578,1527.3926010335892,81.05820876594201,5,22,0.6108300848392456,2,407.20311787968757,5.793901998191965,6.678091813346479,1142.397122811996,25.312452049927288,16.59918243545316,8.713269614474129,136.73433689928743,16.893749282565118,18.893749282565118,2.1336093141176145,18.98847990219206,54.778340771549935,6.554299256031783,775.8372685187659,799.294537068683,5,0
Granite-Gneiss,Fractured,Crops,19.472807647739465,709.2470375726799,690.9602036317449,1295.7338113325604,55.81048802340159,3,21,0.6325500412428824,3,552.9423816795917,1.815563176657446,11.664981089510473,2992.682778405124,23.561501407244023,14.648767383103474,8.91273402414055,157.87164160593062,16.581184283263887,21.119473412081398,1.5399485740732461,17.080228687814188,51.40841461118389,7.1010531242741655,743.946047982517,693.2305566533847,12,1
Granite-Gneiss,Fractured,Built Area,79.00704910619307,753.8606865443857,778.2304297214114,1318.5208200818895,79.09125538391568,9,32,0.6412494910538553,2,525.1860681157457,7.511895656539272,10.024735320617479,2116.4925032959954,21.706886351493385,14.77506010071692,6.931826250776464,155.13109050865052,10.37064570378312,12.37064570378312,1.7841080192755532,31.439187026261287,46.96073037302054,6.745517540582739,771.0053001889178,749.0214218776789,1,0
Granite-Gneiss,Fractured,Built Area,89.2946779964618,888.8919412986952,525.4003069563644,1367.6803603029853,75.18898044810607,3,27,0.669080640851578,2,595.6330667688624,5.634965193649835,6.169368004869677,1909.3986213913652,21.113747934361495,16.708591958487613,4.405155975873882,139.47099767597317,12.280558040376132,15.74281680824681,2.2007731047279884,19.394611395644546,44.88611035106855,6.931494423715601,718.2277348594853,723.9823691666475,9,0
Granite-Gneiss,Fractured,Built Area,89.82773196432363,764.8698645196083,603.5411519982611,1514.2006566906566,54.42568732406545,4,24,0.7860288350610513,3,489.8649122097012,4.7602195747699705,13.854426106081384,1032.2236639788487,24.489604208421362,16.861037054290374,7.628567154130987,153.4410466201923,9.874748865442562,12.174272128114971,2.2758436809118012,19.285288341210332,36.03392005814756,7.777037249335562,807.857380245333,794.4865413309959,8,0
Granite-Gneiss,Fractured,Water,0.0,717.3230008146502,792.4473421554717,1454.7137937164598,43.65216508924762,9,27,0.7992415425850922,3,402.32689739639915,3.8473777827900593,7.442846190927476,371.730826286433,22.29360630666099,17.260135368352596,5.033470938308394,141.8795460622624,14.240494619312837,16.240494619312837,2.38419421976182,16.484228247397294,44.46819441147335,6.824386425702272,751.3745820238172,727.5617192847436,5,0
Granite-Gneiss,Fractured,Trees,5.3227278831965075,800.8026154653307,524.4279535876137,1418.408319688841,63.55229307786798,9,39,0.6285946511332082,1,594.7842689814024,0.20802157406835065,6.376275693203447,2871.8635837170677,26.367799611058302,15.691619561884838,10.676180049173464,145.50373928962696,12.394071424234827,18.262452729823757,1.9306711350369847,30.331234047314332,35.95357711596226,7.958503293650303,816.781551571273,814.2232843708435,5,0
Granite-Gneiss,Fractured,Trees,12.598667397904464,898.605049655529,550.5645509246764,1440.5051124227643,98.30524466828939,9,27,0.7520076635860925,1,422.4073242366517,6.032435958768971,10.86904937383979,2298.788599244655,21.6011923761286,15.67463266324316,5.926559712885441,135.09873052924362,16.888966576547226,19.78124661947494,2.538803857272904,20.7654690738147,46.58546396281767,7.675842826699475,724.2765844177488,699.0169700220576,7,0
Granite-Gneiss,Fractured,Bare Ground,5.436757721661655,816.7370327363521,529.8511748394228,1535.6071057824329,65.04423665014929,5,39,0.6801405373122928,3,443.0346996523704,6.620475406992309,6.494142948793059,85.75649441015142,21.775800424295102,13.601443141903589,8.174357282391513,145.0045018864974,10.628105920388744,17.219944613525055,1.6781856396134502,17.72065412331695,37.20883853636265,7.420253255258304,771.1321630178892,808.3206407291575,7,0
Granite-Gneiss,Fractured,Built Area,84.36942199497258,817.4769393234665,735.3505383629582,1499.9690970737227,92.59419563415898,3,21,0.7269419195322582,2,506.58532274370157,2.3767372619624787,6.247200293365598,152.957119971197,27.178489841671894,14.759789714112953,12.41870012755894,125.86817221547908,14.499314091833147,16.49931409183315,2.332811290494925,22.02228895314295,49.55196387218017,7.25670501629926,820.7544953860444,835.5580785698211,1,0
Granite-Gneiss,Fractured,Crops,5.445902551516067,902.9871120047735,741.6930840183402,1307.436560506984,86.04487974857504,8,38,0.6145201453627445,1,517.4005497963878,0.2768892091516557,12.213755893803771,2282.1044234022397,25.51030874506511,13.651137831705526,11.859170913359584,153.82972427109559,8.42639859967452,19.28786731069755,2.7842279844159004,31.760579242612682,40.91094563115702,7.339709160267494,810.1023917122071,805.0869995040395,1,1
Granite-Gneiss,Fractured,Built Area,92.28070709157937,999.1220492748221,514.0076520422325,1263.9741202808984,131.44316828464187,8,31,0.654916144883986,3,457.9294484575979,5.250905066167334,12.549857961400312,1807.1228283174187,23.988178747092483,15.080267978104057,8.907910768988426,163.9290295573149,12.19474563269428,16.324985548768915,2.788946781215221,26.087696368496086,39.92489004747004,7.218634701748072,839.784462658571,854.0373067281262,7,0
Granite-Gneiss,Fractured,Bare Ground,9.318183841120067,806.3608223721918,759.1612523953627,1218.7139529862418,95.15532400588374,9,34,0.6672960682536924,1,415.65586935361137,6.300263795105685,12.207189724893155,1644.6057512871062,25.29001476223985,13.083694857094319,12.20631990514553,151.49581306035677,13.817301688916057,17.24711690435165,2.6778395303501252,20.860327801876153,48.60730483122056,7.024165587289055,764.3110247143272,762.3999883469996,1,1
Granite-Gneiss,Fractured,Trees,11.941143311716187,860.5916095730863,627.8185041546861,1571.7521170165314,60.88227623270728,8,27,0.667051127374263,1,424.73113346051304,2.4748323490439024,7.664184837106096,2382.2926067459885,25.098616574568297,16.93822447339665,8.160392101171645,159.613724197325,16.876737051000244,18.99091127419326,2.2579757243381686,20.081735003637547,40.736923453593235,6.978523837528144,824.4630419236184,803.7371757419874,10,1
Granite-Gneiss,Fractured,Bare Ground,7.6950064652996915,752.3870832754128,688.1436853919743,1487.429169844679,82.23831051716888,8,21,0.7061991072129428,2,564.1729126121925,1.508950230113931,6.776346341443091,983.880245906303,25.625732358519883,15.909060137143458,9.716672221376426,166.6664609206962,10.179206545606991,13.577730929739557,1.9017310920951622,29.40353592753447,35.788046652900604,7.540872553142128,791.4281803571396,740.9789352517179,6,0
Granite-Gneiss,Fractured,Built Area,91.93129596087901,719.9586046059646,615.4817232157669,1330.090371355871,105.53196855591729,3,24,0.6516121112228694,2,401.7366948106517,4.082080343851639,7.92099109866995,1597.5204984525606,28.021552344008782,15.447489895039585,12.574062448969197,149.3003155795205,5.568470399962415,10.00720086241542,2.369111932010426,22.10943301877866,54.29027774932672,7.770089805779779,815.0738917877652,775.5142941962707,3,0
Granite-Gneiss,Fractured,Bare Ground,7.081488361162811,711.5219524226305,537.2378056705891,1542.6739322622943,80.09592817247675,9,34,0.6969691340317145,2,468.68513034979696,1.58625257051483,7.629946621440013,29.95161200716849,23.09912806167542,14.621238189158197,8.477889872517222,164.26308012033917,13.617979313752791,15.617979313752791,1.728773141398904,15.938397512757925,44.177187696534915,7.114107849647492,810.1326934794992,806.6625582818571,7,0
Granite-Gneiss,Fractured,Trees,22.803070291576404,884.0835081932785,716.4025045429628,1358.1090067196503,109.81733418511128,8,24,0.7351694579846605,2,403.26143923198026,0.04869428948695553,9.307053548531092,1594.9231853579045,22.773317982087764,14.437577605565991,8.335740376521773,153.3794176623762,12.106468761233558,14.106468761233558,1.778473783744068,26.075127476128294,43.11880478194925,7.959651095445797,782.6389320718945,774.5431528317589,8,0
Granite-Gneiss,Fractured,Trees,24.405672390711565,832.8235375559583,757.6158367150251,1385.8511087788129,44.847381525614864,4,36,0.792404402662719,2,518.3462802194829,7.5024034787910985,12.515915856425632,272.6851606302639,25.98431485800685,16.170015880580536,9.814298977426315,137.68727685360219,13.315219486742034,15.484496289262388,1.1286322368276207,27.51107706344031,42.6113400545962,6.856743181096733,826.1637879404541,880.3056350764266,11,0
Granite-Gneiss,Fractured,Bare Ground,12.57684595399422,913.1983245217198,512.5428085396104,1393.3109201557347,87.59130160653352,9,27,0.7707758404966553,3,535.8863173809356,5.347426601296497,12.136003741285105,2596.320853925089,22.58898298340157,16.395325793590686,6.193657189810885,163.29064281980806,21.149674649485675,23.149674649485675,0.7317635235112614,16.686512663656057,43.262471143971396,7.173753518409046,778.7280920414611,778.0648929629011,4,0
Granite-Gneiss,Fractured,Trees,20.259793984055918,714.7922755351728,556.1495820162778,1550.681008053197,89.76083115303062,6,33,0.7838798558890457,1,479.49343924841503,3.6460034675472572,7.78089891919851,971.2060582196838,21.887544534345864,11.16870681253717,10.718837721808693,143.0524351541332,5.31234670162876,21.293772572381215,1.8764427174725626,19.17578795541937,37.280781608434545,7.573304653260566,904.4730711595329,880.3935340192687,9,0
Granite-Gneiss,Fractured,Bare Ground,11.684601274171769,844.0909302212877,542.0921321342022,1445.391344154302,52.50685497227687,9,32,0.6751634698163208,1,489.9699068963232,3.8862303934472697,11.875758767880942,1705.088597528902,24.09419239439017,15.86915601472126,8.22503637966891,150.75377712191474,11.004401994102603,15.044357666454808,1.8879418504894807,19.505319103169775,53.21430482316845,6.687785659071195,777.0807332338135,761.8191360228233,9,0
Granite-Gneiss,Fractured,Built Area,70.74601559945322,841.0797151492844,701.0254381436969,1244.1876873994345,87.28257985901925,6,22,0.7375726399911217,2,445.23924515721296,6.508636504314603,11.668167739824526,2644.449177126563,26.578121455774006,14.259545456486954,12.318575999287052,156.26579992899798,18.90998532238772,20.90998532238772,1.2212000674505359,25.566641898537355,47.690363611099336,7.419210565019492,761.1371050650878,748.4208901963278,3,0
Granite-Gneiss,Fractured,Built Area,89.5345614889059,898.6943255565741,762.770799598137,1211.3580433599404,71.28133864072672,7,24,0.6525469581007296,1,557.2985833581706,7.622147680377802,9.599540879943095,1093.1607000755191,25.681640765004982,16.61842489328848,9.063215871716501,142.13712591108458,8.000741082866014,11.449569345355151,0.9731435843079297,34.09607509116598,40.126208426567764,6.629015205003757,785.7488631202157,770.7860330442757,7,0
Granite-Gneiss,Fractured,Built Area,85.57826599390351,961.7134508943057,770.0489536359596,1222.5868158086362,92.44722947807975,9,26,0.7916816125779452,1,459.12989784099864,0.15383774293199348,8.38259914140577,2150.356604605585,22.996770346845675,14.806559988030035,8.19021035881564,140.25574218712325,14.148860383964935,16.148860383964937,1.7794448838893306,24.42749770947363,44.73633370887822,6.816757974576139,818.3407354616952,840.4094227249847,9,0
Granite-Gneiss,Fractured,Crops,23.76937867656285,896.9226786523741,543.7022753783624,1503.2466155737438,94.2729772745316,9,22,0.7379422513583009,2,520.5271639804823,2.8659457447895402,12.655931465090493,2907.0687884806975,21.896726338016226,16.913925690079203,4.982800647937022,151.32050038521857,18.440506866546,20.440506866546,2.2542703066016605,16.707485418908476,39.859558756291435,7.373645898559119,806.1759903737991,765.6161725572147,7,0
Granite-Gneiss,Fractured,Built Area,76.11088789910688,885.1755519375109,643.0950976295788,1563.3005890228364,67.08650415853764,7,35,0.6616082534350275,2,425.0114847399268,0.8944128622683731,9.83783664608448,2413.221630064898,26.657648749338936,16.350827493087024,10.306821256251911,153.5657791318252,14.14283836124931,16.14283836124931,1.2861921341483913,23.592529209467955,44.10019477943963,6.967262958946014,773.044875611955,714.7520843558294,3,0
Granite-Gneiss,Fractured,Bare Ground,12.309006268695384,792.4041130145802,732.3016567567624,1283.1500974635335,109.86563261864275,8,32,0.6408717263869426,2,408.2699302563255,7.388997880603268,13.898789825768585,1639.6469552296755,25.819986271485813,17.446609548647874,8.37337672283794,152.16411035953973,12.684406451560045,14.684406451560045,1.6612870277897036,26.68923406813984,40.22610230081764,6.741531434783729,795.2812722823228,779.2874695992655,11,0
Granite-Gneiss,Fractured,Built Area,75.87995040558859,868.9566570542179,720.578701335947,1549.9478024469151,87.906734671018,7,26,0.7894216478574474,2,415.01000408626476,4.710889243159004,13.288515051660774,706.5410370426054,22.789326669885657,14.701258933388445,8.088067736497212,158.78044816442173,11.593280439622797,20.41102485896544,1.6855413279369702,26.494567650974354,38.51883254101611,7.903699861780526,759.305658021947,709.1390106589778,9,0
Granite-Gneiss,Fractured,Bare Ground,9.937336124930994,888.9993236044677,518.0112198142257,1311.1815728089991,111.09458659493893,9,22,0.7182433698812019,2,580.5060289991301,0.8712793978617981,7.837588204570375,2993.504449813935,22.214662518264227,14.372222593336328,7.842439924927898,142.91787940299832,17.08846881302363,19.08846881302363,1.5446634253164733,27.170977860167326,37.63694750950856,7.539286680346399,754.4435051377433,761.199305144243,10,0
Granite-Gneiss,Fractured,Built Area,88.12573596895716,939.151505992506,588.3982055659806,1214.3060654594628,125.41305290838793,8,35,0.6405402051040944,2,461.61668575149685,4.541978707664767,12.048678110684389,2438.9044967974532,24.04015075032195,15.310272981413304,8.729877768908645,155.3195440918693,17.004729363457496,20.192804264489013,2.446434945539967,28.84895080272694,49.31214426052382,7.3505944343845595,757.5843547353187,749.2501196664807,1,0
Granite-Gneiss,Fractured,Built Area,82.37304956911505,912.4308619871061,638.3399243640295,1391.4141579069335,95.28559127850848,9,38,0.6647234717587974,2,520.6272484248054,0.013164635676254477,11.103331947257415,564.2846669398666,24.41803506409457,17.456426123831896,6.961608940262675,131.12643638538154,13.783456551790866,18.10022544244581,1.3089457642519635,25.650562687151776,49.34915228470498,7.941658218442994,799.9530063580463,827.2039655360488,1,0
Granite-Gneiss,Fractured,Rangeland,13.884312429363519,826.8642329888243,599.2037720618165,1228.3342771692867,106.86484567977544,6,27,0.733894667877671,1,461.8142184986256,5.26532724076651,13.327092006331345,2724.5181401787695,18.121690492158677,14.02998718653288,4.091703305625797,131.299649610315,19.428266479864313,21.428266479864313,1.9497577715585037,21.996371884903095,52.41490929519958,7.667103297718002,580.1566785492141,584.7361042550867,3,1
Granite-Gneiss,Fractured,Built Area,70.96259355839129,914.7393611577388,690.4915262730478,1393.1987194371127,104.91556353070699,8,29,0.7940047157950492,3,459.9084351169272,2.4934408437915287,6.375593116771712,634.4818331246747,14.883211164521377,11.20428734165817,3.678923822863208,119.61197532400877,13.938406934782037,22.446817756115074,1.5559614975098803,24.402266546669438,51.640787477840064,7.876317574104402,577.1528710715579,580.6995598738622,8,0
Granite-Gneiss,Fractured,Crops,12.452443786537078,739.4418115874671,645.7043692401036,1570.2471573456605,60.28548654696598,7,25,0.7721335180400035,3,578.2880012116719,0.31520835880647713,8.27180372233477,1183.748217531167,17.50565455980585,11.09022828727051,6.415426272535342,134.60307421525138,15.626023871821394,21.342322844270036,2.384849676456878,27.620820455752337,47.6862150659727,6.67250591898581,548.9115244241502,554.3787009475063,7,0
Granite-Gneiss,Fractured,Crops,18.39649421838861,728.8723451845593,692.2450329556997,1532.1909834387436,79.58716012095283,6,29,0.6039892132057312,2,404.2396509816374,4.998868088594455,12.632749889753441,1597.0481899345843,19.17482122981544,12.449175517704225,6.7256457121112145,116.19353890302604,17.17874875952562,19.602794544939968,2.5795068477409595,26.045601975187886,38.32262887495928,7.499182507322132,559.7537946879017,580.7347804979524,8,0
Granite-Gneiss,Fractured,Crops,19.61910243582001,701.4189312081603,540.8597006537848,1497.6003495269804,92.58086475935465,9,31,0.6924234549514217,3,521.4965415676437,5.8758411878041725,12.430183487268465,77.84269085735716,14.975585221875644,9.501722647186359,5.473862574689285,109.28621194531983,17.548925809474802,19.548925809474802,1.5322084549587922,18.450298306320473,53.54217315859139,6.987860813631031,641.8839652132278,636.7521667216325,3,0
Granite-Gneiss,Fractured,Bare Ground,7.992608680016278,916.0829987464297,552.8658023278604,1595.7891187180899,114.15248083080691,3,29,0.6625434997952725,3,455.97121740899365,1.184093697864892,9.492643157164437,642.9278716629897,18.01049751344094,11.344977703066986,6.665519810373953,111.52761576585839,18.87719123452852,20.87719123452852,2.482745401376258,28.975048777699357,46.13510547801411,6.778140497286008,611.6519310540679,574.5081276066647,3,1
Granite-Gneiss,Fractured,Trees,24.804296877565747,816.7038751620215,562.0531764712774,1253.9623193250645,88.16231374246385,6,34,0.6435961201172963,3,514.6143248283715,2.5391154328965504,11.54725818409132,1983.4737554640549,16.144651678454423,10.090206285838446,6.0544453926159765,106.23178830200925,14.881234565473353,24.257433525708127,2.200420417379491,17.348079679166272,35.312346795686246,7.104342987394544,585.6143583136901,598.0387269132136,12,0
Granite-Gneiss,Fractured,Rangeland,8.784873584167114,800.8488646972501,599.260331065495,1385.1601708449348,75.93594947408127,5,20,0.6567822155198115,2,520.035273375209,4.888792316437277,10.195173981783082,1261.8480076166766,18.14230946849128,15.080565812343758,3.061743656147522,124.35956161218394,15.199787669272292,17.19978766927229,2.501242336667814,23.719010504497984,42.50527503131488,7.802371544627366,632.9568768247743,641.3240472840599,1,1
Granite-Gneiss,Fractured,Bare Ground,9.860731042371594,757.7529721889597,783.9267687556302,1555.2792230672428,65.97602401617036,5,26,0.7974651630734534,1,547.0093280352783,7.5795882465987505,9.416628147161411,2322.1388885579704,20.37248270491495,11.720224730353937,8.652257974561014,118.5073251448095,15.216756317807818,22.73093713177828,2.3789502723936446,26.27353985191936,41.53973165042728,7.430741984240521,661.1744493347305,674.5198995243738,7,0
Granite-Gneiss,Fractured,Built Area,93.39366418337585,824.3149264194577,701.7940765751445,1399.4577435710337,115.90062315021892,4,26,0.7622652899089509,1,483.60414992614375,5.727804220485045,11.546800817769618,932.4187460346105,20.149106405991006,12.251251915325666,7.89785449066534,117.61425004117201,17.068079727550423,24.408113436247532,1.768934493012872,30.606424290866247,36.00027809728463,7.440367942503114,695.1642224435292,677.7509575329163,10,0
Granite-Gneiss,Fractured,Built Area,87.72525443010883,867.1206964075839,592.293172337042,1580.9891019914044,124.57386326440839,9,37,0.7690005241354807,3,511.3855682895866,1.245516094241503,6.951143635659863,1128.0265376471575,20.806438064442947,8.426968789923357,12.37946927451959,132.83166240611163,20.93605879235021,22.93605879235021,2.5681973108217737,34.08061054269711,36.12370857952581,7.305783200760347,523.150323808268,491.1087229698671,11,0
Granite-Gneiss,Fractured,Bare Ground,9.24434435159016,994.8766091068787,537.0749076583562,1525.685390112069,87.12164363195157,7,39,0.6739556500479149,3,548.1837591136863,4.469224995051878,11.961400468305152,1118.9753878808588,16.671894477123686,10.767533649488911,5.904360827634775,102.3610691667186,15.85524996033404,18.056467735697936,2.0606304303629024,28.59313965354432,40.325032659147084,6.904207855506141,542.1438967677007,520.1265405478167,3,1
Granite-Gneiss,Fractured,Built Area,93.16825594905401,790.5409239061473,505.0289195293741,1313.9776671646746,76.54765196987523,8,28,0.7532569009695402,3,489.47155624213764,1.447116913426922,12.14142627070762,1980.0897402956266,14.921937757651744,13.599554198489049,1.3223835591626951,109.87904396163204,16.591276627511448,18.591276627511448,1.7006038928174443,21.810073257605076,45.69203321135648,6.765641138622989,567.9616463201054,593.1585533417375,12,0
Granite-Gneiss,Fractured,Built Area,88.32396825612003,915.3272935497074,716.1377298845733,1445.4028582705762,46.5580166133003,5,24,0.7913282202465821,1,448.56798235296156,5.50361495961245,13.179012139594102,1961.7812992725455,18.189553603126832,10.687433756904952,7.5021198462218806,116.966229966609,22.196039801191528,24.196039801191528,1.8169027027635183,20.90703335044007,44.47829916813593,7.1320258044934075,632.2400717096613,638.6661862682447,4,0
Granite-Gneiss,Fractured,Crops,11.3382061522446,862.5204234939494,616.2762204524754,1496.176377889829,89.86344132387401,4,22,0.7578103329545351,2,503.0488301563589,4.881301307995274,6.289179694552243,846.1582964614073,18.33852838573584,11.01890761767716,7.319620768058682,121.92933152050644,18.045923121469276,20.90414352598024,1.8741435607979293,17.329008122732624,43.479845597187285,6.538935185493462,613.7065938830893,622.829296738591,6,1
Granite-Gneiss,Fractured,Built Area,76.69967463604691,872.0297248854422,537.088125350413,1419.7855146761976,95.52871432025523,6,34,0.6885752449974956,3,590.2565751182276,2.3931532069971055,12.57074889215881,1650.889614742823,15.313407538846935,12.218604524699424,3.0948030141475105,115.00469286847105,14.838126798231725,24.25086306879788,2.250144016059177,20.896959560804437,44.07429175228075,6.822456449833869,628.6752348234368,685.6287578853817,8,0
Granite-Gneiss,Fractured,Built Area,79.08103640118657,986.8779263637239,634.027071357666,1224.1163690382593,142.67948057959333,4,21,0.6139347264145537,2,451.05775652892686,5.33384560223997,10.739423167683128,2087.6005830249887,21.556699218856753,10.411674358704222,11.145024860152532,126.87881672617482,12.448246546590685,24.059521129512028,1.2222214958531987,23.866023715402502,51.69450238679937,6.948827174409765,623.2199500829287,657.1294841502566,10,0
Granite-Gneiss,Fractured,Built Area,92.57299979285874,713.1828800547661,684.390194398444,1237.6688018922364,39.48285204378501,4,28,0.6621483343967546,1,466.2689644206323,3.2366315369076126,13.157354245414506,2771.3570315250136,17.430565723699047,12.620770731488367,4.80979499221068,135.57209447450094,15.895175282564509,19.062962568976783,1.4667668959590285,22.836531011043633,53.88044244814447,7.878581865575529,538.1231554236317,582.2184062318643,7,0
Granite-Gneiss,Fractured,Bare Ground,8.189142111923925,875.0487871276489,667.6960704824114,1524.0074911424897,51.79105730665399,9,28,0.7282068870912778,2,489.66555391092857,3.318845524030385,11.731385507786388,2072.597092391558,17.412672235589813,8.852646614251606,8.560025621338207,127.6628091385522,21.374660321059324,23.374660321059324,2.5574546737809647,32.54702964593076,36.492294050617645,7.558009755080221,618.8544304603757,617.6985384057216,8,0
Granite-Gneiss,Fractured,Bare Ground,7.868868243740064,989.7852773590303,744.1008322463094,1281.5994060224446,114.56806670474117,3,23,0.7401649600858975,1,521.2272428933516,5.229183634028991,8.00664813585625,2670.924510961504,17.236167967727763,8.918559808072441,8.317608159655322,121.6075699517578,18.70874445286684,22.35006618672933,2.963941369079648,25.85392478094954,38.085465196070075,7.036244090309772,526.9207758123064,530.4544212282723,10,0
Granite-Gneiss,Fractured,Rangeland,10.185061599055725,788.5220761011194,722.3830582851367,1268.9224938713883,94.48472363601653,7,34,0.7375733603636834,3,593.7678844864221,6.50367424141558,6.999441890087962,1059.4116710805058,17.540981205589567,11.871051946165577,5.66992925942399,128.89260370018914,21.19629904071551,24.92771582625823,1.797076750111553,34.20718761734754,42.990219223599624,7.066739999713671,532.8883638408552,523.8355045378396,10,1
Granite-Gneiss,Fractured,Trees,14.676077189975432,788.9886830866417,539.0217967362013,1400.236486500446,55.94982280586423,3,26,0.6988288315256429,3,548.2412467942222,5.063337078350329,8.625188879363801,478.77368735883215,19.495569566091806,11.451845370361326,8.04372419573048,116.03655988353289,17.71681343629359,19.71681343629359,2.7779961002957054,21.82014673122476,38.845547113624534,7.493361237026618,661.1846913990569,670.0754299404596,8,0
Granite-Gneiss,Fractured,Built Area,84.80208629525244,957.9994904417504,609.2207493889305,1396.161237959628,74.3863530892899,5,20,0.6709774781917973,1,505.5269495308103,0.16788894379933872,12.518697761122958,129.23755929202684,15.750761119641643,9.038071838911426,6.712689280730217,107.33542069830376,22.27271618281224,24.27271618281224,1.2533594105005348,25.98168282482387,41.07559134772027,7.930348095772276,530.7353038583386,514.315891051847,11,0
Granite-Gneiss,Fractured,Trees,9.380718588617206,871.7588967000345,605.5904019092492,1215.9993904864043,61.70735453904541,5,33,0.7492687120738198,2,581.6591202223622,3.8101894945306922,11.691933312175166,2956.203774043817,18.468765090799362,10.398298240513949,8.070466850285413,111.88963140139518,14.198425777146388,16.19842577714639,2.521120589092291,15.115887732957303,53.30472407128502,7.582435418217801,685.9295411961922,646.3155037020408,11,0
Granite-Gneiss,Fractured,Trees,18.03159844053,758.8096763658606,556.6416425964983,1278.0171414739013,43.91090735814506,6,29,0.6436302430724745,1,499.48142298342344,6.408403172304399,9.946580282471455,26.209593446593463,18.565281014938193,8.301873018957208,10.263407995980986,110.58453814179339,13.70147565666843,22.053974289069316,2.5327448524163185,18.751734636840155,44.95923900808663,7.94019868315794,578.2261327153177,558.4690914204353,11,1
Granite-Gneiss,Fractured,Water,0.0,752.2361999766505,728.5377640785406,1508.7941004333838,76.66183297167404,9,21,0.7121573379679461,2,437.1891985917989,1.9269436215520601,12.594276974425657,2086.3163713425392,18.74021189734648,10.156895549666784,8.583316347679697,124.30597189447147,19.137194867372628,21.137194867372628,2.296966485857408,22.63367541806813,45.068551275442054,7.193121170659112,678.5689834388656,615.2953223578078,11,1
Granite-Gneiss,Fractured,Crops,14.064852690794007,766.3873269298722,605.8016955726405,1230.5035652360186,88.67277299324812,3,34,0.7701699723299783,2,528.007893518278,4.555845533215851,12.29655699464691,1313.4363592122254,19.464490020877196,11.859029082658935,7.605460938218261,115.12261919362962,11.365590236323248,19.379346402810203,2.2335350303660135,18.007221666494758,39.93027211274349,7.36174380212233,570.8964373303409,566.0748012838338,5,0
Granite-Gneiss,Fractured,Built Area,91.07615357953716,850.3751798713279,541.7048765466949,1344.0364801735964,76.72557038940778,7,23,0.6271853717262721,2,501.3685223390188,3.5468174224887834,9.378442308135632,217.95977815562247,14.33245687490542,9.997711626530489,4.334745248374931,110.50664667533954,15.21444170612941,17.21444170612941,2.2228341527798756,27.63961443719697,42.636955834051946,7.24164213023871,616.0500153937614,611.8010455786451,12,0
Granite-Gneiss,Fractured,Built Area,90.4340537683967,831.2366834556032,631.035399987325,1367.0968956621582,94.05472697203018,9,28,0.6588955528646309,3,536.1938313580672,0.7994763744793936,6.690400382748943,784.8711841852962,18.696123926871014,8.590867416518549,10.105256510352465,126.06604101067865,16.132767947884936,21.198646097495157,2.3739463779850314,15.095755339285388,45.2508633121272,6.996430644747089,700.1852513178643,709.9151630562503,8,1
Granite-Gneiss,Fractured,Built Area,73.10844099690433,707.5980274075393,568.239676035971,1396.0963975883465,67.22491130183411,7,36,0.6599958214420301,1,531.033103039928,2.4118491350344256,9.96060369801798,252.9985733780922,17.75653324154245,11.52841369934872,6.228119542193729,123.40014680454665,15.990110774782693,20.714722149575103,2.553965550734167,31.847059964921712,53.32052560562345,7.334156717661815,636.0308586252877,667.0217081647567,7,0
Granite-Gneiss,Fractured,Crops,14.668612959652208,792.1039088124784,765.9586608819129,1434.5977251980075,113.74414580627183,8,36,0.778771385063335,2,505.45662171413153,2.55422696700416,8.754175509404888,1222.4375826707524,16.040298243404838,10.301461032841198,5.73883721056364,112.45033075516083,18.84947815204468,22.62755795176907,1.8734729449557688,31.215196176839182,38.384355350811,6.975257872845177,645.9203678800789,583.2086637930026,11,1
Granite-Gneiss,Fractured,Crops,8.771330016638878,762.9628453409761,665.6027565904571,1291.4348036785027,41.60416231714765,4,33,0.6741929385903591,1,400.86762562373275,7.64677957089428,12.991819396794185,2573.3307758165115,14.579562176008594,10.855003863099865,3.7245583129087283,124.83058412073358,14.772097045800555,17.84619369630878,1.9400708772754338,33.25738563688735,54.70136147105021,7.20105723713071,615.1129607160675,642.5058439018857,10,0
Granite-Gneiss,Fractured,Built Area,78.7782477754131,715.7859072747871,689.2594733482597,1436.085751894128,96.52241211048775,6,27,0.6081408684112126,3,451.75241171228043,0.45963270902287867,12.34274412119625,2538.5475741162686,21.257572549060704,11.576830215524044,9.68074233353666,113.27152622220922,11.931878186457887,13.931878186457887,1.8826395286192654,19.529141175626812,36.55359640026831,7.037109559213711,638.0804135511029,636.7274549422142,1,1
Granite-Gneiss,Fractured,Crops,10.663752532789205,983.2215422529041,706.7348355363494,1259.7504037187225,67.85415039158441,9,31,0.6881848747094237,1,429.58920549096433,3.890306533893999,9.380133339603372,1755.7431444138135,18.84480032002969,9.922923314417236,8.921877005612455,127.05191214455716,15.282929323189663,20.03003010778971,3.0566466566599146,21.096732599133997,48.89766137769719,6.9455228347299585,579.822099183108,565.1562128159244,10,1
Granite-Gneiss,Fractured,Built Area,87.30205225708617,710.3550367416547,541.9353340988374,1441.3298796386375,90.76842069816499,4,26,0.7101554364812235,3,547.354001188439,0.01205270307447126,7.57472218245034,173.48142501204782,20.04648349620388,8.994743619460301,11.051739876743579,116.9376599458652,19.113684483986898,21.113684483986898,2.244606488619674,33.67752869716374,48.815374073349574,7.888260538741869,536.5569799270647,566.6209557611638,4,0
Granite-Gneiss,Fractured,Crops,20.272747162619368,964.804011270546,795.4159245200306,1578.2751730969308,140.6789154012588,3,39,0.628393648414679,2,432.440999365362,7.460526084597708,6.355246601128239,1933.7445274848642,17.414300086852784,9.228409716685128,8.185890370167655,113.85226923686895,14.947355725146942,20.985614076566996,1.9543567108735937,31.94294614445611,41.91722993841674,7.47353254287165,649.0764410342061,614.4827493191096,6,0
Granite-Gneiss,Fractured,Built Area,78.45809329689921,980.3844099525705,798.7828731884217,1457.904388721706,106.64976902449594,4,27,0.7473119168655827,3,525.5356822464737,0.653848837143463,9.136415524366054,1582.7152992136062,19.483296912579654,9.795508526821369,9.687788385758285,117.96116924418972,17.494688792248613,19.494688792248613,2.0304469741555473,23.540052101720697,45.95925194824738,7.522310647115996,548.153099030202,555.5891195658362,12,1
Granite-Gneiss,Fractured,Built Area,93.32080443068708,758.8618488684838,573.1654700987923,1243.2942291736595,62.39832200713062,6,23,0.7349279767254394,3,599.1227826800621,0.2379444992166091,6.296359330605596,1324.968999141347,19.497972525866665,10.030877882521299,9.467094643345366,105.88724310662886,20.871118557080933,22.871118557080933,2.2100411793173174,16.720064638074152,48.745831684388165,7.997555941634639,560.7133152292625,544.5304567928654,2,0
Granite-Gneiss,Fractured,Trees,11.641927300356462,873.4536744280869,716.8378143811753,1229.5502684705443,51.488871876461474,4,29,0.630022844742399,1,417.5587626449211,4.136999134397359,9.601053194997686,1609.915179721815,16.793587080311163,9.898236409808062,6.895350670503101,110.27549166393942,16.721470829036118,22.499498171780058,2.6029301156902203,18.6074388250316,51.14844408968999,7.94946067026724,603.7007568386683,617.7245721083532,12,0
Granite-Gneiss,Fractured,Crops,19.776921396850984,743.8158717946877,629.0738322808122,1360.7874318746567,86.1852832370512,8,31,0.7537878885248713,1,544.514462360204,0.018231415915341387,8.196316098736467,1369.930656643134,17.410737304880495,11.567298485335066,5.84343881954543,104.81388680001392,11.847867761054806,23.59618720050547,1.7889158497105053,33.396301005804425,41.03799661127602,7.390797309059591,531.1829845529456,570.0215770186288,4,0
Granite-Gneiss,Fractured,Built Area,86.31668003770702,944.0177640569344,701.8272364354902,1284.4082813727134,140.35239021659135,3,20,0.6257236166037007,1,423.08376330345146,4.753030288167056,7.3663835852021515,2301.525704912205,16.333996283378905,12.158637755924783,4.175358527454122,126.15707143679354,17.082325361413304,19.082325361413304,3.014820808307654,21.442799175341534,45.00707840958857,7.442665879139284,684.6635743276854,709.538333655913,4,0
Granite-Gneiss,Fractured,Crops,13.18639067459017,733.4175681116823,726.0160191594866,1247.230101022446,93.23937992676052,4,28,0.7492418153274817,3,530.9112249076892,6.07589665577557,11.221878758649382,713.3235067531476,19.89459034065119,10.899490489746562,8.99509985090463,126.28627767165943,19.63107457657285,21.63107457657285,2.1169543209860944,34.66867578701119,48.5664059678721,6.9743515123128175,540.8814901697592,625.6200315932863,7,0
Granite-Gneiss,Fractured,Crops,16.50062220220998,843.3347453329103,719.9396338737615,1247.2847445775988,60.629548178833446,9,35,0.7866484757426658,2,576.2836062490223,5.058338388264605,7.666064293324279,33.665170628068765,16.6301374402505,8.55987002968393,8.07026741056657,131.83173834443008,14.850044428505692,18.781160248038184,2.801369294987955,31.199462002706905,38.831236767615174,7.38109200876702,677.9880171504483,659.1756436385076,9,0
Granite-Gneiss,Fractured,Built Area,84.07786439118156,810.9120169642257,728.3805861753783,1236.5862845724619,50.98267833136024,9,39,0.6806512470282402,3,433.9505451025611,3.795167012968747,10.201500591957114,1655.9622272895103,16.154541984255843,11.12173140242602,5.032810581829823,115.87799102800248,15.564844506407074,24.723332081073604,2.611353587061559,18.066914149912417,48.70117707506623,7.994124480627718,613.3452865109738,591.6070512627961,6,0
Granite-Gneiss,Fractured,Water,0.0,832.6317297819221,608.1683786937183,1318.4359328632538,110.22388997968882,9,38,0.6425404142019899,1,419.0917203795306,2.188408179788344,9.790580552763824,939.9625915022926,18.297246342693985,13.032702489170063,5.2645438535239215,99.0735970227058,20.126707648229978,22.126707648229978,1.814283620065081,19.701960908761365,53.73624008471255,7.417250301124535,606.3253536668686,592.2653402592538,1,0
Granite-Gneiss,Fractured,Built Area,84.31314525409368,813.2434243717216,530.9768508788662,1219.291039187608,53.78581451816799,3,37,0.6431488243576065,1,501.1010596797418,6.81166357369906,7.186677515201981,413.77673362576644,17.345188170540627,10.184808263610751,7.160379906929876,98.94499962457805,17.69755347055131,19.69755347055131,2.931602637990114,22.351874913974875,52.61338200019579,7.827616555051241,511.51481246615595,516.8102360791678,9,0
Granite-Gneiss,Fractured,Built Area,91.24531272310806,780.74891004401,594.0206532919003,1343.0558278541068,56.670470919972274,9,27,0.7623992984769002,1,489.09958732339135,2.5981870170886463,6.538258655171318,92.96244081446835,17.096847713218,9.32969149115048,7.76715622206752,96.147778385727,17.74630688887066,36.419211440345094,2.364569001640669,23.990877527448866,51.936081203863594,7.79871697003906,496.9703600899089,504.672321563094,11,1
Granite-Gneiss,Fractured,Water,0.0,754.3142514979011,544.5313053643193,1254.6124029851635,67.85981525656264,4,28,0.7531975746954108,1,477.5552988634462,4.710839501169247,9.741238209085108,2258.167561921317,13.21738081471674,9.689333294065383,3.5280475206513575,70.8953154112052,9.677292835112869,23.63651121640606,3.278928335262104,31.0512886763198,48.72552067124165,6.875501134301832,611.2613469966809,636.1098439031675,6,1
Granite-Gneiss,Fractured,Bare Ground,6.484340321695027,862.0676473868748,530.6156113112014,1523.8883317319985,102.05557793942936,9,39,0.6009833916507373,1,494.6238987908847,3.593382607021759,11.98503740065991,716.3575469436765,15.143697902098157,9.972109032386216,5.171588869711941,101.57712347047114,19.31592405498002,24.049381828397795,2.9960117471164915,22.389136414437985,35.362883264989264,7.539967864632939,519.8995484244888,564.5088816856309,10,1
Granite-Gneiss,Fractured,Built Area,92.34469603731151,788.1203385947719,641.3679144293496,1330.38657745838,74.63859576904417,6,27,0.6892638131252612,1,471.871674382907,7.41492703961373,12.762763976451385,1476.4911566744663,15.139463368956052,10.467425547413246,4.672037821542807,87.40631053273718,19.137312601108476,21.137312601108476,2.4351811273722563,22.106642786208493,48.23219596612259,6.932890439038951,536.1330143595468,548.4951128390928,10,0
Granite-Gneiss,Fractured,Rangeland,14.9392012124347,851.5131760221833,666.3528620606708,1520.8706306672834,43.88301611219494,3,24,0.7353007592143791,3,517.6644843069984,7.758107977902897,10.106044041757816,1349.5538135320467,13.399101912735937,9.619515003199846,3.779586909536091,104.45572435800554,13.69430887167848,24.11775859266636,3.2038569488150226,20.741865392432523,35.41959016229207,7.857854333786869,565.1162896404725,524.572123120364,4,0
Granite-Gneiss,Fractured,Built Area,79.93626619162458,750.3421097004118,703.082880833576,1209.1298492622784,71.70585386240738,6,32,0.6971098965101559,1,432.45393168260375,7.6774928650350125,11.527316785261503,2230.3922306921904,14.013038393546053,7.931586803012377,6.081451590533676,78.70827919824603,19.46066242264106,21.46066242264106,2.404091846689716,24.705917299170533,46.98618873416792,7.217712864466681,667.9095526188657,651.5928150421909,12,1
Granite-Gneiss,Fractured,Built Area,78.31691606108461,983.5151069706519,674.6152162942705,1427.4765849921766,51.83934601807447,6,21,0.696488834131761,2,592.6105840064133,1.2092425469729626,9.434592229683787,2974.4454113466622,15.109590937053829,8.770543000806814,6.339047936247015,102.47199717289323,19.506911911794894,21.506911911794894,1.957941962312761,30.075825735252742,49.34192874296241,6.85976436550914,552.5237462313889,541.4620728402258,8,0
Granite-Gneiss,Fractured,Water,0.0,963.8697581363941,612.8070716896538,1230.3833081440305,137.68227615646333,9,39,0.6735057668128133,3,463.68076869925466,0.952940262498128,9.364158749537788,47.43899985263083,13.53241518378198,11.034090722970925,2.4983244608110553,108.83791345853896,18.676994778516406,22.267062691337024,2.598922185580109,19.468869202181672,47.115957109886516,7.473203335761592,554.2790272649322,582.5865472758697,3,0
Granite-Gneiss,Fractured,Bare Ground,6.366058240189235,925.2199595065401,725.9091860368769,1464.6221111314221,113.31011879045727,6,23,0.7526479535742262,3,583.5098432725073,0.6842300215911612,12.444589120348459,592.5012603184427,14.047119248774038,6.758421048486409,7.288698200287629,76.0473997790401,21.899435112019788,28.143359602707385,2.5902001212325625,31.53996447343181,52.21134552171776,7.815998093049523,536.6620307141808,493.5024726836351,8,1
Granite-Gneiss,Fractured,Built Area,86.56885974075868,813.2699175071543,560.8050621416412,1358.3476649896704,106.10850058578139,4,22,0.6131384239032719,2,547.240906298751,7.388703942187293,7.689107571156267,799.2116580801256,11.891559910107137,9.589793640932314,2.3017662691748235,98.94477177744166,16.670817551809034,19.379788047951244,2.6493480398147473,33.15723311082685,50.03928156177121,6.507467712624045,504.72874528238077,555.1636060735102,8,1
Granite-Gneiss,Fractured,Built Area,87.59736898815167,965.0862758246492,645.947411447158,1478.84757076408,113.98633314504242,9,38,0.762188509604504,2,524.7080731337342,4.3638118586329755,13.961636991357079,1654.5129232487702,14.45660486654634,9.433569848390658,5.0230350181556815,92.47345050874554,16.90792306534984,22.151775212921113,3.0363818161371348,15.8880165832792,35.556206886257186,7.281048568717606,488.4783801046371,513.3324796391031,9,0
Granite-Gneiss,Fractured,Bare Ground,14.185765498995078,849.0144500614639,700.3200826705568,1498.3579904441156,52.74418104225577,3,26,0.6683754840940751,1,590.2875442889292,6.978772787331938,13.600256250141541,1688.798696728382,16.3633205829851,8.368561115372755,7.9947594676123455,83.14971216852216,16.92595587127714,18.92595587127714,3.3497852478256314,19.85870234476771,43.16287948379434,6.766581817547642,567.8833922908334,590.5382931528924,10,0
Granite-Gneiss,Fractured,Built Area,81.79880875036652,792.4843457901736,773.2112438493515,1446.5178429299363,43.90009211067995,9,34,0.778852272989304,3,431.08365871375975,1.5244635622515128,8.636740594120077,2896.9869912093836,18.479420044730336,10.668772879778682,7.810647164951654,106.29115814445854,20.40058155289367,24.613731470778788,2.704092911676954,15.11030416758474,38.29546853716252,7.1720659323067695,539.7131099950898,510.167225241786,11,0
Granite-Gneiss,Fractured,Built Area,70.17235103850302,896.3752794554865,591.3841566792319,1403.4720112392856,113.68842662748014,5,27,0.6777746628108533,2,424.9139344511988,2.9037853553608306,8.661351743623609,395.67976582449273,12.604909517425929,12.828481862729438,0.0,86.76067787054677,19.692703859365935,21.692703859365935,2.6682482743092963,21.414367329493924,36.87055513194922,7.780358909365613,527.5540545162161,519.5834956328099,12,0
Granite-Gneiss,Fractured,Built Area,82.5414227106622,802.8186531047216,705.1767822202611,1535.0931542414062,112.85232367455603,6,26,0.6200114643332497,2,565.904054108942,7.253879784014166,6.771374072950763,2543.879744229771,10.588734346236102,9.24920183194237,1.3395325142937313,92.46921807365281,19.347911032516027,26.653397804532744,2.0308627309111102,23.117924243733903,38.350539248419096,7.508470665388821,509.95375548313405,521.2314955930175,6,1
Granite-Gneiss,Fractured,Built Area,80.85805281106761,700.5250278130111,580.9747504774417,1438.39029179458,102.46974498397698,4,21,0.6060592474244929,3,554.7679903061407,5.00262520612735,7.587511345525952,180.1312891760716,18.283868286203255,9.790728688912,8.493139597291254,107.37746341516318,19.24565826336881,21.24565826336881,2.825316755915219,33.287711307676105,48.076992492228754,7.125821037367048,544.257338271038,548.4996731995712,11,0
Granite-Gneiss,Fractured,Built Area,87.9649462020994,767.7835335979148,648.6613974045139,1204.0324796479888,51.78804729897013,3,20,0.6579051842563043,3,403.6495431300167,1.1030425611985022,10.247748119854759,1661.7936347379239,18.041964749437952,8.290391647153484,9.751573102284468,83.56994628111077,16.90498093874669,22.846152415831956,2.667160322391821,17.37231874378403,37.5793938683748,7.27734602512155,521.4579376178898,566.2903572154705,9,1
Granite-Gneiss,Fractured,Water,0.0,877.3254332012981,654.4628234072837,1354.4673499502142,49.22409952549059,3,31,0.7613333871210956,1,561.4461136199048,4.739067123232477,7.244149380148739,786.5256241326744,13.114792219079085,9.872098902338388,3.242693316740697,82.27157800789074,17.541935982453076,19.541935982453076,2.701836304790343,17.920200023955978,46.92432851676853,7.202124571409317,477.6548774253064,457.8534698830143,12,1
Granite-Gneiss,Fractured,Trees,17.769741414173573,815.4603730921584,647.0508199108614,1449.9392189080766,72.31740311252484,9,20,0.7128578784201658,3,470.31172210836866,2.378921999385427,6.964109504683768,1003.8280490395615,17.543257886605222,11.0550243138745,6.4882335727307225,90.54715874296804,18.52546446773462,20.52546446773462,2.3540514623120172,27.508788218802174,48.735422908627726,7.592210389158958,542.8250283164417,562.8808648228203,9,0
Granite-Gneiss,Fractured,Built Area,76.38393230822078,817.8111257960418,740.4012599777045,1254.5733565972312,91.63801740781007,6,37,0.7231887097205271,2,528.8400040085329,0.8971819168216566,7.160726319703032,2103.223230917559,14.901007143859648,13.863456897355206,1.0375502465044413,91.42503692522949,17.57828755802591,19.57828755802591,2.46510029637734,22.966777134956438,43.85728302481532,7.206744164573822,527.0508728567179,554.712101093446,10,0
Granite-Gneiss,Fractured,Built Area,88.03264824633993,843.6376215428337,547.0457739910992,1580.532878500917,79.39905007286553,6,37,0.6554894942089082,2,407.22048825641946,0.7160803446796198,10.948882571943368,1005.1603184242724,17.178466122981217,8.6308351075181,8.547631015463116,98.78537951300896,14.97403120892196,20.42437061873117,3.091605601673727,28.486690474573177,39.28368342546342,7.706091556326775,546.7716842539401,520.2504719832203,6,0
Granite-Gneiss,Fractured,Built Area,91.64606090968113,748.4162207195957,684.8107154177634,1243.465008790643,45.8326763887943,9,28,0.6403620787473441,1,536.5536310020157,4.928359286212654,8.051286192449206,2542.087366473042,14.850881838585483,9.826726062758935,5.024155775826548,83.24902586875861,16.032617275384865,18.639898258146644,2.415379935580695,26.595719392752724,36.11998985053438,7.040850600938566,561.3869969714955,597.6484783511296,8,0
Granite-Gneiss,Fractured,Bare Ground,13.646882801899599,831.975239477907,777.3569390813375,1392.6403461613143,104.80988847901003,5,32,0.7706666456536777,3,571.7659092558432,2.720061564683702,8.982376948983191,202.67945498252195,17.86807756860062,11.601746912519705,6.266330656080914,91.9557119681555,15.75347013455291,25.023019186661102,2.4538651827567493,26.883380916081038,53.896809112860865,6.522787890367826,546.0909312167985,549.7321897514098,8,0
Granite-Gneiss,Fractured,Built Area,93.2608930336391,974.1132122104316,675.4433514145609,1442.672209887192,100.64342673380467,4,22,0.655707554545012,3,535.8116016561396,1.6061134214492991,11.314101042370336,1451.9514253192217,16.078088263141908,8.598088795635533,7.479999467506374,97.42130317900559,20.9595772281586,22.9595772281586,2.1892049403210234,27.94047539704829,45.29076051915259,7.99695005091256,467.9463938375745,469.6709074462651,4,0
Granite-Gneiss,Fractured,Crops,15.687748569480085,893.163815593593,737.3514287237456,1496.0225968470827,122.73044164148202,7,21,0.7950187029883521,1,548.8927571623303,5.625284212968738,12.842826102179185,2686.02509461935,19.33664146813093,8.264300537826621,11.07234093030431,85.89962413313444,15.754749971265166,18.384684482977004,2.548745601522823,20.57783603693022,38.8349652206341,7.259070612534699,557.5595172558808,494.6280082194926,11,1
Granite-Gneiss,Fractured,Built Area,85.0574038633095,766.8675338697886,752.1848615065433,1342.2085471348532,67.26080033689095,9,22,0.6751354856318253,3,409.3428851238279,1.0571103586170594,11.474909387563615,2762.7718086365558,16.00239108967265,9.30372564261108,6.698665447061568,94.43223508529785,15.519700090386372,19.67875096310479,3.015247565436341,19.073607583017527,39.78258125056378,7.342461423658987,632.0967751961344,644.3557922307817,6,0
Granite-Gneiss,Fractured,Rangeland,8.204976615136157,932.4015298962822,619.448972153098,1372.0098239973834,118.68865405670071,3,24,0.6607930106643642,1,515.9324601340554,3.1922517804302704,9.974625812465618,1437.6919794856562,14.969976801445988,9.761244332133842,5.208732469312146,72.46366005023177,10.443269713819234,25.824899307227625,2.3259132611726,15.199758856182344,44.19197435610195,7.045667997717465,614.8032836754692,657.1663827843618,7,0
Granite-Gneiss,Fractured,Trees,23.824631957069627,848.1211233924467,633.3854442493842,1446.7302884359847,56.01886676771863,9,22,0.6895984156344631,1,497.36098465163764,3.086836461779388,9.324114853151428,2785.967794726861,17.50059840907627,8.981360551527604,8.519237857548667,100.67066113564341,17.473079403893045,21.89317981585083,2.424914541748066,17.796001169086107,50.43013671697542,7.920830267534957,642.4564240114361,630.9227762100255,8,0
Granite-Gneiss,Fractured,Built Area,76.25378605674635,826.2805835865647,720.7908805417139,1580.2091305488048,52.33028848352941,5,34,0.7780954730619277,3,597.0826601992065,6.011223531097027,7.993776600712991,2018.6085533222931,15.361054589031824,7.825283032444334,7.535771556587489,113.86294037738736,15.801192833028601,19.837887676659292,2.484536635975763,16.177708124208998,35.1244540615579,7.184257812149193,571.783196965066,632.7663336832926,10,0
Granite-Gneiss,Fractured,Built Area,89.3815230543616,800.7503539547868,540.5118490501042,1210.2086517364273,94.59610308186153,4,38,0.743769564121153,1,417.7559463386749,3.25479440037095,8.221504850831952,1470.4046232899202,13.611923114806473,10.208969714722395,3.402953400084078,75.64441999964077,16.909968695769276,20.60393384923852,1.7998774650721474,16.006314883083313,49.02602100641606,6.99748928953428,637.0414431571405,696.4826980221393,8,0
Granite-Gneiss,Fractured,Trees,20.585837763870035,989.8311449723376,555.978705406862,1210.6050715009783,72.59623033383582,8,29,0.7359419723308025,3,443.3644359198353,7.253741359314956,10.187062705581376,2833.391979659368,17.714022651785974,10.308773254824853,7.405249396961121,90.50193327534524,20.44223212997742,22.44223212997742,2.0093816525162134,17.46478949978901,44.92849499863464,7.951513613570826,498.4282031801095,480.74140599148063,4,0
Granite-Gneiss,Fractured,Bare Ground,5.653462923045556,867.9045879702388,639.8124648405399,1363.1502968287186,120.28390269942238,8,26,0.7407972472446133,2,478.7507276543223,4.013110288679977,7.182956793515257,2420.7216985661657,18.404509677694826,13.004677239035171,5.399832438659654,92.11224013654505,20.48357182921675,22.48357182921675,3.0718237862021622,31.989462387598554,38.5710261872512,7.165885340861532,477.65515627784174,428.8257769685492,1,1
Granite-Gneiss,Fractured,Built Area,70.31636745859528,879.6801446001826,750.4458845487795,1310.87440935591,86.86276924946924,8,36,0.743940702400908,2,486.9008756144254,7.912129577220136,6.582953753253879,968.6592293595484,14.024045275047634,10.464357912930236,3.5596873621173977,97.35909542464235,14.431303067656064,18.404201355745197,2.656993647407372,18.959173779302027,50.87617268197107,6.92645194096126,544.4332571984535,571.7516654338357,4,1
Granite-Gneiss,Fractured,Bare Ground,8.290773940179486,755.6773943118673,709.2324322834315,1280.347849706383,103.0167065749642,8,25,0.7731919041847477,3,568.3171856951918,5.700571606127449,11.123910897636598,985.2978468066376,14.801145621830289,11.407736604523677,3.3934090173066114,84.94222012028752,18.41610217012065,22.40338471005741,3.4128999494698573,28.322119233935126,51.714136235369736,6.883233501866117,599.6017355059014,579.979300173014,3,1
Granite-Gneiss,Fractured,Bare Ground,8.786175169260133,935.6037535066437,503.02320091693866,1285.6562337826215,55.07982439981563,4,30,0.7593494348124239,2,598.3633550918346,0.7214962202784907,13.793225363777935,1092.2908922461868,17.536459348498536,5.952033008898959,11.584426339599577,92.19272663135638,19.855196057705633,21.855196057705633,3.811461571406838,33.58923202377734,44.16883043140894,7.7190404761073985,600.8429717850765,632.6912844576957,11,1
Granite-Gneiss,Fractured,Built Area,74.49895824831269,822.021106027937,526.9828539697381,1401.7166172420436,81.0000869500758,8,37,0.7745457272364733,2,554.1814924286758,3.7467219825146634,7.355050157747929,848.4586382908024,16.970963944061584,11.783782282574169,5.187181661487415,101.13612164025096,13.705635721331678,19.943344774860012,2.496499134704674,24.804774694016572,48.45671636606261,7.41506069227388,527.0384492330509,521.6083066063097,5,0
Granite-Gneiss,Fractured,Crops,13.60731007457446,959.8740631736856,598.3875881935986,1530.9323598120138,62.5282578362348,9,39,0.6033145434800196,1,405.08874256995995,0.32950782243502363,6.570000552977988,2176.259097108795,16.894143530761422,10.062936880183956,6.831206650577466,80.88791987273191,19.2082198232015,23.44699163279922,2.421551736808504,33.875747377935,46.46762351510425,7.648899336304754,569.0777456212904,594.2393942861534,4,1
Granite-Gneiss,Fractured,Trees,5.558854918004911,936.7357622570019,653.4396068469007,1428.9004528024138,65.41318795658435,3,25,0.6759613832476262,1,431.0769788705183,3.2454540774032807,7.958824683706636,865.4241644329956,16.901468133368034,9.938224319363508,6.963243814004526,100.89795937881081,14.816215785261232,23.159539065727174,1.7381444767335308,26.05679472977642,49.15067484420003,7.727437991001227,476.8807020742003,459.56741411426185,12,0
Granite-Gneiss,Fractured,Built Area,79.45748342686713,849.9144444398848,605.3785442906524,1373.442794230956,103.024453977553,3,21,0.7288727801097507,1,469.2440108703481,6.684942777676171,12.872580546258812,1483.8467388706345,18.522476800746865,7.169233917418012,11.353242883328853,96.28234159316054,16.118003636513333,20.526525116833497,1.22150236327103,17.892202718849635,45.86240837289502,7.425614395067489,585.43286429448,601.7467838542719,1,1
Granite-Gneiss,Fractured,Trees,22.783816233450402,734.1549740725055,693.8132808027244,1382.825923052041,36.817756516955235,9,32,0.697782768607517,3,406.79283334078195,7.042757703209725,11.820522574556733,1730.64889822632,16.987790694290567,12.839919890953018,4.147870803337549,103.48784656309118,20.437218424972066,22.437218424972066,2.859734926410371,29.300715977067153,38.68135194480167,7.367791041474105,567.49700112798,507.4730331240673,8,0
Granite-Gneiss,Fractured,Bare Ground,6.629472578585495,949.115090962521,544.8632095593459,1219.5505962399034,139.9632395921714,3,25,0.7705046487845859,1,403.8811172510459,3.058941595492943,11.83553357638037,2907.851300383779,13.765518640968965,9.037116326697323,4.7284023142716425,100.0374275490052,17.96616401108232,19.96616401108232,2.6060114376966115,22.269375533541652,35.98515471962274,6.880745653508257,577.3084574772225,604.1853226989401,4,0
Granite-Gneiss,Fractured,Crops,24.192720693220544,922.2177712449836,714.6886423374916,1369.3108000474424,125.63280226451516,9,21,0.6485230408094588,1,565.2479771578487,0.40807845710658874,8.276703636820194,2610.578618781652,16.016504173921184,9.02091593346581,6.995588240455374,68.69890969339123,16.618844827029108,22.039318093303937,2.0837182360111566,24.812487290017202,42.670951317226496,6.697674353050939,566.3645760095088,575.2273897934546,1,1
Granite-Gneiss,Fractured,Built Area,73.94662311171334,872.2542090492736,649.8733324920677,1466.1540679269797,106.3106113241194,5,33,0.6665198320017063,3,498.3499699829308,5.797995261150821,7.045884325844382,1267.5148238998693,14.780536931073001,7.1468225852382705,7.633714345834731,102.58703831946775,14.039699516712979,17.98695840024427,2.621066308897702,29.746917099331753,38.55619122468159,7.666775888624734,564.61709249369,542.0002028245962,2,1
Granite-Gneiss,Fractured,Bare Ground,12.071098439542439,923.8089159736945,644.9942890678899,1432.1366402973365,55.1437739967415,8,20,0.7932154720039919,3,553.2575050272789,7.7438840754774105,6.407433617470811,2509.761613034945,16.061157559342217,8.01337958057152,8.047777978770696,86.62602099619572,18.41244432109497,24.89872262772425,1.4759079769052559,31.169701228268504,43.75911358026771,7.832608409445191,430.7272804240912,451.7392558207635,8,1
Granite-Gneiss,Fractured,Bare Ground,10.224010032369709,968.7055607149259,607.7882106145584,1242.98472803442,126.90586437402479,6,33,0.6968985509521848,1,553.5457807710033,0.284002862625111,9.341679195108593,2617.3078057512175,16.997456621733843,11.924791835303129,5.072664786430714,112.45519595809309,14.492939321570448,18.98488494788268,2.5213587047013517,34.186609003250105,41.346024706333836,7.106555957166402,694.3065051429942,655.8807317988333,2,1
Granite-Gneiss,Fractured,Built Area,79.35458223528002,871.7000428023812,503.7786515885336,1374.783675923976,127.85867641665016,3,30,0.760314853868045,2,515.8693408603383,2.1179074845067873,11.371830224859528,2294.8125791996895,18.500584239313408,10.201733930771505,8.298850308541903,110.56567234711005,10.991440902391226,15.634025612303645,2.442117070615899,27.580442766320253,42.3158271548999,6.782087049278401,677.0008266056545,710.7532516882787,5,0
Granite-Gneiss,Fractured,Built Area,91.81349956529154,870.1407219906242,696.3938854376843,1495.6478241124846,75.59216708451517,3,31,0.6608797718882669,2,478.666816597754,4.13687624321774,6.827984324028899,237.96850762440286,17.48258222299192,11.533664141524644,5.948918081467275,129.01301390730578,15.841326312505199,17.8413263125052,1.7492168850129148,21.636293398126703,44.117286180461086,7.9430690974736775,607.7431584614143,575.608886236779,3,0
Granite-Gneiss,Fractured,Trees,16.574880832401263,861.9813707497464,565.6433149117506,1381.3740856220445,80.57142380392534,5,24,0.7845316567176969,1,449.98277879355925,6.440640166629139,10.982178536330334,2939.530081683661,19.923659868903922,10.632855579968789,9.290804288935133,108.45549717633291,14.268462299379186,24.395178827116844,0.9935601995170082,33.012168742852964,42.30887395149571,7.246495162622749,654.7922883821958,684.9022245519684,12,0
Granite-Gneiss,Fractured,Built Area,71.1679037010982,853.3496329280389,783.16538645676,1321.790061299865,65.77605593162923,8,23,0.7285326754775844,2,596.9969898001484,4.254881218378527,6.541801919997881,733.038592604477,19.02002894931347,12.44770479762561,6.5723241516878605,109.13634061120095,16.515263395782334,23.388004552450717,1.4498327366949795,19.563576677197442,51.82806434714493,6.672751261581021,632.7386238157995,643.4831507279232,4,0
Granite-Gneiss,Fractured,Built Area,84.0513796130342,833.5946621884084,523.5861482575632,1320.339638677424,83.66384308489157,9,33,0.7418651103168439,2,577.997191627297,4.971926514104934,6.732875396661761,2691.5935544635117,25.8462924693951,12.090701117736359,13.75559135165874,119.5433845401971,12.816918807955567,24.654386075012837,2.148010244683786,34.57664602621802,49.232993917340195,7.014580810082046,605.5304824161358,622.3035386238569,10,0
Granite-Gneiss,Fractured,Trees,24.790348923334378,965.5161350707979,748.6051374582029,1535.2727966614827,109.75300907227937,9,38,0.6453429378754884,3,409.6642952206928,1.8710054007901862,12.474964104569711,496.29234223638264,18.23956712375026,12.243163353196001,5.996403770554258,102.54455627999576,13.791866382324693,15.791866382324693,1.6797892218253492,24.271446710604096,45.28412646082936,7.093815521941103,586.8568297435829,548.6378653548021,2,0
Granite-Gneiss,Fractured,Built Area,76.16331075096721,843.1817185341768,567.0432309862689,1436.0888381728096,115.17967496766103,7,25,0.7739694731833836,2,553.0781618214716,2.166489586101177,11.441507432457325,2884.163823485277,16.820574887240184,10.020165937042195,6.800408950197989,97.68517414180903,15.190544492836576,22.59826611840833,1.9615899869103148,26.649443805848453,49.487903259158486,7.7301865292274226,654.7168351564525,644.3630299737443,8,1
Granite-Gneiss,Fractured,Trees,20.23593249522625,941.6853845258603,643.3655560394012,1225.8859883695916,119.39207675132646,3,23,0.6555996355739045,3,566.1840273658116,0.24249292107705234,12.48868693641469,2558.507269145571,19.643275558649375,10.593149759733729,9.050125798915646,107.3441674817719,12.80221527205931,17.93432443123849,2.5216011864368992,32.43924705880582,35.0883468480319,7.472697523802642,685.579813838013,698.1674242355595,11,1
Granite-Gneiss,Fractured,Built Area,86.08918506420697,748.536526341928,506.5862726829065,1586.6310775689956,55.996173335889424,6,30,0.7896884104276494,3,522.6775222911738,6.973508467128303,7.594932666449857,21.44473422293636,21.24281439424533,12.36233272514788,8.880481669097449,110.23192005323529,11.658693718573321,24.335094903045757,2.0768225181388336,17.092633353920906,45.63612058917524,6.946858006019471,703.2910017663207,731.9013683480805,10,0
Granite-Gneiss,Fractured,Crops,19.10730913660288,834.3146306467759,668.1420064989983,1569.1533980778504,61.097582014839006,8,23,0.6062412095496658,1,446.8246629399255,1.9506278099877168,13.226460301995132,1011.6054244806866,18.423703018888336,12.989135493329421,5.434567525558915,115.44919625798323,14.663141255468584,16.663141255468584,1.990093852068642,23.573974062616507,51.187956452160954,6.657074751873154,553.2153984910065,510.20972632342114,8,0
Granite-Gneiss,Fractured,Crops,5.952351126032196,928.8473492350845,585.4998470872861,1367.1725488274103,71.70052751019463,4,21,0.7745957366599074,1,598.7638111278401,5.6784996822099085,9.286343560600846,273.3471165041868,20.223507499899092,12.85500414572102,7.368503354178072,110.10272537174133,16.64122792085552,24.398369430136118,2.780030165111993,29.58732833290096,47.31444059391379,6.798173663647021,693.4047033703498,730.3398742520337,4,0
Granite-Gneiss,Fractured,Built Area,94.21457691616307,738.9195033901744,697.1920637314879,1207.919710068873,72.46736322314081,9,29,0.6815006100655071,2,423.86147535505086,7.402011881317855,7.086209810428917,1889.3684141189508,23.280099976980615,13.327513591022909,9.952586385957707,94.68255215870803,8.199099217638416,21.700042559452527,1.4846427915388638,16.258886037237954,48.60316811185779,6.677426790495516,620.5493114829127,574.6889528820285,3,0
Granite-Gneiss,Fractured,Built Area,93.29595621367281,805.8177982599972,621.3391982543911,1311.8006140628443,82.18214654232114,8,28,0.7466601405427,3,460.3778760440597,5.192572385750977,6.892375552560816,2516.3062604606935,20.964604470905186,12.324297399157729,8.640307071747458,115.99861154568761,13.252337454667492,17.904015150311842,1.384275706054658,25.6177695475141,41.24626828933728,7.731585855254515,689.5699783157959,716.9921093517806,6,0
Granite-Gneiss,Fractured,Built Area,73.20408755843319,983.2402780825716,762.8279757728799,1236.219809514805,109.84243095117526,4,20,0.6739808936408609,1,484.6808152289131,1.1859936273335823,12.588587163573724,2974.675017089619,16.67176178727794,11.99106726054282,4.68069452673512,101.8680858836376,11.120478456372933,15.846820381589232,2.520340710980615,21.18532208642203,40.082341981077946,6.848321520085638,673.8753566246211,689.1931873710104,12,0
Granite-Gneiss,Fractured,Built Area,73.50752309192029,880.0410679754427,690.4418723540698,1572.7675738534429,62.592532068065445,7,27,0.7116117052158082,1,503.11662471484834,5.081520738954202,7.220945843170302,2694.50580917542,17.196398259627983,12.661805615269076,4.5345926443589075,91.39779753360384,17.610876303983716,19.610876303983716,1.041716840982621,27.293519941274706,50.028235371284225,7.127284270926841,647.7536016326353,630.2514081967614,3,1
Granite-Gneiss,Fractured,Built Area,79.59725854475276,958.3452234424248,576.3052164656076,1298.5126404909297,136.56971528748934,9,39,0.6881660213642067,3,408.5456627282968,6.290310097958592,8.769453599430538,1177.0654512049002,14.503397427667933,12.166388449409071,2.3370089782588614,102.94846777581314,10.342291661261262,22.15334140447105,2.120509513554412,15.102567250810356,46.920234355726784,6.950711721937634,658.7110660760767,679.2748863266556,3,0
Granite-Gneiss,Fractured,Built Area,71.06770640815914,741.0483054516586,548.0360447382291,1288.5760298501818,73.91971580599085,4,37,0.655350399254809,2,582.5496354115508,0.06867655090974978,8.043013866273375,1016.4128516697176,21.311049657745148,10.499216708092163,10.811832949652985,103.00091665222217,18.68420205143638,20.68420205143638,1.8549764711185124,22.731602415097242,39.653271274857815,7.502522928185888,613.1590899572775,628.4475919167971,11,0
Granite-Gneiss,Fractured,Built Area,90.67333498908806,892.9101182526518,566.7340629397203,1447.92536261838,94.11276500278598,3,30,0.7770945372730561,1,597.8228293591228,5.493399191537869,10.768931825469586,2109.138336697937,20.07341608902785,11.886745500586246,8.186670588441606,87.17950337759217,15.606836230892988,17.606836230892988,1.8062776032547887,33.281956780066395,48.54323208664365,7.162303393890099,529.9669140748173,545.8173506216255,8,1
Granite-Gneiss,Fractured,Bare Ground,11.319289537731876,822.6092669349514,790.0638198401102,1239.5367165611506,72.91259600668465,6,27,0.7229094805483112,1,514.2607976773427,1.222708744707166,13.553044377672272,1812.429152114713,20.82499784683617,12.958642715232422,7.866355131603747,114.48245022107245,11.426493180536816,16.03984837400562,2.621556637826516,21.015870132843673,40.44101302283747,6.8172226356209995,681.616931376567,678.6633522002919,7,0
Granite-Gneiss,Fractured,Built Area,90.85948045897719,832.5544852740039,799.1120137526739,1348.0219391834844,68.95056711317793,5,24,0.6780187009890324,3,446.7522644242424,6.416052308956072,6.775079540746544,2572.0593002284904,14.442212359634642,12.851218366065266,1.5909939935693753,109.46501228452115,18.17598984411547,20.17598984411547,2.301783745082801,32.055703936791105,45.18969292787862,6.756274465371718,755.6692063939878,696.3759614547797,5,0
Granite-Gneiss,Fractured,Built Area,90.96346747182233,815.3523942029931,682.8989646442252,1472.8710452751006,112.5085681342439,4,39,0.7450378992465,2,492.0932389347356,6.466107395611452,7.90917561671916,1948.2121151436288,20.946799966897935,12.71881450199495,8.227985464902984,118.24192727046257,14.57614459074747,22.52344637637074,1.7889585915324289,17.159055369315833,41.07220296401643,7.634386889899665,571.3045703142848,512.1407520894928,9,0
Granite-Gneiss,Fractured,Crops,6.659922222312522,828.3982202046979,664.3453608260387,1549.8221251371174,50.9803913522895,7,20,0.7202178252248645,3,429.81685231672213,7.489809614524445,11.15754689582639,2140.881010296864,20.701363963948562,10.89030883015847,9.811055133790093,109.46070137473866,17.18552127973001,19.18552127973001,2.1256433691094045,29.019796048639392,47.051432042792484,7.415810813531926,619.6947737733267,613.0922433814652,7,0
Granite-Gneiss,Fractured,Bare Ground,7.884995966870467,808.9297116547187,602.5081443665897,1527.7955507536324,80.39153358299494,6,22,0.6863835715921963,3,546.8399107504011,3.8012389657546386,10.992827630317501,2136.759219888682,20.979253578329676,13.796104422272986,7.18314915605669,111.4833240888057,10.224829888566454,18.42745334800253,1.3907706383544873,20.950998727513294,39.00544522163015,7.7568586588006285,660.2895383266645,660.5600498244906,9,0
Granite-Gneiss,Fractured,Built Area,93.59125306572716,703.2259527423187,758.7647771054624,1391.7125427140775,52.08788133340926,7,24,0.7108222495146912,3,417.45216980460344,0.008762488514793887,9.23138642920139,2410.836266540735,20.03031757544757,12.666443562095361,7.363874013352207,108.1989335490947,11.144474454067474,14.440884864743364,1.5575656860642697,21.68027659168777,48.36880293498215,6.643976046125668,674.1624005774976,665.0801831436673,6,0
Granite-Gneiss,Fractured,Trees,24.740174183144262,747.4844551962915,540.2097911183639,1486.1312221709225,46.85471274256271,7,30,0.720332966495665,1,405.193727575029,6.127261705095862,9.935806881295882,566.7398111397616,20.471839302634052,9.614180774255235,10.857658528378817,97.0421318910389,13.930591183229295,18.289109137380223,2.218892542176273,34.334081214426675,38.87045252242364,7.087952374823943,553.0396550428152,540.8794005301221,12,1
Granite-Gneiss,Fractured,Bare Ground,10.408620798015344,726.2136638427725,688.0571231733799,1543.324140958156,89.83646175130023,4,29,0.6757005862236515,1,486.8953925238462,0.6940458218743863,13.970121775474347,1510.7567544696299,18.814095850674455,11.153743379142423,7.660352471532033,115.17691841859144,14.903641752405834,20.064076761816544,2.131945510472308,18.028981476726585,39.106880925744875,7.9494437116866195,752.2066695635461,740.5822834485392,11,0
Granite-Gneiss,Fractured,Crops,5.882949903374552,731.9924088181988,721.2527767646601,1445.6176635668248,60.095048172970536,7,22,0.7516959992810638,1,415.0617153362382,3.533365055999897,7.324247405113771,2744.608158826684,20.600267103854,12.486115967558428,8.114151136295574,117.47976763144163,10.836444219465914,13.165342615250708,2.659256822112493,24.799911010005395,37.74008749522426,6.671648145926405,674.10339574902,637.3018253671053,5,0
Granite-Gneiss,Fractured,Built Area,87.73541394040339,837.8513427801703,680.0007567079278,1221.2643851413554,48.33491950361095,5,35,0.632751389498404,2,436.83620542476586,7.210093299804802,6.725460706870582,735.7836500214522,16.28420765392589,13.725637104071694,2.5585705498541955,111.58245584126992,13.270895111809399,15.270895111809399,1.7716711463927064,21.725007796791346,37.10390540284048,7.478063281203491,599.7498214437777,633.0161693866143,9,0
Granite-Gneiss,Fractured,Crops,10.903441092581668,779.4869201854871,749.507339385751,1343.88652653751,58.3917416229268,7,39,0.6510141468706439,2,596.6333636770705,5.8419958202977655,6.509177205502102,839.4488841304939,16.71512690667819,13.410436947701676,3.304689958976514,102.61807665281044,12.622113482357772,21.43436139950936,1.1306170024381559,22.512236566065383,53.77451943258506,7.477112199699801,640.7403534525374,661.3397076802108,4,1
Granite-Gneiss,Fractured,Trees,16.689229820263343,711.3796229031294,667.3755075565387,1256.3633211342753,100.0239536399218,4,20,0.6957924017558403,2,504.0324601121906,5.476498100475296,12.360052936319837,430.9529079017605,18.658663560286826,11.785130617716982,6.8735329425698435,109.2111755631065,11.22386845487529,21.575972120649684,2.0029961344552722,23.061204019847366,49.207592274256186,6.816974070742104,603.2994563218043,586.6622850471516,4,0
Granite-Gneiss,Fractured,Trees,24.014745249892414,918.2261178514814,640.8111219150583,1365.2371694698743,77.75662917823061,3,31,0.6763994267862028,2,553.8492459099227,3.691577249539046,9.095559167429338,2499.538495931691,18.28649355548094,12.96742464850796,5.319068906972982,110.22211167454377,14.363594132845222,18.29090924692822,2.1367173264543977,19.818096897890566,54.29724824042,7.912506388931712,703.0901562877083,717.2856933770043,8,0
Granite-Gneiss,Fractured,Crops,19.042118583694265,818.2682085554936,517.1644962991911,1432.6937451390236,46.54133417552713,7,21,0.6755461054142002,2,585.8486856552512,4.367975239199086,10.794959993417695,374.5630163804025,18.02616586406042,12.032229107478464,5.993936756581956,124.39749927398064,11.687676800459986,19.294153233533088,1.80061744707417,16.605709102376313,47.89234795060702,6.850739329311041,560.1318213312757,538.0098148876631,3,0
Granite-Gneiss,Fractured,Bare Ground,14.918138964280088,940.5172065606091,654.7624360273667,1286.6033976105043,104.17510661451371,9,26,0.7031964085802231,2,509.57846360629344,6.432140193349445,7.852266760734323,2502.7109684763486,16.604085891093487,10.948205847240374,5.655880043853113,87.60837184994412,18.62536065338159,20.62536065338159,1.8552573166360484,33.18675005492075,53.08329500877958,7.123471200339653,663.8841083685857,632.1801581864486,10,0
Granite-Gneiss,Fractured,Built Area,79.43255682322449,985.9556246479581,664.696130444449,1369.770885294271,130.49848646894935,5,30,0.6812711102513472,1,490.17412757412313,3.2139197275439386,10.02946775129821,2377.685540058855,21.342111734520053,11.04026337482857,10.301848359691483,100.50156399157076,11.789135068344596,18.742245428481276,1.2335062949501305,26.40109875267775,40.76089518979508,6.844345697086154,669.960605037295,722.8048232733449,8,0
Granite-Gneiss,Fractured,Bare Ground,11.446945856300694,978.3419850934163,753.4568814076953,1498.1599739644485,50.16482307236645,4,26,0.7974075425582996,1,571.8961495679656,4.381800013351945,13.545023247320243,1604.450941212393,15.500745100366705,10.143620159302017,5.357124941064688,107.8977412078971,14.02413660427034,19.44975047037503,2.3737894064805154,31.186955517719884,45.770254029922874,7.617318016255983,625.1053454121611,659.1071835146571,12,0
Granite-Gneiss,Fractured,Built Area,85.6592265653346,979.975559004905,590.3801143805966,1597.2609059731146,81.97741529346567,5,33,0.6692484863254676,3,540.4726834407206,3.5338495133028758,13.690200269055527,917.2297705220568,17.394967276724614,13.730125537994144,3.6648417387304697,99.38486083966419,14.061173666166276,16.061173666166276,2.360586337741048,20.058189130613087,54.032288954980956,7.635567145987196,620.3416532883953,687.0408763136671,1,0
Granite-Gneiss,Fractured,Trees,16.780058298436337,779.810340233273,785.2478577360482,1504.1558840430775,58.907085440750926,8,33,0.6549220477145837,2,497.82919567753964,1.6947818429143737,9.839677582361457,1670.180226641789,17.632029157546516,12.149253544296855,5.482775613249661,119.11824446212275,18.111101074182653,20.111101074182653,1.6412924564946465,25.88122221824429,36.14539815061348,7.82694275622584,664.4698176022497,654.54027697657,3,0
Granite-Gneiss,Fractured,Crops,8.814387176886129,737.9709847569821,553.4861666398049,1367.1732400009928,64.00223547828575,5,22,0.7326771393626567,2,556.7313531683592,0.28445133520884713,8.902220242420999,262.61036493885507,16.06739576756142,9.262643245155001,6.804752522406417,137.73638591849476,14.745828054775252,16.745828054775252,1.6311511086095158,25.831387349747217,45.68791170867051,7.430174411133695,742.814296662225,721.1178022738646,2,0
Granite-Gneiss,Fractured,Bare Ground,8.235166105336681,717.8626892671356,746.5232845155756,1270.1975266475408,101.53651823542046,3,37,0.7547134867014513,2,595.0033610571874,4.318601454913252,9.542557101122764,2638.196790698558,19.53149336678444,13.021802777831482,6.509690588952957,103.43111524086174,14.507540066978553,18.82152255447282,2.6408031070095124,24.329508875291275,48.01630917726141,6.842478465472861,578.5636758761589,570.0319819341975,10,0
Granite-Gneiss,Fractured,Bare Ground,11.072614079238184,716.6280251955477,572.2131299941686,1406.6017118945606,74.46875400107625,7,20,0.6264279598715262,2,572.1898584631234,1.1013522743265352,11.802311737724844,2261.5635014247364,20.80700499106785,12.375785385525772,8.431219605542077,88.57394841463964,16.01684106623843,18.16235425770477,2.9144038844256492,15.620041473064664,47.54785638278684,7.460041127769617,694.0624747330422,745.0256171317455,1,1
Granite-Gneiss,Fractured,Built Area,94.85850277666133,952.4205611576456,540.887062249882,1298.645896058833,111.22759835723596,8,39,0.6202044697485133,1,575.495622594719,1.791677557789793,12.457882336109158,1608.6833923492268,18.575114796962062,14.268407217048399,4.306707579913663,88.42711973252895,12.646354347962086,14.68478136833573,1.6846528774007763,24.409184906077954,53.74597126094604,7.992116547178956,683.3039012660026,666.8984326969984,8,0
Granite-Gneiss,Fractured,Water,0.0,742.7181655437398,794.247162310025,1596.21288222894,87.54669397432619,7,22,0.6289325975269976,2,519.6878211190758,7.479945199820793,11.86676858317701,1121.6692557661095,18.39377451925389,11.40065112784944,6.993123391404449,103.2071843857493,18.85663373556585,20.85663373556585,1.836821318400806,16.69782190843822,39.0133597288869,6.9960574913868205,595.5066770161803,603.5788659318322,6,0
Granite-Gneiss,Fractured,Built Area,91.34074058294144,933.9468895290096,630.8092732865211,1425.1412402446817,124.22090992616374,8,38,0.631846075647918,1,438.67065951092906,3.2746963521139527,12.447093933887095,451.88049627527596,17.66990757321535,13.01632311745361,4.653584455761742,87.25608799755007,13.501344004920393,18.585032407128114,1.7612729137513763,27.445579786943767,42.92130357117757,7.335040766554616,740.7925999818892,781.1883710211104,9,1
Granite-Gneiss,Fractured,Trees,10.654964178920878,838.4915272917773,739.4126162747827,1477.885715164065,118.30203685853961,7,35,0.6525747441991858,3,489.6942789667004,0.27854416422581085,7.349757591412376,2994.33003050556,19.43189607706951,12.269696813981572,7.162199263087938,118.88351720954098,14.029503356179397,19.611746478052424,1.6670802738501003,28.03978141946918,39.96828451177524,7.749485784331133,621.0654741529764,574.5417932651618,7,0
Granite-Gneiss,Weathered,Built Area,91.93393828541778,783.8800273893274,719.1152765180875,1464.2257334274586,111.81667448963536,7,24,0.7437299619353082,3,468.66053106741526,1.1827419685278215,12.97005858813576,612.388076845454,15.593595263072356,6.4339824806479164,9.159612782424439,67.57053083290596,22.99860361258238,32.16197695789672,3.8079789611530193,24.96383512972018,51.113009794844714,7.163209921435052,440.4848972404991,467.1452488453049,7,1
Granite-Gneiss,Weathered,Built Area,81.46483052188823,784.0145450323661,574.3336232332995,1278.8086218975727,47.411515375794785,3,32,0.7292316594246908,1,590.1855624520485,2.0436243659043543,11.301874940170494,2166.9357107113883,10.546644879813847,5.371118788869241,5.175526090944606,85.65524062282569,22.008018128645578,26.528319131401176,2.689699716126821,19.017569857702657,53.04772516048793,7.29116546676203,477.45224734386903,507.06835154951546,2,0
Granite-Gneiss,Weathered,Built Area,91.26663085748947,798.1839025309813,765.7667596456297,1475.3174982395324,92.64889548321665,8,29,0.7862657831749582,2,547.7523143944695,3.122762775617928,8.84754715230932,1587.8609885362534,14.187559677222243,8.39961120358669,5.787948473635552,74.39996134724339,22.357396597829037,35.4679500861784,3.1779896682542472,24.649196473280885,45.370420218820726,7.339480075327541,405.53457492647897,455.15387533105906,5,0
Granite-Gneiss,Weathered,Built Area,79.00733832771911,766.8177334956829,591.2023469712976,1572.6415642244992,70.99708247050053,7,30,0.7999977786872776,1,438.72184842892386,2.1284956735871052,11.096882732535294,453.269055330929,13.151372575025164,7.230183591808454,5.92118898321671,87.9527644619141,22.677563335354105,24.677563335354105,2.8889757923613915,22.75599339024717,53.778587862596936,6.525680879582687,397.70973116989205,415.164228446516,12,1
Granite-Gneiss,Weathered,Built Area,90.42928293033499,862.8799030307905,668.5003794296642,1377.718952780843,124.5920545700197,3,39,0.7931177014214768,1,581.4142812941519,0.1960284143504616,9.980695446969554,1720.858517919821,12.703777152711112,8.697518186117136,4.006258966593975,81.43949479671127,19.614447992366923,26.92263001681435,3.102739367945598,20.550158455880077,52.14070409582176,7.64880413908302,468.0453364955149,468.6866935581862,6,1
Granite-Gneiss,Weathered,Crops,10.20164164525099,817.3660280746554,583.171252156084,1516.2976606465572,99.28077672268125,6,20,0.6322440128547678,3,543.0228095653524,3.1413229973465198,7.698189289521899,114.29996094559942,16.872916792433884,5.346746326232953,11.52617046620093,56.874119247744254,28.41516239143728,30.41516239143728,4.031018679081979,21.653228262366692,47.72573407604501,7.79301512945977,370.3799802433431,343.22649212582854,12,0
Granite-Gneiss,Weathered,Trees,24.796839733327893,955.3240293809145,758.466792089311,1349.9939358438255,104.83420692031115,8,32,0.7635997254861537,2,509.95989033067605,3.693556811239123,11.053120326603132,2827.407351126296,11.165223875283806,7.200761159564969,3.9644627157188363,80.33693720512524,22.91812902947859,29.872889972980012,2.4849360093655717,27.206979714202983,49.60469564250971,7.344124222936875,500.8117268733295,495.0559063021594,1,0
Granite-Gneiss,Weathered,Crops,16.629950254553478,992.0780000535152,694.5806291166135,1267.6881395020353,90.61749300496267,5,35,0.6659484505642846,2,468.18929309121586,3.015488240155947,11.182781607320852,2801.865466985776,14.672141802697132,7.701453110736145,6.970688691960987,81.53807062172179,15.630084064129528,22.033270820173932,2.746068268118617,30.001622329843702,36.3611422266606,7.166957928752972,480.18039314296163,485.5671365419852,10,1
Granite-Gneiss,Weathered,Built Area,83.09213069409986,895.3376619007358,564.7569610710033,1213.0709442841255,62.79994110291427,9,30,0.6835364150044752,3,509.5772037068346,6.609597846864751,12.89027507115648,254.49501029203012,15.73420670452202,7.1180575184951165,8.616149186026902,86.79285443894275,27.095024433756784,35.425190978958156,2.9543035579828256,30.941059638718187,42.61062482555716,7.10504670516975,523.6762951539667,480.3132623780304,1,0
Granite-Gneiss,Weathered,Trees,9.357187603533777,729.9361254627095,526.4294517040146,1530.8059844854579,69.02882413208961,4,28,0.7516433663317972,3,578.4656863865721,3.7244689500518975,13.650513654798246,664.4073352730818,15.289991169184647,7.843366546675031,7.446624622509616,86.83965599848179,22.189488085100855,24.189488085100855,2.2224743368943765,18.03935748810446,52.08592288482485,7.990577871862178,386.52906860088854,394.61816720444216,9,1
Granite-Gneiss,Weathered,Trees,14.494300260125716,925.5710102580251,769.8900275865174,1531.0498071052598,103.05679010097981,5,26,0.6173564862589508,1,478.6513805930769,2.440745796452794,11.373451722322724,1931.9346688683802,14.844745173525096,7.476062961627254,7.368682211897842,74.38776061222582,20.48052457922497,34.92527789732761,2.9850414015803977,31.821055520455573,42.6023397964294,7.38164608055286,423.8867813894099,402.3422759271074,1,1
Granite-Gneiss,Weathered,Trees,8.599535197599657,724.6029959610352,618.4843137426418,1500.1026271032497,61.85943573476075,6,24,0.6213063129663237,2,572.6983410651454,6.15003616408124,7.2614000249535975,2513.8412904806273,12.820781620214698,7.522495440374309,5.298286179840389,75.33157510405518,21.134370718310823,33.58250226734918,3.5155017468452656,31.11827283566212,43.38759429937653,6.880022347627726,384.40046470547225,386.74986114462666,10,1
Granite-Gneiss,Weathered,Built Area,94.82058028064803,993.7568573589456,786.7305343353993,1535.5277763637628,101.6811628560259,7,39,0.7555801313281237,3,437.26803460458547,3.811036219935838,10.649352335130564,475.3526204158027,9.930261699480265,7.295765906641734,2.634495792838531,74.8470989406095,17.889446595995636,30.74026224217073,3.2013168273220654,31.19730288308893,38.78702556228799,6.8558249102629345,368.87829879335993,363.1122224975854,6,1
Granite-Gneiss,Weathered,Built Area,86.98838468536088,722.2888062505327,552.5535907424589,1543.8782883972085,69.17009457539793,9,28,0.6135033712168934,2,526.9384145842711,6.298159428235436,8.709590486236813,1619.0635937418563,15.595763238042522,9.556718644200014,6.039044593842508,79.46653371305526,24.099566976319704,26.104694336848574,1.9812990517229867,34.11619295041362,39.81002971459441,7.0276701836842514,406.76773943929925,438.6366732379203,9,1
Granite-Gneiss,Weathered,Built Area,75.21997664446278,940.9253746835898,678.3864464089447,1309.8237949499448,79.85972381626155,8,35,0.6631263650474286,3,480.77887464178133,5.529576120991861,9.42167519335597,332.18844873145514,14.44554073013098,6.582496767078469,7.863043963052512,75.50978560489003,18.82658795248273,31.21358380801841,2.6768901664069618,25.02049309514903,39.35710556702004,7.615915630289661,560.536290054732,553.0618746726517,9,1
Granite-Gneiss,Weathered,Trees,20.600080097031856,912.0166191677718,544.712293968705,1510.500222879477,78.91251204027147,8,21,0.6379786037195218,2,562.6137010970119,0.025571841350076063,11.871851652097213,1607.9458678663254,12.645030479264307,5.749154282669002,6.895876196595305,94.76893476730494,21.963044972084642,25.740271804936718,2.153399803679272,17.154517071966993,38.52228147175137,7.882882524005774,489.6431479036129,525.0990021376651,2,1
Granite-Gneiss,Weathered,Bare Ground,6.2971575008747385,781.5814914593047,667.5085725288255,1560.6025942541141,61.88081691567965,3,38,0.6671668724835788,2,530.6652401157946,7.75354748341254,11.863178676915538,1862.2902045893961,15.508601470122555,10.552102271629398,4.956499198493157,85.0553436821569,20.94384763551794,27.172948422810062,2.4582226112935164,16.361774635724753,40.490849437367984,6.791841524665149,345.61332992218365,375.00935831147194,2,1
Granite-Gneiss,Weathered,Crops,8.517416501356102,771.1594031485381,776.3558872445145,1557.9380927447928,62.50703053487256,8,21,0.6162018459244126,3,568.7129004161958,3.2262243662295482,13.448823911800691,1432.7374020515767,14.177887409426361,7.984836444614774,6.1930509648115875,83.53061931068466,16.962415441735484,25.41324368513064,2.7236865896759053,19.570203120722066,48.42174164683698,7.624490182400442,396.4232715810367,365.1391784437063,7,1
Granite-Gneiss,Weathered,Trees,8.486458984208653,702.6934984131875,542.0908030569718,1265.2370775926672,56.05379654135519,3,24,0.6540749594283208,3,568.8568432080044,4.161416960582603,8.548121149370818,1496.2781637800422,14.070840142959614,9.59766839121275,4.4731717517468645,95.19621020278295,19.22537289834147,27.111886126735534,3.204993978887008,34.12096916831014,42.945841426846926,6.7264124481580065,414.3711514462035,438.7787726606336,10,0
Granite-Gneiss,Weathered,Bare Ground,6.516969426692048,940.702516667669,574.2709441941877,1341.068094646534,94.15572673370352,6,24,0.6152483430350751,1,440.85423388853803,6.284916907272658,8.494804550231741,1455.824118806254,13.903109570975674,6.074278391376927,7.8288311795987475,100.1864449572293,23.450448263676627,28.890628727815894,3.110626046712674,19.33583479960363,38.38077290898909,7.470005339412654,544.748766292157,557.5116010387171,2,1
Granite-Gneiss,Weathered,Built Area,78.02426134324033,821.4097027161858,597.8421140750024,1350.045339070427,76.5863113895436,8,20,0.6664267990754722,3,420.1092172098153,3.925346210482301,12.461971431352453,1982.7106749720715,10.507534955723369,6.053464161979903,4.454070793743465,68.53542532441794,25.83118300673268,30.55049406694055,2.8347743646232355,32.16976310936607,40.226737588818274,6.619937805588731,486.1899436605329,531.5276713268593,9,1
Granite-Gneiss,Weathered,Bare Ground,13.530098350280234,704.1176314343879,648.4350594210746,1597.6910186024456,52.55509400393026,3,38,0.7922325431236406,2,487.9998510815343,7.277757084171489,8.876444579059875,2489.904567436163,15.940116533205657,8.355881740929693,7.584234792275964,75.42164238928527,22.796352803838975,29.88571282783492,2.8618370253765884,29.809701851807418,36.172381083360506,7.5368645660912685,471.5452962497963,482.562421193558,7,1
Granite-Gneiss,Weathered,Crops,22.854309000298482,967.1211569903976,769.719567707368,1469.127027515789,75.67982123399716,5,22,0.6632370974422183,2,466.3530765907987,1.4314136965253201,12.988947735276337,131.0346069317429,10.920465274330263,7.709387468940426,3.211077805389838,79.74882462371573,23.711255808938173,25.711255808938173,3.0813376895180618,33.65516922279838,43.90886153592138,7.786108864254253,431.3643147112364,335.55264305384014,9,0
Granite-Gneiss,Weathered,Crops,13.78661295436683,954.1225247882674,612.3817402996114,1296.9129978022238,58.75273237501772,7,21,0.6923041287416378,1,505.2774983318684,4.333693792994546,9.768811718957656,1850.5250051694784,15.438689079065016,6.316158452142222,9.122530626922794,89.04230366941488,21.437433270666528,27.734989462629997,2.3652607623344934,33.95551084849812,45.02401446901884,6.715060155293388,482.89340978125017,497.4130742073541,12,1
Granite-Gneiss,Weathered,Water,0.0,828.8797166210088,549.0225514154147,1515.199804328033,115.9674577953803,4,30,0.787635136235723,1,488.0534815769395,0.6900771819421081,12.306571832300259,791.7323395203983,12.15810754773774,7.509273908878692,4.648833638859049,64.71795957471626,21.013203139647988,27.329123749443593,3.0533686620095115,30.308987481302452,46.18919343894228,7.15997156670462,506.255486638244,539.2651580548473,7,1
Granite-Gneiss,Weathered,Built Area,74.71227361605598,934.2216190737938,650.3823673985717,1265.0439524041753,105.82786101846014,9,31,0.6057588151853527,1,496.23793293147367,4.609679035136826,7.64751824650784,851.5523336386507,15.00016687133132,7.19440782990661,7.80575904142471,95.15243249155533,20.56583466478421,25.370217722984815,3.0203178147224325,23.968147896421044,51.91216607400493,7.695799862226391,441.88719121163035,433.9105374039519,3,1
Granite-Gneiss,Weathered,Crops,16.731413253768807,800.1926904910658,579.0828166543563,1221.2458282912899,77.61960568953633,7,35,0.6396765979038741,3,409.0994501305893,4.5282667148891935,9.959081557952935,597.6809611905361,13.483478312512412,4.523154153792444,8.960324158719969,79.39308665914481,23.84254666511437,25.84254666511437,2.569145605190992,22.418917699071343,46.2753561797486,7.939862189808446,408.51475733272787,378.1748916034844,1,1
Granite-Gneiss,Weathered,Built Area,84.10385382647489,925.7340507896658,611.387575548462,1332.530075474321,68.9712788167698,4,20,0.7921145307654851,1,580.6402484524906,3.3726551841000942,7.210992134912527,256.14564964825934,13.627876085466223,8.071188759699638,5.556687325766585,44.8850484286164,25.744871880395415,37.54871331946032,2.9119158920481327,24.779337572038838,47.963830907899755,7.143471330053748,525.767314235261,479.7932557575732,5,1
Granite-Gneiss,Weathered,Built Area,92.49621043614118,764.3794894556373,749.6943393190132,1341.06482319677,112.54539280791866,4,24,0.6448132930344038,3,529.3767181240145,7.432376792892354,9.405300812374819,2502.1889165608736,16.43716565579881,9.625060284850429,6.812105370948382,73.13602373587452,22.954005505345528,24.954005505345528,2.228814967592127,34.60461542134041,54.331870300909614,6.6683977171897935,530.7930739696133,582.63570740634,2,1
Granite-Gneiss,Weathered,Built Area,72.24842039956147,746.1774449610707,553.4406657552009,1482.678191108703,92.77515650244818,5,32,0.750853254248076,2,543.18671095111,5.428983602497939,13.540071521371562,1635.7610696992342,11.626387643454823,8.686579484897617,2.939808158557206,94.30161395032125,20.78217032437322,31.824582425691936,2.860133749216322,21.43082516591015,36.200546813591366,7.662237057174052,432.27710063849713,347.2480540841842,5,0
Granite-Gneiss,Weathered,Built Area,72.03606276227525,869.7917334305114,796.2517618773838,1210.5204917261717,112.48899037044839,7,25,0.7471132592941312,3,528.41910105699,3.148695593447097,9.720093651218198,1415.666142401534,13.84496452514587,6.737572846803907,7.107391678341964,93.38024454988145,23.14635278804429,27.0609172233579,3.2341836113202866,26.545971589117045,35.432766350088514,7.0356324095678335,523.8393736339785,518.854834009535,4,1
Granite-Gneiss,Weathered,Crops,9.1179724131882,771.1566426643205,562.459227353579,1439.8379561776087,59.138825858044804,4,30,0.6891488677082446,2,580.7184024165098,6.483452351221275,10.85900599777727,2398.6607981908264,12.393598042152728,8.293892070665148,4.09970597148758,93.87844862301637,21.591103144956943,35.43300639727482,3.0398824560553273,30.97336952960964,50.467856749218456,7.990903902700847,482.0472972570821,537.0072610609635,2,0
Granite-Gneiss,Weathered,Built Area,79.86649169182414,826.8973500834501,688.0290720417752,1599.1423409044041,61.19617034252515,5,30,0.7230741844586944,3,590.1091041653757,7.4074382650367365,10.483890302277928,2083.143628881354,12.711102397956443,7.053684986510218,5.657417411446225,99.60467141947713,18.43554271732593,32.55342254073126,3.0586346935496977,22.20066582582877,49.35647407474395,7.1574919510940225,524.2364589712598,544.8492964117368,6,1
Granite-Gneiss,Weathered,Built Area,93.25263094839161,962.9602810472436,592.6089113898547,1403.6055108022074,130.47910483678885,6,21,0.6750239132892639,3,514.095097661999,2.751720283578856,7.402507469903328,1925.6861455483402,11.088806794461199,7.488571456596233,3.600235337864966,69.84005245837376,21.23135201786672,23.314349862479293,1.8504962263546223,15.697616153309326,51.29097954053691,7.665987800158794,439.19749281830326,454.4780432083006,7,0
Granite-Gneiss,Weathered,Crops,18.75126522197194,773.2600102124131,696.6219281852461,1277.7841427929275,64.93675499482725,5,27,0.6768008612309429,1,525.1850630884244,4.134860584772209,12.891704501707434,653.2480228094597,15.5396273297924,11.881897172723566,3.657730157068835,98.4865943732773,16.433421081569595,18.433421081569595,2.194004209648458,25.0475812257889,47.39528233536805,6.6330326037600384,473.4197122651117,454.75527194353396,3,0
Granite-Gneiss,Weathered,Built Area,83.74026527892107,798.7722995264699,668.872090425519,1450.9455136111933,79.56630398666077,3,32,0.7165279472491516,2,505.23651901064227,6.262824704865004,11.611186473589125,980.9558523059724,14.22607182976888,7.109113048721066,7.116958781047814,80.14975223026202,25.453713051326613,35.502613060308924,3.7931231820237397,30.14015138627763,38.810796171007546,7.6939503075324005,483.1872226118446,507.07053792523476,6,0
Granite-Gneiss,Weathered,Built Area,75.661011205773,854.9464237368572,539.9797822213242,1526.8765691907731,76.10348959651624,6,32,0.6472864133591194,1,426.9017215014654,2.978554074175137,11.898805051496257,923.8755821734063,14.394566949461495,10.154664433844397,4.239902515617098,105.70332317927497,22.533846156306023,27.92155544021939,3.3056783359169835,32.476224817435906,38.85812955767531,7.912139906644549,473.44388791483436,481.05306386374104,6,0
Granite-Gneiss,Weathered,Built Area,93.45604856748133,992.1772039282405,505.51164375959416,1275.7730627804433,117.25236127848386,5,37,0.6146888458574871,3,537.7589711042062,3.927267515419321,11.384575493549868,1479.1688000816137,14.836203732029947,7.985990564640235,6.850213167389712,81.32148740126003,23.819875770465693,25.819875770465693,2.487070490639155,28.871250418338438,49.030854689430484,7.099752971881708,549.2562727176058,562.6795042039088,3,1
Granite-Gneiss,Weathered,Water,0.0,738.5596308736283,607.4312643318434,1274.1803690028266,98.1240802049637,4,25,0.6373702951342536,1,529.9872421109317,6.543095134392816,13.962870327464444,1744.233099711552,10.653980612751871,6.847854604760708,3.806126007991163,84.51090296400085,15.929716354784095,31.186788152815446,2.066239351067337,21.51450266847708,43.84248638318354,6.744314606059804,511.80375335420746,513.9680038004656,2,0
Granite-Gneiss,Weathered,Bare Ground,6.546788365763458,737.9627511493712,759.9548878119344,1450.0678431170493,84.16397817780317,4,38,0.7952290071236254,1,565.9190668800612,4.193746219461913,7.731764468928753,1363.3909365166642,13.895746810982992,8.198182829473025,5.697563981509967,96.96865367163736,22.020322985582787,24.190223977721814,2.6974224933052025,33.569226917967995,40.944262025536815,7.322660061870633,426.8770705309857,451.83140084017793,7,0
Granite-Gneiss,Weathered,Built Area,94.0380191590762,839.0726563487897,757.6085036092993,1353.221972566348,80.55447938782551,4,39,0.7304030107481612,2,582.4996552228222,1.0841508183126836,8.77738600131039,2008.5004012842996,14.404547584815086,6.919039048899651,7.485508535915435,82.41381068688273,19.81070711414157,30.391580084284787,2.4861352562800483,28.947032139957855,35.12809799832829,6.756526614934167,428.21150640940334,364.3547936584158,6,1
Granite-Gneiss,Weathered,Crops,18.44353597385112,907.1813184511723,627.5919036118389,1257.2667673465567,92.20013342839077,6,33,0.7446328046432764,1,455.93920354392196,1.7980120579619872,6.429720358123282,837.2607821164239,13.869851437024428,7.2005945023234945,6.669256934700933,62.12971757369736,20.562290983976727,28.125664483313415,1.8616757150328065,29.14055579177777,44.47976221557646,7.79592693560379,413.37669795356976,425.30442661857256,9,1
Granite-Gneiss,Weathered,Built Area,72.59192106616962,998.5156337362617,507.078699757667,1598.3504157738182,146.64416329972664,4,38,0.7020513327860959,2,521.919984266274,5.6637604707242595,12.78333499515454,1070.844760625716,13.944097604425153,8.21778434258207,5.726313261843083,87.92652575695789,24.567074428284172,31.978969792412453,3.291500106985054,23.39727711761639,40.46617476541345,7.685022570389021,426.2262585703589,402.2717325806779,6,1
Granite-Gneiss,Weathered,Built Area,75.90222751150927,990.8866974485886,750.600227933397,1340.0468214022476,129.8231591550672,6,21,0.6457621371476538,2,528.12289864002,7.710752510126157,8.658503425214068,1124.034758552749,14.056963098152107,6.62248469692799,7.4344784012241165,86.87408207177369,28.259384599911563,31.05990044041479,1.8444535163735711,16.598046371468943,44.24646577966443,7.409614745361059,427.77169200511423,458.92838276657886,4,0
Granite-Gneiss,Weathered,Built Area,81.07958250335773,912.2018676708008,690.2426406335626,1406.2892592253963,47.05708247918251,3,22,0.7561913923218564,3,569.1089079328246,3.2789409844714674,7.6302112713430015,899.2641886302914,14.185524157643203,5.500584880741575,8.684939276901627,67.8168588420657,19.491759399075704,23.255017841203415,3.5774336353636116,30.875855146308155,47.03799878739972,6.974541925691694,406.23219044727597,408.3481975992054,7,0
Granite-Gneiss,Weathered,Built Area,88.15401577961157,801.1313704925776,547.7443549664208,1209.6168857389875,100.89960058805387,5,34,0.6338316841146989,3,480.369279653448,6.26519339586133,7.12858449934225,2911.9469171475275,11.465512096187032,4.759192833163297,6.706319263023735,67.37250158623385,23.889124214269977,28.711960666864176,2.7262559004656164,21.13734720074963,40.18847341818035,7.45015516849376,459.0532245351008,498.33859093921217,12,1
Granite-Gneiss,Weathered,Rangeland,9.003132350467585,868.9436200195332,586.9443034416502,1572.576876128407,43.83899262577042,8,34,0.7311481197606974,3,465.02398448467403,0.31889764030663503,10.882430221201782,921.237402333593,13.29398880153803,7.2522772095821875,6.041711591955842,72.81823857479375,22.232353394411547,38.947064909639415,3.4243011562943257,24.318874355864104,51.27067279483631,6.611094855168281,398.0321992287689,471.7743926990789,6,1
Granite-Gneiss,Weathered,Crops,5.973140742095762,823.4159088272658,756.8483662763251,1202.9536774186952,46.894961917689436,8,25,0.6255418325289422,1,414.5444919083141,2.2845507867363626,7.391369184764832,1670.622250845482,13.325244796094145,8.053661106823455,5.27158368927069,83.66571522553234,19.616792500906584,26.93776110740488,2.4269801213159106,21.074922871699037,39.37158175645514,7.840187804710097,400.46583344081915,424.0121859239583,5,1
Granite-Gneiss,Weathered,Bare Ground,13.103313558535222,778.2033683438325,610.8217014800351,1409.7633252250953,110.78683594411062,5,28,0.7930040662879543,3,408.7044230730451,4.251860360496663,8.474690638308525,317.61168269274435,12.896599068484752,4.403622392136141,8.492976676348611,74.17590604710944,22.368520490719906,24.84882289779764,1.8977986552478914,32.13031261521687,48.35982057840892,7.211156171531545,388.0809920756622,369.65548797486895,8,1
Granite-Gneiss,Weathered,Crops,19.130423694401287,975.3871105695616,551.2777603484828,1408.3571870286905,55.82813492703262,8,28,0.6281150901132553,2,437.1526162568978,7.342409382273564,13.042799618722647,2874.3278122215042,11.974649161648994,3.702980500411153,8.271668661237841,72.67166482106009,20.205814682815905,29.147307712671225,3.3843140313910287,24.694165208225996,49.92799055274914,7.260831543212421,416.36712109200886,400.8172628543734,11,1
Granite-Gneiss,Weathered,Trees,22.966210940273196,755.9310438432881,581.940928232119,1366.5939779725759,84.28563882482979,4,30,0.7696773257838123,1,592.2359255596914,5.476141653870475,10.83712481079063,2556.1259733466804,12.693982610501171,6.149192379353035,6.544790231148136,57.325437583875924,19.397519090704574,31.386578713328724,3.69862796506947,21.824072065107558,44.50130049881632,7.834183504247959,435.979194680355,444.95056537306766,4,1
Granite-Gneiss,Weathered,Rangeland,6.324616309450092,765.3302047703055,797.0232363925232,1590.8483093578864,42.27687138810646,8,22,0.6032473376863985,2,555.1503827682518,0.5121680739361905,8.9769636186731,115.06838965456197,9.763789973191905,3.887345245626139,5.876444727565766,69.23777484591898,21.513490985812307,23.513490985812307,2.206181032991159,29.938701374090325,39.4479019929974,7.182137633752438,423.78795863009776,411.2546710995173,9,1
Granite-Gneiss,Weathered,Built Area,91.32368412008603,935.7013600339342,735.9987043681999,1554.008029634003,135.09112546262566,7,25,0.6863903049296076,3,493.8474714012359,5.047121741795373,12.119737597284125,783.0911392484174,15.880227497332006,8.33647473771573,7.543752759616277,75.54481285509021,29.195459015962697,31.195459015962697,3.1721288898532074,34.942919598482185,46.133239224323766,7.736868154037336,387.6165638231296,385.64325799373,9,1
Granite-Gneiss,Weathered,Built Area,70.55493894841439,868.0818298695688,521.9350039402689,1244.1801593465113,123.11440567338579,9,28,0.7246713701826635,2,406.076804230266,7.808643584331857,11.438229085718799,1821.4162112728986,10.291147190403667,3.2016825821097155,7.089464608293952,90.92044792606316,22.41432820974323,24.41432820974323,2.4093230805168893,20.787575542099752,49.18139971694887,7.289495004626325,317.9974784248876,283.9820932850351,12,0
Granite-Gneiss,Weathered,Built Area,88.3869348389593,877.4554121344584,639.907365385762,1328.4244700182294,121.77014146523784,3,29,0.7691809777915916,2,520.7275501066795,1.317249396441846,6.688634794651846,1327.5658713447835,10.940661976877552,6.52274301699912,4.417918959878432,89.0661903732234,24.225011255870655,26.225011255870655,3.470145910829905,30.643096545163203,51.416725257316614,7.09706224179297,363.79935834706396,345.3902421469532,11,0
Granite-Gneiss,Weathered,Trees,11.371368170993152,896.2096620720627,719.3551968183519,1358.3558412690522,120.62534390626332,4,31,0.7928393884918926,1,518.9848167838368,0.6653334341262411,10.684661575266208,1806.3424157503903,12.093707087251964,3.902639674562309,8.191067412689655,55.62538357158323,25.784205863866283,32.55730633781125,3.3008484533869797,21.00020847365773,54.51890655935451,7.401729087165309,412.99902119910394,412.3706620558295,3,1
Granite-Gneiss,Weathered,Water,0.0,767.4220266369779,565.1902591551219,1228.6864606068518,57.118767889672135,6,21,0.634319242219318,2,404.02685311837973,2.0809226813231927,11.57328730105888,1120.1461746709606,9.101682730222356,6.2535414258049284,2.8481413044174273,68.52878747967995,21.212828774149614,26.884570266381086,2.7922629964897525,16.43502027786044,36.18560232940608,7.737271863828219,399.1827143133044,402.7874249526299,7,1
Granite-Gneiss,Weathered,Crops,16.972363453356216,807.8639893589566,639.0558476699457,1570.9116649643183,55.11701267028525,6,38,0.6116487133114534,2,489.26535626942245,3.714724922733309,6.913451071749325,281.7594682441605,13.65539523278644,6.660595943584511,6.994799289201929,69.39902749101005,28.164461383629746,30.164461383629746,3.4392911044181447,18.69003493353853,47.44031607631273,7.4246667581593195,377.79170240559847,422.4188618017406,7,1
Granite-Gneiss,Weathered,Rangeland,13.654635265849159,805.8256750642331,514.8253049134697,1365.141382289526,118.14430595433963,6,34,0.6803106702099129,2,447.7540054460484,1.6207426803943346,13.596912781694757,1361.8928440799089,8.211648614024387,7.951034221184056,0.2606143928403313,90.16508580741245,23.4646113492905,32.84241641899052,3.234947271818809,29.33021999714242,41.45372638679425,7.757274252692591,405.03277790933026,394.28991277927884,6,0
Granite-Gneiss,Weathered,Trees,19.564724042551177,996.2962563192157,763.764284422936,1446.1148917975083,66.84205352676963,9,23,0.7365746977230221,1,506.6803194634996,7.527110501738015,12.69641532817111,2433.8984519913356,11.99020841961593,8.40041321264351,3.58979520697242,65.04626827795668,26.100933323729922,38.374820950166104,3.335205070210188,28.694447310875326,52.98219090157894,6.575420489415802,400.2831441469028,394.7680178091119,3,1
Granite-Gneiss,Weathered,Trees,24.815824994991843,724.9595234339021,652.2500406798969,1382.054344762181,75.0732099726318,6,25,0.6936618485517225,2,479.8377061173413,7.55165807414393,12.756311642719318,1765.2931802447993,10.946028093280837,5.284392560563648,5.661635532717189,60.139396438765225,25.747992823203944,32.18340029784722,3.4967176930339683,29.97709381820904,47.600815722477236,6.568048124101042,475.7396341250182,530.7817612809031,6,1
Granite-Gneiss,Weathered,Crops,18.621670695144843,808.1945694677023,727.1419066329314,1296.5348274120659,92.82605865490076,7,39,0.7529863337260957,1,433.28972312553213,0.3652647069157977,10.351398216458072,1329.5138372445258,12.949080037981036,4.489250011020223,8.459830026960812,72.11628705863025,22.486612194447467,29.56201418645563,4.025769785052116,32.93464704954032,48.49299316022507,6.726742202812152,439.91394120835423,402.7781055416835,4,0
Granite-Gneiss,Weathered,Bare Ground,13.891765386702613,820.3345779048682,681.5809270882619,1359.1364070104332,100.28885363887677,6,33,0.7596258285233666,1,524.4452699675376,3.2544039642110096,10.137063022618424,2344.744708618754,16.85116610545137,5.08688383269713,11.76428227275424,76.76890238201163,24.231757763914935,28.09810872574205,3.4446113984671314,24.4979805090753,52.27011538946567,6.898654291102908,373.6087783900987,385.266336912099,1,0
Granite-Gneiss,Weathered,Crops,16.00350034695584,929.5370970234012,619.9752817886958,1251.533766735386,131.4412407421688,3,23,0.6149435479932369,2,405.21215445814266,3.6234734594757114,9.489531687194905,1567.637360758577,12.93275556519529,3.7725794993063473,9.160176065888942,85.50338797345135,24.777555953311037,33.204856484260034,3.356306309950219,30.226219732596693,41.45945205438138,7.670405792255812,342.5363932714454,316.0526480524364,8,1
Granite-Gneiss,Weathered,Built Area,77.81852872255112,802.8452204723628,564.9774184845829,1302.441341835569,51.00538725672711,5,32,0.6187508110079218,3,484.5834239322121,6.024365573633254,9.095236878937701,1929.154562821287,6.128315491745446,3.5003135209680867,2.628001970777359,89.74572167416825,21.345427097480915,27.446395094725794,3.898696320574448,20.25536955306243,41.48194484186705,7.272248568449734,444.12336353505304,448.0551015445164,7,1
Granite-Gneiss,Weathered,Built Area,88.17479962120484,817.6057894414673,628.4702185382154,1207.8459678374786,77.00833201657895,4,28,0.6015850955996358,1,553.5129461241097,0.6088859469351418,13.737701509776493,484.3284058366404,10.747764742355944,6.014238818842553,4.733525923513391,82.6292615715252,26.905968348031234,28.905968348031234,2.705885799548987,19.829340216312946,37.22873860176746,6.711217499962471,349.25529013717295,341.70619330382186,3,1
Granite-Gneiss,Weathered,Built Area,79.01322073685081,917.1852104064374,726.4620086314029,1299.6938492872391,62.19594775007074,3,36,0.6819996471006181,2,413.66732259238034,0.32050291888420457,12.972671118954477,617.6051927969665,8.630876705394364,4.052954064522444,4.57792264087192,79.86602156308112,24.582195913342055,26.582195913342055,2.6749299843563605,18.740346585220504,46.65598916667754,6.665184018204678,395.3526583580101,446.7021938548786,12,1
Granite-Gneiss,Weathered,Built Area,78.30930346168824,776.2750753261038,599.7405265048071,1399.5968377540025,79.57116159054166,9,33,0.6014034757442613,3,402.55897630405286,6.980723761070704,10.213455028557302,1442.9553128163495,9.170180556674232,3.154258658105447,6.015921898568785,71.38163076755329,22.832404702259065,25.146046113151943,4.28028508407523,18.74868722440006,48.865402578432345,7.4741875579424155,364.7943018938473,355.589083203689,3,1
Granite-Gneiss,Weathered,Bare Ground,14.359967870471582,838.889631853237,534.3072487009733,1361.6864684439117,81.7891144083525,5,31,0.6026938581694031,3,487.78246345258214,3.8136062022396153,12.308183757107127,2359.9703050163125,16.635708947536195,6.602811389092772,10.032897558443423,74.85366641147434,24.74392747584587,27.654283912594153,3.7613933384644156,32.238034093375816,43.79189708784899,7.401145371340849,364.5812039736708,356.6544053373706,12,1
Granite-Gneiss,Weathered,Trees,21.466407608539466,771.2739429092735,675.0437215598421,1548.2650361118715,97.25595497885908,6,25,0.695883903901001,3,565.3822892996184,1.1273959294476876,8.024603017810065,1711.6626868396058,13.650208770643719,6.093788150921385,7.556420619722334,87.30526289818762,25.992762436201318,27.992762436201318,3.2291450092257743,28.1582989452707,50.568984216235556,7.136628607968635,409.8390264589199,420.5562668002993,1,1
Granite-Gneiss,Weathered,Crops,16.491641408086764,707.8694357470418,566.381329552891,1481.6411366114667,50.024743432057804,6,25,0.713450497500005,2,580.843119456698,0.0022307997830326443,6.2627532550306,945.6741816149256,14.052789558551144,7.029464138244357,7.0233254203067865,68.10340113761755,24.306218654132106,28.747676103902997,2.9877497813974876,26.460478768289274,37.406294549023464,6.85420435880091,379.02036452771205,389.4352466678545,5,1
Granite-Gneiss,Weathered,Trees,5.268329056667815,875.3113016243394,553.585075589515,1511.6769540012322,93.62694918795053,9,29,0.7432681258586074,3,403.94294630738017,0.8270815417850832,8.414737850800996,2882.104551135564,11.71129072027513,7.204171769657571,4.507118950617559,84.67628302904023,22.98492454840708,32.89045954424259,3.0881931654061914,24.777109683088014,41.49675493471145,7.5585508089153945,346.89982363131446,403.27435639578704,6,0
Granite-Gneiss,Weathered,Built Area,90.14891987821456,901.9379328767891,728.0038648520399,1432.181931644543,97.43935288452678,6,21,0.6426513845938726,3,531.404628275983,0.48257675753994,10.6513451760934,1037.4032775576175,9.435178454141429,7.315033900731846,2.120144553409583,83.82788464642744,25.74797411210368,33.495836715445144,2.82787627627968,30.762145044746664,35.74363014891403,7.785888771649931,386.8497410430976,413.0263991201767,4,1
Granite-Gneiss,Weathered,Built Area,82.32914022277254,719.1016410137794,604.5546899091378,1516.4712523513947,46.965096500608006,6,21,0.711273589416489,2,513.0648806772996,2.0864223795780967,6.486037250670318,297.7957290549568,12.231662308563653,5.760959028729417,6.470703279834236,64.63415129020527,24.777541277710007,26.777541277710007,3.7294569680662737,34.24644441166372,38.91076335505785,6.9183343845611995,393.73964834840586,423.88887282837953,6,1
Granite-Gneiss,Weathered,Built Area,83.38630409548217,854.1175884960502,538.8591834497147,1240.6319557073284,104.45811000475905,4,20,0.7592747482680268,1,401.1494632667941,5.6769612129604745,13.520360495355071,440.3748637856814,10.312355472790136,5.665339295150028,4.647016177640108,67.07799768372266,20.525864072406808,26.750590558322283,3.1099346078494716,20.397415362523795,36.81483308320224,7.8782197006734584,362.7617926784331,364.07734036364315,10,0
Granite-Gneiss,Weathered,Trees,24.028725072098446,778.7951336544326,668.7492823258883,1433.5040595021633,82.44299074681209,5,36,0.6944433182125624,2,428.61266537185867,4.008554353542573,10.012764797063891,672.2027258842286,13.303299882918637,3.9359221382264282,9.36737774469221,86.85782969035722,24.675974062192857,27.250280567898436,3.2797112714711667,23.221859895935996,54.34919508079216,7.1121658290121434,374.8681454383901,426.6787739716146,8,1
Granite-Gneiss,Weathered,Water,0.0,710.6201855652376,575.1517546855414,1353.6234314255744,52.04949395561755,4,29,0.6041592885226601,1,422.8914484882744,7.226907114152648,7.501242949640239,1509.0278417794098,11.469504836004079,5.8519746497477545,5.6175301862563245,75.18621606276473,25.24723187032067,33.53355305782233,2.7100503731523027,32.71631345481081,52.81320895649661,7.7965194758669565,422.9883943533515,410.4078035975302,10,1
Granite-Gneiss,Weathered,Crops,6.864294810706186,748.250876793678,660.0322801351003,1239.9040629524784,73.81373405075527,7,29,0.6817869050605434,1,556.3455488745323,1.894680721723648,10.957224724866325,1191.9867024023051,14.110870768823721,2.2129873995673144,11.897883369256407,70.80902966813763,24.707552628307813,30.7139029910854,2.4352904229270487,15.349329393887372,48.25427072889809,7.980421286144125,485.2790370543355,446.27483119504757,4,1
Granite-Gneiss,Weathered,Built Area,73.57007166753719,985.9876697959012,721.0585217554152,1285.0388512807647,141.0145658300906,4,33,0.6303000980432092,2,400.4871866158521,1.4881958096229804,13.757235299467954,652.7234349698792,10.60837784426169,7.7124890364608385,2.8958888078008522,80.33140490222911,20.672539596589484,35.31048196082213,3.360205313760027,27.15234981207906,39.33104227753745,6.734799082997629,414.1452290951026,452.07850528435665,8,0
Granite-Gneiss,Weathered,Built Area,74.17005545698494,845.1925789861347,552.6356098149876,1423.0474977644667,124.16065565207862,9,29,0.6960325976761155,1,578.1009381568864,7.244893692193236,10.416399995590101,186.35008112550278,12.743530507076482,6.490440776784507,6.253089730291975,76.59165715411892,25.534230324941227,27.534230324941227,3.053286777819933,26.59430834504036,47.12743241189666,7.0415253090106145,413.28237645750215,397.59368974118576,3,1
Granite-Gneiss,Weathered,Crops,11.737305785808461,964.0650625565714,770.9808187733104,1298.2994403117286,98.59915292136448,6,24,0.7021072041813583,2,429.08513659688816,2.6852762766563147,11.579015098229421,594.5215753425856,11.848673569830781,4.665591329394884,7.183082240435898,62.81296308917044,18.919804792994174,32.57581756723552,3.0756337649645924,22.023203460427098,54.994482728573274,7.623172769372768,385.34740248529596,376.0188120714866,4,1
Granite-Gneiss,Weathered,Built Area,81.68489811990474,897.1200372835739,776.7043748868198,1237.9185622749292,109.23243327320407,6,32,0.7065039375237092,3,569.1854033973068,3.0208447810206795,6.591963655020482,1323.1591426858188,11.458979476995534,4.73071279001439,6.728266686981144,60.433667521867434,26.60948027642834,30.324404686952743,2.539848702871808,33.19666236544444,47.85626339594431,7.979547603321953,432.50608418716905,469.9986627238483,9,1
Granite-Gneiss,Weathered,Built Area,81.44765920017144,802.7460602620072,724.172257638696,1396.2818349148765,41.837846678213,6,20,0.6097677146324516,1,408.3136867472688,4.61060130906536,12.886303646501027,1791.1818124824467,8.224143710223945,5.245720149096941,2.978423561127004,70.11737348117066,22.71621614623947,29.201366743711326,3.4676086936510258,21.07051753965043,53.98776731302408,6.66747998979674,363.2864986201066,393.20464158327115,9,0
Granite-Gneiss,Weathered,Built Area,86.15253467536601,741.8597068145037,533.1376396036635,1379.8053301734346,60.97915620218546,5,33,0.6069050876414962,2,487.9882382628917,2.2315171579944,12.72943547822879,177.3290015392138,11.703764957746975,4.584254436543072,7.119510521203902,78.82456529278709,23.126652047861512,26.295233442002903,3.2963939778453772,30.644446564527833,35.09500136469891,6.8668388089240135,455.40833932532905,440.182508791321,11,0
Granite-Gneiss,Weathered,Built Area,70.69484698139492,778.0071601620086,548.8771380152493,1250.4694982512024,115.05749766998142,4,25,0.6691867391562893,2,541.7202084597301,1.425455510676942,8.790159465315977,2565.7736695471017,8.857799631734121,6.788530429565176,2.069269202168945,63.743208016744276,21.08364034217504,32.50473864310524,3.783664980610585,17.953971845549376,41.79901365310977,7.199961349883564,363.6585795604565,348.6320145770062,5,1
Granite-Gneiss,Weathered,Built Area,89.3413601934791,764.0351827905121,582.553103729678,1411.0332311195311,47.120349490076784,3,35,0.6477047481329369,1,506.8154450035393,6.498944605466185,13.0027793516463,2931.714002983492,15.392994190217312,3.945217988422944,11.447776201794369,77.11712862470115,27.009465084591376,33.905498877794,3.0505989337363837,31.819725045842144,48.24992373403177,7.815370791228185,474.7222263306283,432.13020535976983,9,1
Granite-Gneiss,Weathered,Rangeland,14.041837576480425,743.1025379279795,628.3637017447212,1225.2662745819252,89.70704900719352,9,28,0.7776737456013534,2,445.1198654952126,7.205821797880938,11.573412047213463,1731.4341043005275,8.357365180306163,5.714090190109632,2.643274990196531,79.39495943333766,25.135881659873082,27.715139394694894,3.0773495030261797,15.232124554235707,43.28388098720181,6.830843916983034,312.71569437617393,311.9262627607928,12,1
Granite-Gneiss,Weathered,Trees,7.292459140098275,911.0847893842227,576.9550426078922,1244.546640730903,79.23405414367785,8,21,0.6068277361876228,1,566.6465765819536,5.330408824772685,9.4958970264586,2120.8064175319173,9.205445077663574,4.897211234567538,4.308233843096036,56.259786776644965,22.385807019385794,30.078764937298917,3.040410040304449,33.090864755217034,53.00836181497783,7.873626178506566,451.27525401084233,412.96984842288583,4,0
Granite-Gneiss,Weathered,Crops,19.751668212914417,766.2444488101992,758.1702191284578,1372.5776400905002,66.34287642831966,6,28,0.7571321155367116,2,473.7108193743827,3.566247944261219,11.810740174903064,575.4430290742272,13.697842709821218,6.2891674913646005,7.408675218456618,92.72688827216564,23.17017039992397,42.60521364370136,3.5326258141415146,23.955434262498713,48.64750461225498,7.61988576434457,370.9597602334953,384.99342154314184,6,1
Granite-Gneiss,Weathered,Crops,6.88761296860902,968.2362721488944,665.4847048420427,1428.8409594632549,108.56290011979266,4,21,0.617153115899763,1,423.5779681214631,0.2517850501955179,6.684080581089407,984.08280125818,12.669418963529548,6.464285337060304,6.205133626469244,55.67801697775549,21.20171668994984,35.26743133243115,2.8434017280248107,15.101457860777872,50.605965085580834,6.750714671476747,424.42453094670634,445.4795561296768,3,1
Granite-Gneiss,Weathered,Built Area,86.62030934733173,965.57811659493,614.9210791134229,1425.06152744987,115.61764841503708,9,28,0.7245463514515273,2,570.7747589293197,7.553432991715957,11.761840478378733,1028.6601536837074,20.260666662118517,8.779117125302188,11.48154953681633,95.83950463930383,25.200760405436412,27.200760405436412,3.362221668954885,33.094096168657074,41.09717431643549,7.140023299557232,601.090233335749,649.8402075269366,3,0
Granite-Gneiss,Weathered,Built Area,74.5378153330471,980.2191269979376,531.7077336346089,1321.6897565327613,58.80749455497491,8,32,0.6953272153485928,3,549.8258081313115,1.6950878628765702,10.730547351488749,437.043283307973,17.357676556300664,8.935473736458436,8.422202819842228,94.2455100100108,26.208498956998774,28.208498956998774,2.865793540608058,28.453462572224833,48.75136334620136,7.977819445815885,538.0685699923051,562.378352666765,3,0
Granite-Gneiss,Weathered,Crops,16.534676827547635,906.1437733671144,790.2814749985127,1541.407362871032,133.630364215856,7,39,0.7580929002966609,1,400.6794410181456,6.046547903077842,10.551363225119974,2937.306725599446,12.532556763588552,9.28235727711547,3.2501994864730825,87.93808104323277,21.658048264616163,25.428163250076196,2.5476199957195855,15.321417416118262,54.69435623331794,6.912637944349146,406.6309038299356,435.06143630011366,4,1
Granite-Gneiss,Weathered,Built Area,79.04507157592434,701.186254372458,778.3870268011713,1211.8365817525855,66.84506211866211,5,24,0.7419773372167954,3,586.3117337911342,6.754357045739699,7.835292458925231,2300.258776243532,15.466507485535255,7.892199648462717,7.574307837072538,92.5421031959414,23.816652174778234,27.615687578275335,2.595134515928498,22.51660768326513,49.07867542452884,7.094622228085506,474.83036050059195,453.6085459076511,2,0
Granite-Gneiss,Weathered,Built Area,94.41094199605246,940.6758444740092,723.329124788494,1539.0577235288356,106.93042568114697,3,31,0.7125751721962242,3,463.9967803389811,4.420982392995289,9.963091730574044,1244.300188420858,18.64281777402043,5.930871097352358,12.71194667666807,88.14876806365153,21.116800290458762,24.784209770263487,2.638130431519983,27.883413680380915,42.660042506167706,7.317486007308817,500.05396417662155,490.34784771823456,6,0
Granite-Gneiss,Weathered,Built Area,72.17934896797944,892.563711155284,713.5607645710976,1555.0133731854237,77.3046789677873,4,30,0.6185923282891753,3,452.62842164612755,7.977677625849162,9.956120739391876,1033.0734279239387,16.337393132653034,6.775798978472931,9.561594154180103,75.50710391321186,21.633788056551253,23.633788056551253,2.97509844643945,18.378119729362414,48.83998737012432,7.418075048724422,490.53282250331426,478.00525587143596,1,0
Granite-Gneiss,Weathered,Built Area,84.40054413283443,818.6714081270623,665.7375252374234,1454.9673888795405,87.67291676036496,3,31,0.7473789622424954,3,555.678572352266,2.90408426896661,13.060964044255257,2363.1491140297803,13.974003721402545,10.009811872177089,3.9641918492254558,81.32720337293384,20.657685480896706,27.976284554388744,2.519088061540265,28.866696948772166,43.77918632358075,7.538533739164037,429.0902757932913,418.5247205204725,11,1
Granite-Gneiss,Weathered,Trees,17.928284478661023,879.95536748836,507.14382380305295,1471.5685187896488,52.5969884529161,3,22,0.7696940150197096,2,575.4394440816031,7.301434733848356,7.784880509703267,2210.3174230827426,13.449748645890974,5.942719186393613,7.507029459497361,98.00315827845284,17.077359743695872,29.271750242589107,2.674740435413419,15.525983028241772,52.866619551403005,7.466664747620406,511.3857313088056,533.1444369649596,12,1
Granite-Gneiss,Weathered,Bare Ground,5.8053140637642,926.1227914929116,527.172279189786,1317.2529305003004,58.061661149953615,5,24,0.7113109905598596,2,466.30431736202536,5.07543701559683,10.094026745596484,474.184808492452,16.504872309228077,9.043267442610128,7.461604866617948,96.1562976454405,18.916768938154522,20.916768938154522,1.4534312924485009,17.238208027161573,35.65729012199886,7.651581730957415,476.54762580287365,474.1831371218972,2,0
Granite-Gneiss,Weathered,Rangeland,11.292754531829456,809.788141969454,793.2959296459335,1569.8349448744873,99.9642406045776,4,27,0.67910730841325,2,566.4788635554203,5.57292048747642,10.842526326802162,2097.971155363674,15.832248706988093,7.3636661305095705,8.468582576478521,99.42277629839674,20.94010619097731,29.82452036714581,3.2606523098850957,19.605807294896923,48.70811822250675,7.671840260223414,472.99583797382127,433.13344986009065,5,1
Granite-Gneiss,Weathered,Crops,13.55910741702126,846.9935813152102,646.4563358237632,1476.8685654533808,117.47954519427756,3,37,0.7608462115383781,3,582.5182456390672,4.587732830856649,8.776024953990106,853.1046037733238,15.234572322386274,8.237408150381508,6.997164172004766,87.70568321337184,19.76801547331605,29.69941268208035,2.8203952692544147,25.952086417015735,36.571871524931645,7.012303801641084,486.508039262017,524.7016106376258,10,0
Granite-Gneiss,Weathered,Crops,23.246398311932165,895.5792474341412,637.0243988302095,1238.664710394947,74.73429774410754,3,39,0.7643148045312749,1,577.1978599451274,1.1284079878681963,12.06947599726552,2145.5443220580064,15.27442851492529,8.37749432937215,6.896934185553141,84.60593979637534,18.39547989264294,24.466164684622907,3.1978626450975307,34.22240429111953,46.3850181988237,7.278304642416042,426.11588437110447,465.0017180788429,11,0
Granite-Gneiss,Weathered,Trees,10.650779235540682,956.5477823385761,789.7364918759924,1537.1317585321,48.92479919811856,7,27,0.7501163208107686,3,547.8056502311916,4.345793568961025,9.818245199559389,1121.0537075719874,13.065859511338445,4.651877262133445,8.413982249204999,90.83258248158306,20.525045834300794,22.525045834300794,2.153647046240712,29.466912014134444,39.50453748825999,7.869032060932711,522.4125870133444,538.0410563436973,6,0
Granite-Gneiss,Weathered,Trees,24.286934579070547,862.8101661013646,655.5863777454542,1430.3712792547647,57.75086802598332,6,29,0.635159092877952,2,590.131035287244,5.336991694824018,10.282884399345257,262.92405866043805,17.164161815135298,8.336803252637447,8.827358562497851,93.46722673979862,20.50154124629763,23.320288995794506,2.8822215631269748,23.19226410596022,39.634546532344864,7.165016579356554,543.4540146909048,544.6611556230399,1,1
Granite-Gneiss,Weathered,Trees,21.77100813985338,751.3064869015316,781.360488661061,1269.4117076760172,73.9199187586402,7,34,0.7752983636275044,1,402.970349559441,2.106872346714149,10.799252493317303,2547.84439889283,15.960751929363077,7.92292621689392,8.037825712469157,91.84466884311172,19.002344969710073,21.002344969710073,2.7745597519823377,33.02389387408506,54.05137344876303,6.689321509849651,482.8213431509379,511.12858151240573,10,1
Granite-Gneiss,Weathered,Crops,20.724991543930855,839.6786630423885,542.6082812653584,1261.7883835039581,49.72242163913466,3,23,0.6033108831165516,1,492.9082480454815,0.5315766550241028,7.414186815765125,1942.2375878228872,14.910723151956624,7.244929877041932,7.665793274914692,76.6004456549767,20.79069867284056,22.79069867284056,1.963194718106676,24.147909577043478,44.54903062147105,7.676614859284135,449.7824951278413,405.12317954979926,2,1
Granite-Gneiss,Weathered,Built Area,75.54403606342844,914.4734298273792,651.3624207242068,1490.2333482919134,77.68151205562734,7,20,0.6414531628356781,3,439.82562950384175,0.44590328452115635,6.4069084319418295,2031.2593544887657,14.010452458204476,7.54036501507433,6.470087443130146,71.95613665373901,15.45088339631857,26.038772017763627,2.24515679845032,34.21287036867273,42.592286489593704,6.507538424223016,506.02359573801334,514.293635577382,6,1
Granite-Gneiss,Weathered,Built Area,88.30233482037974,763.7011441807704,521.4839925245012,1422.5796176809,72.40985749392173,9,24,0.6418829900699139,2,536.0484132726795,0.5145454809240544,12.2036050872399,1986.9768778732316,14.868271793296728,7.6547808379973326,7.213490955299395,98.33500759311121,18.715110316622635,26.45087566250731,2.5571905356682576,24.171776275458438,38.01347817871523,7.231800331870188,443.9786601253129,409.74672581703874,4,1
Granite-Gneiss,Weathered,Crops,17.861207608014677,720.2855203860271,763.8559487579548,1432.5009218863595,44.122774898578356,3,33,0.6432006517157476,3,446.2763969251831,2.296538318295055,11.122506669667139,1902.0145448724031,15.880014455145108,6.62247533538666,9.257539119758448,93.50076106923467,19.925932846776394,24.35989527827837,2.615791425087693,24.93341777807509,48.58547384979564,6.70420967275175,449.7328558186888,440.17248686744205,9,0
Granite-Gneiss,Weathered,Trees,16.386443997958015,766.959707967219,716.3812601846973,1379.8281609581936,91.38118933734037,6,30,0.744193469189333,2,570.7995123950761,2.106379720947948,13.70629974162523,2131.7091795757874,15.133826615730856,7.408247742254201,7.725578873476655,90.37032349006581,21.305538732097087,23.305538732097087,3.1861581463317847,32.56474513207075,53.5679353604596,6.81502210992975,454.2662228882913,487.13274089894065,11,0
Granite-Gneiss,Weathered,Trees,13.382463628170996,700.2804589867687,737.8171064476113,1416.2136713666557,70.71146287873133,4,21,0.7342462184425127,3,503.2857114690881,6.740563757132944,12.01427176065927,1534.2800249914428,16.20139943094773,6.507271584323813,9.694127846623918,81.35782810897187,25.18944042062069,27.18944042062069,2.309793665328327,29.880032282072847,42.70249051124891,6.735039263654209,488.43196859299314,457.9443545252888,7,1
Granite-Gneiss,Weathered,Built Area,72.11240524245622,701.8371061704272,771.7287539662877,1392.6109965331143,70.11657132250909,9,25,0.6980551227235805,2,591.6350530260527,1.2264005940899976,12.530619546138414,717.0139186475302,15.274509019578199,8.51292082745163,6.761588192126569,79.05463017456563,23.535510735226648,25.535510735226648,2.279666509877643,24.9776611976625,45.13820703255622,7.589975961208078,485.3317873216497,448.2739350541179,7,1
Granite-Gneiss,Weathered,Built Area,89.31042451692002,743.0178793031453,599.7645603564365,1412.8859763688902,72.18089264198878,3,33,0.6890950831370861,2,424.8004657757153,1.3187799340084423,12.30407982139478,2856.2497735681413,13.432750539050742,7.372869107994339,6.059881431056403,90.44491715517874,19.396117947495718,21.612853120338727,2.5302043206722824,15.268949615150362,38.865851305842035,6.758901868152201,413.94204505416883,425.3703350698749,4,0
Granite-Gneiss,Weathered,Built Area,79.52478301419967,840.5866628378302,502.36663916535554,1402.811842469574,90.93435100131649,6,28,0.7832015632386933,2,420.1369536801069,6.825723106504652,13.10144505210176,2357.7104143038796,14.446870408594224,6.288874599737059,8.157995808857166,93.23511058529596,23.10509882292393,25.10509882292393,2.5853768620840847,22.812678032337196,50.83771501976821,7.680358070268842,478.6625371385885,447.6594826772323,12,0
Granite-Gneiss,Weathered,Crops,14.408870387456643,825.4206387433923,599.0705036334205,1328.4761079658715,93.16351254661244,7,27,0.7231168697444648,2,563.8205768348984,6.433612570732239,10.413033288773097,502.066291846724,17.767369504361024,6.119803384368766,11.647566119992259,57.13007598185317,19.699648137472103,28.537534490385227,2.194139218644062,25.766884433791635,39.968536389012506,7.050557744672529,449.1963152111288,425.33960518020245,6,1
Granite-Gneiss,Weathered,Crops,8.264300949717178,805.8908336345684,609.0350992501835,1249.3023594197716,77.72363884862398,4,31,0.7718757417666783,3,562.3045400275068,4.267429666064475,7.353894379897731,1073.182605320266,13.764854109043604,8.7499254916411,5.014928617402504,102.50143466850923,20.98315765177139,27.7060164873946,2.6966253506742794,17.765005949247573,45.18240993543923,6.811977559159918,456.4042221058247,486.3573082862349,10,0
Granite-Gneiss,Weathered,Built Area,79.86054658477643,803.1456616910493,596.5072727034105,1430.759287048704,71.61676794820919,3,20,0.6198559040073688,2,522.4223005402497,5.864389012542093,13.14400045166104,2689.0728774545205,10.778333151124738,7.270803000645619,3.507530150479119,85.36354244080492,25.05450269676088,27.066141997897727,2.964303736081322,19.8932419219188,43.55338869082603,6.782883323086458,387.56092839037296,402.3279943518102,8,0
Granite-Gneiss,Weathered,Built Area,83.92105133412684,985.6953398097943,592.4568013857154,1513.006646798796,77.86258357990901,9,25,0.791847532253501,3,530.3532531371352,7.4466954791559,7.2855864549984695,1492.4561713404876,13.958750129176464,8.16020052347573,5.7985496057007335,81.31209761728704,16.449067789167174,23.781157999688414,3.1078831259051047,33.089171994590316,44.35341885403203,7.05774157094936,497.4497287813046,525.2323647374385,3,0
Granite-Gneiss,Weathered,Trees,21.192464180882734,762.8029410883474,693.5412306916328,1491.3407828239685,103.77766142870527,9,30,0.7673784813902862,2,562.6365673219306,4.603086959020585,11.542811380596614,674.4946373815944,15.921199344267325,8.419929894591188,7.501269449676137,94.36810180429282,15.595698931146806,26.432195463004806,2.5727789821595355,23.32933003154426,44.6424642114966,7.929719957312781,450.96835496311195,474.52200924953473,9,1
Granite-Gneiss,Weathered,Water,0.0,769.2342170176527,757.2573231513875,1303.82396378525,53.23049264966405,5,23,0.7315440073581887,1,573.8504193114372,6.826689359652928,8.65568497838385,2272.0086612479154,12.292789678659343,9.748159247225713,2.54463043143363,93.85499615973342,23.34485776469113,28.395552762019236,3.1429801120006244,20.496144104613784,54.0901766672885,7.201417482098844,506.3562102129334,509.3364867718108,10,0
Granite-Gneiss,Weathered,Bare Ground,7.102058729737163,850.2808062133632,535.4298069735195,1410.6960616547503,69.76740105763588,5,35,0.6279461225647829,1,420.3730117900596,3.2981066809724657,7.804549229574646,1524.7577193877025,15.718910559749544,8.650477499909126,7.068433059840418,83.57640122842653,28.27992075109012,30.27992075109012,2.494396510933107,30.499362204083496,53.49531505654674,7.520707684405389,552.8747287502393,560.2242259047937,3,0
Granite-Gneiss,Weathered,Water,0.0,985.5370688930112,763.4048490820678,1430.4606056476503,95.26672507183686,6,22,0.6616620825793806,3,577.1984693738668,6.970783270630412,10.352070658768913,1204.413574015337,11.832524722545418,9.344757788730064,2.4877669338153545,76.46488845455039,17.284115087992088,20.242258739832486,2.335759301088635,34.3568621910988,48.88370195697735,7.589578782365484,536.8864498383925,535.586178041087,6,1
Granite-Gneiss,Weathered,Bare Ground,14.154352590301603,931.2945160054671,712.370788445284,1377.6097393432678,56.10445269543617,4,29,0.7591583783691888,1,588.7031787380035,3.3913765628301764,8.827622691694728,1446.225538152822,12.913301790254327,6.886623880887681,6.026677909366645,96.39935656542123,21.507460678210848,29.503275074756523,2.3252651263185924,18.90985873669647,43.13254136250457,7.658792439946177,419.45408510434737,382.2756679912273,10,1
Granite-Gneiss,Weathered,Built Area,76.80428918037151,871.589280066887,699.2970909167523,1381.7863584021923,75.42437219901106,5,30,0.7506576870976698,3,527.3606044159411,5.6201767300588035,12.990909959653575,1554.1292551061385,16.342086270631754,7.667374643275244,8.674711627356508,85.27642483241893,23.252753482459088,25.252753482459088,2.30170973878934,18.972119311449955,36.807171213145786,7.000683737380437,453.25911017066755,467.0083280410329,12,0
Granite-Gneiss,Weathered,Water,0.0,852.769667407414,544.4155424594493,1451.0694200157486,71.0889646642191,9,29,0.7495771284110552,1,546.9976448060155,1.7437473884123333,12.503447204450769,1031.2858731378128,13.133126714288919,9.37167427085611,3.761452443432809,87.80116349925534,23.484520445457793,25.484520445457793,2.7384702241201095,34.84282167237998,36.57290671612991,7.622706294911603,483.1153723356318,482.64749573752937,10,1
Granite-Gneiss,Weathered,Crops,6.0646114198578305,921.0275468990409,726.1053811033752,1221.2239258776842,137.7234375284193,4,35,0.680967612039167,1,497.0700232582047,4.38163076944586,6.114534443179432,2852.8468434556567,14.305089279528856,5.008336231570457,9.296753047958399,81.58993992720151,24.11163182240667,27.463028231373443,1.7056486687358663,25.815120244588854,35.046864312029214,6.940489617299453,519.9714441976679,443.93554270076436,1,1
Granite-Gneiss,Weathered,Crops,13.731930060258469,947.3849919703505,626.9174540571601,1397.258232940489,127.61278279632806,4,21,0.7186315708341215,2,427.55395005201484,4.286585646417981,9.16328435550798,2085.950994707568,12.339219947356089,8.494385587727766,3.8448343596283223,96.48019077389515,16.463920869877317,31.026337621960685,2.039654501252639,17.75786703791843,46.318751772276805,7.486837478676273,578.395299267972,589.1130383281542,9,0
Granite-Gneiss,Weathered,Water,0.0,723.4123611144461,603.8935761816103,1385.1712331507053,74.48148755431237,5,31,0.6770014373614989,2,599.200941136465,7.874174118286034,8.172146169095814,336.56708566832106,14.382871288014698,11.723909954492555,2.658961333522143,79.96356931229364,20.609431105867117,22.609431105867117,2.928093920459094,29.157558915620864,41.24149474285894,7.076086942097249,442.8099603232562,465.362276840705,4,1
Granite-Gneiss,Weathered,Crops,11.268584688468884,748.0810880796179,659.2561946288697,1335.904982564623,82.21276032381496,8,32,0.6036231828926001,1,526.9558668562213,3.357634821496271,11.671397731281886,2055.5356287641007,15.123523806788196,10.259728560560479,4.863795246227717,73.31299425822706,15.444271596973048,27.920377250298696,2.7699372476137207,26.042502894984942,42.6938684899115,7.1020609003918596,480.0134472952121,474.5749589307838,4,1
Granite-Gneiss,Weathered,Trees,15.657159155608591,817.8916057547776,620.3503456685927,1212.5993497301274,88.72440429572913,4,23,0.6335090782951148,1,475.0621203860346,7.450673071495225,12.513010461667957,2541.3972839424296,14.723213848812833,7.647075371409098,7.076138477403735,84.1681355023475,17.967662360489136,23.245270543816943,3.042535194453835,15.081952014548069,42.29822945233749,6.608321612806032,481.6752494374906,500.7199204154158,10,1
Granite-Gneiss,Weathered,Crops,6.529212016163555,918.0000421866947,505.52673679437163,1226.7901782492836,100.87962159477964,6,39,0.6471995671247907,3,432.3033922556915,0.9024607449957749,6.364895449263459,1190.2540615156217,12.364085526150442,6.925874266733565,5.438211259416876,71.97489081295879,23.77389498819765,25.77389498819765,1.865144525223094,32.3836448957573,54.36045175701471,7.544754666644437,501.1562010829475,509.4651338576542,1,0
Granite-Gneiss,Weathered,Crops,24.1080281090512,853.8758711947347,624.9835360171622,1329.2890517766534,42.89886730115232,8,33,0.6414012263385849,3,495.3636770152275,7.036740443086932,11.578796841086632,2179.35148536205,14.702078318921194,7.574019999884032,7.128058319037161,95.80202857663492,20.877859594448577,22.877859594448577,2.4735583803223897,30.473076710539093,39.97475199666898,7.331767484672531,454.18523187730506,420.7529578913371,11,0
Granite-Gneiss,Weathered,Trees,6.731711642468834,812.3085491186336,629.2741798341017,1337.9123922085946,59.8153521948513,4,37,0.7938654376791972,2,430.5987565278148,6.915034897376914,13.545672025280403,1529.13359955897,17.545970816160125,11.26482328670659,6.281147529453534,90.61236957910323,20.8202658282486,24.090264667936122,3.055081874249101,32.033043619632615,46.806297172856574,7.8405144030659795,521.3586168673935,535.6838137630681,6,0
Granite-Gneiss,Weathered,Built Area,74.82552361253566,927.8383883720402,734.0127742313063,1586.4849962997523,79.73499647235906,4,27,0.7394164713790632,2,458.0145964065085,3.2272699024973868,9.553984954239553,2279.2261114066296,12.805896333693472,5.1265616576254915,7.67933467606798,85.87671470072867,25.337820906294212,28.33878462134147,2.4699042386265764,16.098847944496367,50.73350905696564,6.914858671871541,496.56777119076725,525.9331753565854,9,0
Granite-Gneiss,Weathered,Trees,19.92491158414243,827.300326745793,594.2826462455263,1569.909582296497,89.53046029748393,3,34,0.7168502298425725,3,448.57708663572976,5.309159190853599,6.307646436401468,1876.0916751158163,13.35291007515209,6.714589948871975,6.6383201262801155,87.77443582192407,15.82674053624467,17.82674053624467,2.796436497159036,30.380705438718827,38.0805122340529,6.820760568288029,547.3315100639279,546.2327252145573,6,0
Granite-Gneiss,Weathered,Trees,20.345338808323223,793.899650545451,564.1877890306552,1482.3482728344911,50.82094895903314,6,36,0.6805125911607934,3,573.3819340261222,0.9188504552948311,9.861308439675597,520.8602270421379,13.459150766051106,1.4388824539469223,12.020268312104184,55.33437488373541,22.326223419059804,28.348279337055466,3.4390309051242225,24.043841807896257,52.812354778555395,6.58165161807148,355.9279451115213,393.6407183697316,8,1
Granite-Gneiss,Weathered,Built Area,71.85008815838802,781.9302592988015,559.886811090529,1386.7810956023472,56.343574150846514,7,33,0.7193403479305245,1,478.2795224821107,1.65540487160498,7.7697710792182075,2556.388169471004,11.081306944673692,6.094454118670418,4.986852826003274,76.83894289981977,21.044036859350136,33.09194681610121,2.576260664258463,22.507201841062226,48.204146933238285,6.769832158642042,277.15139853458805,259.80680254809687,10,0
Granite-Gneiss,Weathered,Built Area,89.22106567294941,826.0281766804092,551.2477570345906,1520.576089556179,89.13901089038731,7,36,0.7431819719187577,3,418.1574291980354,2.613152520201317,8.210808175399201,498.5675599099053,10.753680644306156,5.694322176116474,5.059358468189682,75.83127998690306,19.779755710858286,38.04905855881428,3.191232885871283,33.74518475790623,48.48923668524545,6.8900013863519325,284.18698030462417,261.0838289595858,5,1
Granite-Gneiss,Weathered,Crops,12.29722746317506,817.0546020038948,777.1004099241721,1414.859951944614,81.73711077622862,6,35,0.7136920022551227,3,476.45869273815924,5.938946724290134,13.683912254376029,88.8756245420543,6.097155188334694,4.572152473141085,1.525002715193609,73.84182806994818,30.292133819146336,33.201634432153384,3.4674836298749314,15.480249683614776,51.859836622017305,6.579866445823394,400.3427687976906,405.4277540990075,3,1
Granite-Gneiss,Weathered,Trees,15.986557223275199,730.2758495533238,614.4173976992007,1393.112395469997,94.45278009476006,6,35,0.6676293776232818,1,437.3146920663434,3.2466797428533942,12.37130489991312,2832.688914581808,11.698487960299708,5.491154558551175,6.207333401748533,59.81615398852278,28.104456744082388,38.99716813211157,3.3424554132164914,23.26761711021511,54.82790151534917,6.9265817669037215,356.2415838112097,353.7993476438636,2,0
Granite-Gneiss,Weathered,Built Area,79.16033814316005,725.4360313202335,700.9717783420083,1272.181113691519,67.91428188711804,5,33,0.6275983180697849,3,502.77618775603224,1.2105822530123236,10.395264589116692,166.00884523115036,10.460222409679837,4.101615387211249,6.358607022468588,80.1506616780299,25.19674502192977,37.12602217996303,4.247507466409012,22.348528483142417,47.9802311204025,6.741013013712752,310.26427805378603,313.37439572249053,11,0
Granite-Gneiss,Weathered,Water,0.0,816.5742384080364,789.3051062045613,1430.7365667736829,112.44903305452134,5,34,0.7697137967242245,2,530.2324807741672,1.1376919373521774,6.75909214818136,142.59409572262786,11.601139052891572,4.6839783424995955,6.917160710391976,87.64155346837754,26.19344646810655,28.19344646810655,2.749873206830235,27.743706315291128,48.144988359351046,6.590254355494968,358.87747026878935,388.7592774228757,12,1
Granite-Gneiss,Weathered,Trees,13.068374561573105,906.1714508648715,608.3434418525894,1442.4054638308487,56.75234732130015,3,26,0.7332091537630128,2,461.9807874516571,5.43797442999205,10.15300476733169,1099.043279963059,13.212643432198083,5.100757748543892,8.11188568365419,60.76821506982229,22.65367642650521,30.023674837750647,3.3674848952742495,25.86365135737577,47.005032257923425,7.331798208344526,417.3248082350373,416.4494847374876,8,1
Granite-Gneiss,Weathered,Bare Ground,12.392146243281692,757.777895532195,657.1517667171657,1230.582887420131,39.312366779674996,5,31,0.6983094210429388,2,568.521510867618,7.103258236599498,9.608483210224447,1491.9724081231207,10.615520433478798,7.409661918361445,3.2058585151173524,58.65902636463449,24.449762233719188,34.41896231635337,2.781195792992479,31.829904614870113,52.833423421606035,6.694934052921258,307.3616865557209,322.90067419862004,5,0
Granite-Gneiss,Weathered,Trees,24.786431200761296,760.5230478095576,683.0106660951146,1525.4878738029581,88.35501067308265,6,21,0.6330184851675449,3,535.3368664286182,7.0075658219626265,9.417914101498381,525.8510489208279,6.903372461669768,4.860241865242642,2.043130596427126,83.7057882280376,26.745536696411264,32.83011851642597,3.50266611625392,24.645448299444237,46.12308961374055,7.804290141252103,345.2444857650399,377.3198645594335,2,0
Granite-Gneiss,Weathered,Rangeland,13.910198156152312,797.7300067369671,612.3879886305663,1490.310729814834,73.00942540116759,7,30,0.6928607442190337,3,512.9727381193389,1.645840515253174,7.601072980019475,360.17536054849336,9.230175043672999,2.412211190476445,6.817963853196554,69.70266613471064,29.057128797373238,37.5391167605006,2.7501723463391907,33.847469842570604,51.81302777850982,7.397532559305758,348.10945520608584,367.4112494523446,7,1
Granite-Gneiss,Weathered,Bare Ground,13.71054987383073,773.3182479467689,527.4908598234927,1515.7143479129659,115.17681082834763,7,29,0.6815453629306014,2,596.4087265028058,0.5777413146356967,11.238188308429237,1881.077504166042,11.161844372160104,4.263150078109564,6.89869429405054,64.80542518243912,28.97993628153167,35.3345357141229,2.9841109082722572,17.524824795344223,39.311900317564664,7.830051507150252,362.6054620653855,329.0864885071725,5,1
Granite-Gneiss,Weathered,Crops,5.632201872431342,868.2198336528884,552.6993616570353,1221.1577513091904,66.35997927645225,6,24,0.7525637965278611,2,408.8843688095279,0.25986882400257727,7.699053755264135,609.1045196003338,10.002097135499495,4.777191453995175,5.22490568150432,53.78475729885041,26.766239440166537,29.413260132713344,2.399610178344363,29.555077069491094,42.33228871356348,6.607682166637163,371.3979296547195,382.05434843211395,10,1
Granite-Gneiss,Weathered,Built Area,81.08164924350449,726.2452472659788,693.9138302127797,1572.7309330089215,49.663930860654865,9,31,0.6468674690212768,2,527.6075913121244,2.7985079567511297,10.122853945448497,1315.0809327523339,12.646138248770209,6.698354409672389,5.94778383909782,84.78523926788702,30.65406236847708,32.654062368477085,2.965142501887185,27.894517356219744,36.07395346949292,7.033269434643287,266.2521413268628,292.30741088905575,6,0
Granite-Gneiss,Weathered,Crops,20.59419687202212,947.9140650895524,714.2150304088971,1269.1144147136256,60.964780080115794,9,37,0.7724591598293904,3,574.808724513028,0.129733490096684,13.744807991259403,1277.1212326212951,9.682953798690047,7.407644017729764,2.275309780960283,74.40866496304963,23.233956209600667,25.233956209600667,2.687107930452611,25.600172256197403,38.55703997812105,6.660831536510079,319.2168215150855,256.030481960236,3,1
Granite-Gneiss,Weathered,Built Area,91.48479854640338,834.8887155057737,659.3312627535203,1252.984421294859,69.59710396183154,7,37,0.7678131710373792,1,487.90674853519823,5.784354993180744,11.81936741832942,963.9311591277811,10.332794605163466,3.0163400214170046,7.316454583746461,59.49090084772569,28.91074183301031,30.91074183301031,3.220897654776386,34.53997242380053,41.406276964592294,7.1006114248498875,416.5841292379937,439.66150768001063,11,0
Granite-Gneiss,Weathered,Bare Ground,11.08254171328265,814.6676415090748,640.0692188434283,1419.6344965369553,119.86682488345359,7,38,0.7905510405595941,2,489.7927498223454,5.2376604414399415,6.814774422867387,2511.775505883719,11.816651775592495,5.13727393373657,6.679377841855925,71.64522540879892,23.986223915417614,33.83573048872879,3.3511321792094027,26.543359155668647,51.37467877747791,7.410960406659806,311.32068986886145,337.4283630491422,5,1
Granite-Gneiss,Weathered,Rangeland,13.666544077691468,973.3942908925061,722.6473743077446,1435.107377702283,51.62275432230178,7,21,0.7060194898347949,2,595.97822106454,3.3217245219912677,6.217070478221002,2659.924390217224,10.636788706705495,4.191908618556829,6.4448800881486665,72.41914461104747,27.962061731063876,39.8235271784678,3.8201771131566615,30.163310854470975,38.063421994661404,6.9610286026180095,404.22334331430187,371.5067349602508,10,0
Granite-Gneiss,Weathered,Trees,6.793349957046493,791.8444312861882,648.4298836079317,1477.860968913963,43.47091331067653,7,33,0.6349650798264976,3,410.0040598746151,2.322543697472331,11.496094706497466,959.651340709463,12.264379582102688,6.158853243420972,6.105526338681716,75.78446132253578,31.140942733206792,36.18423434415726,2.3275040909369134,21.456579623277232,35.63609745501132,7.508219655916327,395.9382997484249,385.7925802437325,7,0
Granite-Gneiss,Weathered,Built Area,86.21526630181066,863.5745384047254,686.8968893648132,1328.102044840539,118.8131724152051,4,32,0.7601631766994743,2,596.6050784685117,7.4203776396984695,12.73277095259713,358.2700534969523,8.652298071102416,4.744768283366342,3.907529787736075,72.26445951877066,21.70549860919384,35.49808155056165,3.436020657779927,16.96151459614504,50.42607021849652,7.348680178834204,307.51781803484386,308.76021060643353,5,1
Granite-Gneiss,Weathered,Built Area,74.55713111475659,896.8583792989331,546.4846724179653,1505.5392621014419,64.44556219305001,4,22,0.7015387610616998,1,432.6028435767755,5.7431690503453146,9.122451735647065,1651.4217859243868,13.361745778264785,6.320605373928037,7.0411404043367485,83.5117302339611,24.785471726822284,31.157856083649243,3.3224727517419024,19.523883091740977,36.762031912662295,7.942861213889385,383.97021969822015,406.2489899311924,12,0
Granite-Gneiss,Weathered,Built Area,79.04383022928964,710.8163802732778,744.9110467952355,1460.7073582496562,55.03577506002688,4,36,0.6000637195154045,3,489.00208474372334,0.21812890090289372,8.643030724852366,787.7949199071357,9.633857644994945,5.7084736074443985,3.925384037550547,58.87019361388025,26.106179878955814,29.651665797550837,4.00296006342144,27.365849745629642,38.677184497902104,7.62337941896101,314.9034962996438,331.0571921793194,11,0
Granite-Gneiss,Weathered,Crops,18.65649961094981,810.6906041429719,582.3912059631388,1565.4556406032661,83.48872222742436,9,35,0.6792717114521494,1,495.9382766276938,2.8236275336591543,11.112386499746028,1828.8245295121387,10.468165216420193,7.197584024576825,3.270581191843368,71.61011132856704,28.72919173570905,31.35864708045523,3.1939631370154613,24.41367715190352,46.899480521627815,7.30867482790385,400.8995787231659,407.4581003277364,11,1
Granite-Gneiss,Weathered,Rangeland,5.1555073112523075,724.407359367798,625.6214215535072,1516.7573244464768,106.7586170698123,3,26,0.7488313104957226,1,550.3556421691279,5.8787130968287835,8.423458474173948,1322.5103461023627,12.10251486862016,4.70919696725698,7.39331790136318,51.03461958163874,22.26498730561079,30.6018952182108,3.9844497775654,18.370148185117788,54.10666495608432,6.713649148407978,298.7755547059685,344.4957556231416,2,1
Granite-Gneiss,Weathered,Built Area,82.31553889518061,742.0380801487024,687.8751228614628,1395.20289325278,100.44714742254205,6,29,0.6707591635649007,1,504.33524942035206,2.7679741149524526,6.194752555914342,418.3765990456012,8.184465404406149,1.742059635677029,6.44240576872912,67.89631216459526,22.339487465943872,30.01492398239342,3.7296613517358623,26.18401037828081,37.825420816331565,6.748444720285917,350.44494445088867,344.5919790091175,8,1
Granite-Gneiss,Weathered,Crops,18.37102863589994,874.0299790314643,696.9886393839687,1292.533729264592,77.83123947893603,4,28,0.7409244801203239,2,531.4140974341053,0.7018302267684575,7.785776735696173,2601.159435162426,7.225073287386822,4.234659614577371,2.990413672809451,59.12383399939368,26.29764490748029,36.97003241409264,2.9302547851680507,17.2339898731168,53.74574556177873,7.559393455481479,390.0075517727852,401.79834374537,2,1
Granite-Gneiss,Weathered,Crops,9.883344206456803,838.9082387158782,792.8601064437987,1434.046971362745,99.31382071986457,6,36,0.6793683749362438,2,448.918736878861,4.421581382792948,11.210195147639615,1003.0110780049,6.39029947578216,4.758578064481895,1.6317214113002647,61.25818434647767,26.025355765899075,43.1263015648748,3.63026868977229,31.592510440925167,35.73119582460259,7.4500895410264265,326.72732578180984,331.6389304780659,8,1
Granite-Gneiss,Weathered,Built Area,80.84014535210257,952.0607819002068,627.2742027951299,1252.8080416092073,61.00990116720083,6,21,0.7526493365003888,3,491.3843645536109,7.319170835256442,7.150269597646201,210.48166677281372,5.692391451820024,1.987943472149051,3.704447979670973,65.25579399767723,26.16316652802673,28.16316652802673,3.2844269694761117,32.53782824218831,54.10567220024086,6.725782994848151,396.04142839573706,447.36757933001195,2,1
Granite-Gneiss,Weathered,Built Area,91.42696067786827,906.4424382016693,574.5215325908354,1518.8033469437246,67.07478667996507,5,37,0.6354088124162676,2,506.81711267231947,2.4813355670526116,6.927921057483043,747.6305418373341,9.425499085821798,7.026160137804797,2.399338948017001,67.30530906701283,24.879975843635545,29.625605594121257,3.563258890361659,20.410147605443598,49.23105277148808,6.5665107784722325,374.66989700420146,340.80886516817105,8,1
Granite-Gneiss,Weathered,Water,0.0,873.6659663217079,505.0951076877121,1554.8429386002765,121.2808664074087,5,36,0.7707936092900198,3,518.3076088638466,3.647099169431339,9.788191291601802,2392.4065483947734,6.0465458690868825,4.760365553966256,1.2861803151206264,80.43824306537276,27.767169104541416,30.288705851420925,3.2179421273850326,25.79970018169813,37.30243830624643,7.962776527942735,335.58836135779876,375.9813615230294,8,1
Granite-Gneiss,Weathered,Built Area,92.97934142882379,941.7560708499227,646.7216803351948,1546.1133966610503,128.93417259289328,4,34,0.6689798604163351,1,468.36830120534125,4.625257566014628,12.315358360391318,874.1885211091432,11.096938521960332,3.240913061880728,7.8560254600796044,88.29133886832042,22.806371347277334,34.05143610981826,2.4781523894434527,33.966320258410164,39.69661005445357,7.385344742134651,390.65675387778873,340.88122548431545,3,1
Granite-Gneiss,Weathered,Crops,22.03652719071881,712.0059903407977,631.7797852416807,1537.6780940259914,51.232911017706705,3,24,0.6497945190803716,1,403.269615811463,3.7420864515429404,6.843621102241624,1701.0309952278583,9.681469269117637,7.129080730998754,2.5523885381188824,53.31944092375045,23.75417514240528,34.83582430584045,3.9163134289950134,21.630310866799036,37.995026998530136,6.80224257858707,380.1469700786364,387.6879172189968,4,0
Granite-Gneiss,Weathered,Trees,19.098300363674042,812.7125449250598,558.1442651203649,1236.9001623206254,121.33663788910151,6,25,0.7944225106782481,1,579.2365357864072,4.255456759091448,7.2242573812116095,286.6971622296493,13.398797254421039,4.534910630516204,8.863886623904836,62.566299342349495,24.327457418686805,28.836154039766157,3.0785380563044185,25.65135950871955,39.06194195757599,7.227382514054625,349.8687796097145,334.972780559853,5,0
Granite-Gneiss,Weathered,Built Area,81.97648484810725,876.7284235339757,755.0175641204773,1342.1182279469551,53.11060785601789,3,23,0.7059307796945986,3,569.7098859349262,1.3778755592928222,12.408871318901102,839.8998751017232,9.697894019334013,5.571922000340246,4.125972018993767,68.09007186474679,27.761332635784388,29.761332635784388,3.2174845219839563,28.6779303146863,49.36161523401809,6.744217041205177,402.7942235786278,461.6422814137314,11,0
Granite-Gneiss,Weathered,Crops,21.831857465785724,981.1860092183057,751.4203390835287,1353.264307618473,126.4737664480396,4,34,0.7404510581004731,1,449.24381978998156,7.855419724702819,6.678037429002728,2077.1562207841926,11.84509524859268,6.15191189365056,5.69318335494212,61.03988153846238,24.824927500087995,37.40977885448788,2.85888054413561,22.02708325583449,47.634329613925864,6.921423055999384,289.66186125095777,284.6865234362117,3,1
Granite-Gneiss,Weathered,Crops,8.190844750989704,910.8027745296481,791.3571384005575,1446.794228416025,80.50183464117337,5,31,0.6083131702998459,3,421.2595349305128,5.412056948845662,11.705071736498248,1501.4155845990435,9.763245197193669,3.69416491812897,6.069080279064699,53.80346071363553,26.417053042444,28.417053042444,4.105538366341344,25.945884488743218,44.77235765111614,6.933915550994913,327.9734669693449,331.9463009170153,3,1
Granite-Gneiss,Weathered,Water,0.0,894.330544027931,552.6580119067896,1354.747483540273,56.387208076846065,9,21,0.6410675207545747,1,503.85913024057317,3.547905655939405,7.8342137983340345,1428.0399947456672,7.542068663569255,6.305861232689794,1.2362074308794613,59.30566343339076,25.7084319114124,33.15782984800553,3.384217030526469,25.841433322738396,54.881232621792876,6.570235335902555,349.3900482364852,366.0096672715399,10,1
Granite-Gneiss,Weathered,Built Area,82.03319815596012,874.2963270990948,664.6488924153094,1462.641999068258,44.01112694557116,5,23,0.6732823667319126,3,456.3401076414211,6.150474364965425,9.401853613352454,99.96610119288884,9.517389564974623,5.190769706745013,4.32661985822961,44.06704512774877,22.467809768218068,38.47266365930529,3.353749753359888,29.437651941137933,42.374786711918034,7.186032458358072,331.74029760560524,370.643964456059,10,1
Granite-Gneiss,Weathered,Built Area,79.1923123528642,749.3953012922877,751.2540226240523,1497.988502955212,67.78304415003575,8,38,0.7703986903230885,3,491.2978838858996,6.309968048420816,10.872556472056912,1127.3837248599955,7.368084330395576,3.7224476145137393,3.645636715881837,58.86403038253573,26.768197486846287,28.768197486846287,3.633819248422253,20.920619549993493,47.21506984700045,7.483966280372355,412.4533286092436,430.4153052716261,11,1
Granite-Gneiss,Weathered,Bare Ground,10.46384048807294,800.1958195700827,565.0674642377938,1321.1910191647798,61.350501203691124,6,22,0.6569486782809479,3,480.5131098475627,1.664316757744646,10.895729731967485,2542.2243877572114,12.428778838455425,4.729407631557781,7.699371206897644,66.58719246328778,28.927303114754757,30.927303114754757,3.001588288530346,26.994799986622446,36.62778551011428,6.593384885551749,410.0140684086912,406.14948119438804,8,1
Granite-Gneiss,Weathered,Trees,14.859235267054574,752.1764014185607,676.0178697811245,1516.804567705085,71.62080372676361,5,32,0.6404222363968023,2,553.9108804793043,6.499424881065332,11.313339172229885,679.3529709753645,10.126668815730826,4.88606270902125,5.240606106709576,64.92465786827331,25.037337901940795,27.037337901940795,3.521442946893893,34.681194646726645,44.46815911770791,7.555963071478429,495.66755562582824,547.115067979779,9,1
Granite-Gneiss,Weathered,Crops,22.689609062254668,999.2310463224431,772.0788784050633,1465.8317477010244,79.02382889643617,3,33,0.6111088695804205,2,577.1324837040036,2.4485369674683337,8.496225584438239,445.5906075595706,10.706752112636618,5.075613293832948,5.63113881880367,83.51046970751042,21.94140953986853,29.5024564246304,2.854060932847883,30.97277416391678,39.969069390062316,7.44801518875068,336.89296304322403,358.544187313891,11,1
Granite-Gneiss,Weathered,Bare Ground,9.183951903748817,964.2798688263335,699.0784345108746,1394.9209686707218,55.11612086860847,6,33,0.7894206009021936,2,516.2674609028235,5.170162153859552,10.477799866396003,2184.6609175374747,12.001672915086633,4.363958541364097,7.637714373722536,56.892430020748144,28.16353297137098,33.279383262874696,3.315619694811115,29.830857747484597,54.201512914266246,6.835566771572987,393.0242696544255,413.0632563577823,11,1
Granite-Gneiss,Weathered,Bare Ground,14.315146797048758,870.7820796326096,694.7206989716138,1309.4555558616626,98.28367901614975,4,39,0.6090265910288963,1,452.49506852844956,7.953723372275364,9.996351455559783,516.9781148443003,9.41363666577658,3.7437691241347455,5.669867541641835,89.55783589419383,25.310787511510863,31.026533589294534,3.189253943791678,28.108917088772152,53.98146825194916,7.764368554315274,435.442430800017,443.90364984004106,9,1
Granite-Gneiss,Weathered,Crops,23.67675944772262,844.2954304360985,683.0924459028955,1549.7256571069179,90.30390063573229,5,23,0.7136802011030696,3,518.0384298204651,4.902706933434704,10.345179392040594,1020.9174649385222,11.270369188363052,5.996818962542788,5.273550225820264,79.57579862894049,26.565535620578206,31.638057070838332,3.3024515605417157,15.694093400307679,45.49952808651773,6.671673809157506,326.1777063177618,302.4170799970012,11,1
Granite-Gneiss,Weathered,Built Area,88.33525771004163,708.4456432330484,660.5278637554595,1215.8863217369637,45.28315969522496,9,39,0.6613289625144737,1,460.2726198405068,2.988443552906795,9.624556170916591,2352.676821645571,9.272792242153988,3.290375078728623,5.982417163425366,74.4303468930839,23.641354795516637,30.492905129930232,3.6521589634081555,27.043870788992315,47.437084385301404,7.892407646842068,264.46322653758494,201.44198682860707,3,1
Granite-Gneiss,Weathered,Crops,12.436223555832358,792.8592840158608,538.9184500126388,1582.4200151375044,97.18628085560248,8,34,0.7512348014402028,2,498.48541771011605,2.7944159567866063,12.082139430666583,228.06355310629624,9.816395809440234,4.300384069671064,5.51601173976917,69.01421689554267,25.178669540999113,33.834360777851714,3.752051458187152,17.660144930445465,43.209820452614665,7.5000969855391535,387.0021068856758,377.74942261645293,11,1
Granite-Gneiss,Weathered,Built Area,70.8010716305012,822.212799833906,697.9752738082282,1335.197687987789,62.84537702281763,8,30,0.6273693205559584,3,535.9601372388993,4.36469880099637,7.883388194980593,1831.2243592083876,9.893499746241263,1.5848312968748215,8.308668449366442,59.40674018851366,25.889356794839745,27.889356794839745,4.396649508643571,17.191991465379928,48.56979770680117,7.6407292578169335,258.3150557534325,295.15599109239514,8,1
Granite-Gneiss,Weathered,Built Area,94.53518620459288,917.7413734527859,735.2301272380087,1336.5497811777982,121.63508207807953,5,35,0.6495691951360701,1,497.9235601768989,5.969131096609942,7.3853097449456495,2725.1397100807885,11.496499101007956,4.815702554173486,6.68079654683447,75.01631594397838,27.023324041578633,30.743310535642667,3.4690382519595726,31.295238477306135,48.82098441463538,7.633305388336923,377.0960405945301,407.26904447398556,3,0
Granite-Gneiss,Weathered,Water,0.0,806.1800895420022,659.6963234443441,1439.4337723758858,42.72123653063359,4,23,0.6659260228571474,3,512.3048692225955,2.359262989479813,8.489608113343703,1330.7929108938022,12.721539784774848,4.939773311074118,7.7817664737007295,58.05577366101879,26.312692508100568,28.312692508100568,4.016447032853821,21.885917833374783,42.690535166841485,6.762105539427239,280.1271867126245,310.3667542077792,7,1
Granite-Gneiss,Weathered,Bare Ground,5.242089056695745,889.104216313735,715.8108930524965,1230.7408492639072,132.81410226717733,9,24,0.7146675031997307,1,567.2477877513389,2.0280117558369195,11.38929350063648,2125.1417114067312,9.407482766486336,4.757308689032946,4.650174077453389,77.67493332229456,26.929870695132877,34.259557985631744,3.036084631509579,33.38827263159076,44.995236446065775,7.487191701555156,241.54074244038048,249.40543274493697,9,1
Granite-Gneiss,Weathered,Built Area,80.0401119320527,937.6968021584553,608.9856860375953,1367.2766655804319,135.13928941088545,6,33,0.6851487661793538,1,516.3971582320564,3.301118790198947,8.311232711336185,2404.244488174543,10.136645323360332,3.625671875856991,6.510973447503341,73.80482239478584,26.71491944775478,36.5477780252264,2.1016542485737992,21.80080873443857,43.821137268474644,7.260878631127047,279.7133080996218,266.0469152071628,2,0
Granite-Gneiss,Weathered,Crops,22.0252863566351,926.5539071397142,728.1199312291419,1434.7508371333104,118.90662866550296,9,39,0.7666825746363005,2,463.90994534499,3.830380036930241,7.505881945334933,397.30975998704014,11.878284243582176,6.208644773156291,5.669639470425885,60.27321657894228,27.494526655108753,29.494526655108753,3.7878633444611136,33.292120277944704,39.39904953352394,7.037725862143945,339.8089432810883,323.9433990562823,8,1
Granite-Gneiss,Weathered,Crops,14.53033012445298,992.7133452898296,747.2792505544384,1205.1007262501184,112.68557792975287,5,24,0.6256700996722746,1,527.7859925438672,0.819196162617529,9.195572742873905,448.791588090748,11.132680472219228,2.459610065771553,8.673070406447675,57.88006762207272,28.329088302861393,30.329088302861393,3.3994663091939326,23.814160256897917,43.878584927031916,6.953750218397508,388.23598837143953,360.3352114190783,5,1
Granite-Gneiss,Weathered,Crops,17.462517889309865,711.586962043626,642.3727780555208,1471.6445075122215,104.58913654048466,8,33,0.6787532398343031,2,521.0227444214556,3.97827425844471,6.693079837329652,2953.3035792117603,7.803059881290719,3.6932543499880413,4.109805531302678,70.81653723003416,23.947314639982775,38.49132945348629,3.830309414208098,31.28546305214931,40.68311309873686,7.112103487839848,236.7699928874411,223.21558817520915,9,1
Granite-Gneiss,Weathered,Trees,5.245080802005346,926.1962700683039,722.51341335454,1393.58918881578,60.35051486778909,6,32,0.6638985931840266,3,445.4190979069695,5.940094107939093,6.677025268136609,301.10386623120263,11.858407759584637,6.502093977788556,5.35631378179608,62.326016075434424,24.056400796231703,32.65702560895248,3.4602998396848577,30.619085633750835,47.939407643005026,7.757997738197194,200.0,200.0,11,1
Granite-Gneiss,Weathered,Crops,20.60399387163841,709.4417875582046,697.1482961610895,1549.814633979989,105.79535863327199,7,39,0.673665470605923,1,419.06035417925597,1.1739539468227802,9.792630726730238,390.2227883000091,9.429454805470932,2.2445282733312784,7.184926532139654,78.33491332590093,28.36171169900949,39.07924209081966,3.226120628409824,25.579288847438438,48.758480467916584,7.26356153255557,350.89037813462073,344.60727817060297,6,1
Granite-Gneiss,Weathered,Trees,13.660497861598902,888.060193784645,619.433669506819,1322.9925176534691,80.09215324751553,9,39,0.7873063211506836,3,555.0264551304545,2.9956767362378427,13.749546327282683,2365.2280935803515,7.027843209614902,5.340041483994751,1.687801725620151,45.819051687286546,22.705164224329465,32.88510849843214,2.6159215736644983,31.891999668722246,54.96926880772061,6.53882115429897,313.4589832986468,274.9742787568545,5,1
Granite-Gneiss,Weathered,Trees,11.947484045656154,917.4734858378954,597.1891566244407,1375.2366711341772,63.24137560196867,6,32,0.6902482346394515,1,420.91045293692133,3.0264876016477498,12.307334474004486,1711.5225113006989,11.030286571588533,2.021369746098382,9.00891682549015,68.48260274696652,28.049636618478864,32.05355740144293,3.775695781941781,19.95117382764477,47.35594294120927,6.698416404000995,314.21101463064855,289.4123453885237,6,0
Granite-Gneiss,Weathered,Built Area,88.24466753154361,879.2972129959907,776.3231887849852,1242.5520166052045,125.85386960298808,7,36,0.7109391781104226,2,477.2072165635609,6.059382201480721,7.422140066812651,2689.2941672265265,7.932908472149993,1.8708815302050885,6.062026941944905,62.05364817585705,27.86742336953848,29.86742336953848,3.639293570332363,30.01447588341811,36.787904117234135,6.631566384184223,237.00168790497924,225.55034769823627,9,1
Granite-Gneiss,Weathered,Built Area,72.8767709178664,740.7707420164936,723.8401830951069,1459.1201019045143,109.9660143340748,9,20,0.7458727450423605,3,484.1614041311502,6.053845958087673,8.791219075207099,1385.9021811615019,8.958751666707197,3.788056600258795,5.170695066448403,65.27220869180964,21.652700986314333,35.63160610169912,3.324688233500518,28.393717405636497,35.83461654551633,6.99683439290755,314.42866294096643,347.2550632909412,2,1
Granite-Gneiss,Weathered,Crops,7.84663993226379,952.1953031701801,790.9287541701059,1560.638752035676,100.88211140123664,3,22,0.6744956035613793,1,538.338592172943,7.624603559173017,11.65333763177836,296.4557320399075,8.949630453470212,7.998436358509861,0.9511940949603508,73.85988834198058,24.240322510942253,26.240322510942253,3.55021639522898,34.44239056935868,38.7072724313943,6.741394648309521,323.5251395372581,321.49759572505735,11,0
Granite-Gneiss,Weathered,Trees,8.899959147292527,938.7767186909714,506.18739740436945,1525.4610319394524,120.76876144405863,3,31,0.6309206199401508,3,431.6141609002123,2.439945278383119,12.283200938150358,1512.6158725090725,9.265233437659296,3.788910376664527,5.476323060994769,61.71952727252254,24.662131974614645,30.42871390260677,2.8653966026059523,28.762406068851575,49.67174685142723,7.584780234588281,329.6748520711327,354.91621434058334,11,1
Granite-Gneiss,Weathered,Built Area,88.56283458698238,784.1802941896112,650.7592910913899,1599.272927137867,94.82736543713199,9,26,0.6750290699416045,3,421.44665152741413,4.279322930675244,6.639228417113092,1934.9416521873734,8.532741776900664,5.2294222779565285,3.303319498944136,70.55272889444643,22.15785817000506,33.34661172693139,3.4152376016350128,18.561938975683567,44.5480893955795,7.919696305107477,299.9459942686676,322.9544768271726,5,1
Granite-Gneiss,Weathered,Built Area,75.81818611303842,902.7065266133616,550.395712657572,1467.8105260695788,74.31128767463724,4,37,0.7408989022172872,2,517.1531434916645,3.100108279893603,9.875613305156637,2284.7311909393743,8.320119767415093,4.629397478431855,3.6907222889832383,55.36116507001901,24.594228936406182,37.22520062295163,3.6446967328904516,30.98420172948896,47.61289081900294,7.318769945891988,245.26690793167867,206.88156429035553,7,1
Granite-Gneiss,Weathered,Water,0.0,972.5951011472564,688.3985142273459,1352.013743892045,69.13742723914143,7,27,0.6858844795207836,1,469.5781378088458,6.33915157360839,12.508914664460054,2434.7199286754703,7.660912590058603,3.3123147732167797,4.3485978168418224,44.50373845598253,26.477067083585062,28.477067083585062,4.584262998874177,26.2708806526603,46.91182591136538,7.2874530483990005,279.52841909311314,311.53387807781587,3,1
Granite-Gneiss,Weathered,Trees,21.95273882952502,787.1210858593101,589.6954851638043,1496.0833228595043,97.06325399737362,3,21,0.6727268703619594,2,481.1697411514486,2.273478279551684,6.597418034900527,1190.2274678742617,9.496447465095278,1.5242123342987575,7.97223513079652,56.66144872433665,27.3323370722679,29.690387167582227,3.4829719794636302,28.72899776771146,51.31457311535785,6.663429394519166,301.5771688659613,318.18377048874265,8,1
Granite-Gneiss,Weathered,Crops,14.162266148502287,858.4151869254343,538.8838529174757,1545.408596810353,107.81449832467916,9,36,0.7803203835320628,3,443.58700515399477,5.334350027407876,7.5141068767057995,2681.187009374124,9.096276615834718,3.3215527552078745,5.774723860626843,68.99877445962878,28.000898367056443,37.86281077260929,3.5917521584560452,21.727038227693555,49.51664769959037,7.916881055019958,375.0631459041602,388.3100039949089,8,1
Granite-Gneiss,Weathered,Built Area,93.98257887725487,980.5199350563976,643.5895249428834,1214.7371833220923,133.15525724101158,9,33,0.6098820477465243,2,462.4141112849678,6.3610914816791615,11.032355299475043,2708.47807497335,7.82757569934661,4.919801617179176,2.9077740821674345,35.42631591795511,24.47215006905284,36.905706196838445,4.1463820011653025,23.61278306446965,49.0358519096808,7.26728400096898,282.65561037516255,232.77970525172555,7,1
Granite-Gneiss,Weathered,Water,0.0,988.1280982129103,581.8468537445524,1275.3242849033286,77.32865582777022,4,32,0.6004376265612041,2,468.19669995952285,1.91676187413114,9.376939527021015,234.2330093978906,8.864022374097612,2.335836057156112,6.5281863169415,57.0571452702444,20.836980247868404,32.92428571113287,2.8045646873419154,18.71769466578743,43.16690842218079,7.899727273678817,268.32963383928825,309.26880279747496,4,1
Granite-Gneiss,Weathered,Trees,6.78112556145728,852.4348829253265,791.219883394889,1206.5693055213208,113.64550818672807,5,24,0.6198833236487465,2,567.6509225327193,1.4459205144100986,8.576594013755248,1661.4330721589724,10.713889117870336,5.55427026471611,5.1596188531542255,58.942849873705796,27.130938565389275,42.506980946585415,3.202010557884411,31.982307669549854,44.523013327259946,7.089406696830254,322.26162890201186,326.17754715094026,11,0
Granite-Gneiss,Weathered,Built Area,86.58874547197357,896.9324709835955,569.7519677633643,1254.4802854599075,45.607852128300365,7,33,0.6299992791652358,2,573.8948723703911,7.206998141910703,12.036942543058565,609.5607244680398,12.728381949040823,3.1704478742996796,9.557934074741144,58.63302276191677,28.013732250840082,34.993490524137165,3.8670351990324363,30.231534847328014,40.53434772606991,7.154644973888652,286.0170723469842,320.7475247203869,1,1
Granite-Gneiss,Weathered,Built Area,83.53070762846549,807.8372645304254,751.3810145797319,1532.6946612287002,56.88114817812244,7,23,0.6456853309734208,2,465.6823496606886,0.9129991871605379,7.13857539980973,2094.531749664199,10.271308050306658,8.658955967068467,1.612352083238191,38.64546151762226,28.622273285602006,33.68794653348324,3.5758981441627204,26.85375584900772,43.56785529926608,7.9479855961807795,346.7700466672024,343.92970845441704,6,1
Granite-Gneiss,Weathered,Bare Ground,12.092926529529628,975.4806059179837,710.788753131543,1430.818984075039,117.20964133594178,3,39,0.7374342265942775,2,400.00338884124614,1.686732236979804,11.634459500661862,1808.459348543785,6.400409728484866,3.982575950569026,2.41783377791584,47.38350545655594,28.784928965110545,31.843097099398534,2.976502792889528,32.27287944830974,49.36343408310383,7.313300453270365,280.69197489786774,247.66030739301695,11,1
Granite-Gneiss,Weathered,Crops,23.04776067725285,854.5456553323663,664.6370048852878,1455.5238586075275,110.35358229814241,9,35,0.7768003312990269,2,583.7702984254114,7.091794332650455,11.982007035210813,2521.1990914541575,6.322833372157771,4.466894082274572,1.8559392898831995,39.309030475749914,20.846875695338362,35.37126297519211,4.096572455919536,34.30489371565272,36.941494987437395,7.251593098581493,238.19125718807817,206.39014516138707,7,0
Granite-Gneiss,Weathered,Bare Ground,12.089173125094792,925.319674699266,518.6859737768063,1451.5769192572984,62.92939365463345,8,31,0.6374176299057579,3,542.8511372482694,7.311582220445274,6.749983595498343,2833.366247363987,12.014046999044087,5.002850516705109,7.011196482338978,69.15092373736218,25.939643277451452,30.436085053314844,3.9629180252322835,30.933914024006494,45.79572184550827,7.156262213615511,310.34098789620117,275.89670329366555,7,1
Granite-Gneiss,Weathered,Built Area,88.93695549368064,739.1572171892908,626.4830312622909,1458.2454639846444,47.23589343612546,5,21,0.7372036670969423,1,566.8938828719638,2.3137123756340534,13.93680000218422,2131.0179589367244,8.215527585817604,7.465911440841337,0.749616144976267,59.421760593247804,26.704170636578407,30.443836509908845,3.839275562886293,20.668173672721466,41.80212391393448,7.145132198107221,306.57605037054793,319.2215454453042,9,1
Granite-Gneiss,Weathered,Built Area,71.25670561149943,894.0102321423451,696.4501364376947,1240.7659112585736,58.072797397504694,8,28,0.7946522416204396,3,525.5925255602746,6.808539686344698,11.125281333438206,1158.57688796469,4.288001010117051,3.9749178900363265,0.31308312008072425,56.449857128831404,30.162330735321518,32.16233073532152,4.263335348480559,26.35695911611312,51.12263121327548,7.150897297353766,258.49411281869175,272.1352764104977,12,1
Granite-Gneiss,Weathered,Built Area,90.96882106395121,861.1896220628224,737.7195547203813,1405.1440005963293,107.57056196417808,5,20,0.7332938670304514,1,592.2507667646055,6.678864012659713,8.451244291644741,309.6055380601342,7.467215944830125,3.7066570845754128,3.760558860254712,59.970112693041514,25.586787860030213,33.464070866756714,4.110835113538236,23.31550464555837,42.54482742976957,7.341257150177154,323.6100230716714,325.85593917187884,6,1
Granite-Gneiss,Weathered,Water,0.0,745.2485619668204,671.1037980955823,1202.5626354567971,100.71061291047054,6,37,0.6078856059410142,2,479.6494797815693,3.018051498206356,8.296402563885694,601.3649709453159,10.370935362071965,3.4551662300186647,6.9157691320533,56.36570114418921,25.378140750904137,32.15480484177556,3.178001138441597,30.992290403610998,45.119395649911205,6.748460199317945,347.4421307610049,309.4531750895256,1,1
Granite-Gneiss,Weathered,Built Area,79.47665783415525,749.7441481424687,573.6912980840756,1557.7469971273229,76.50209611646702,4,30,0.7227222764369622,1,536.9173962566122,0.8286489941446442,6.464210163706503,167.87508007031667,8.35975391199795,2.876347594221499,5.483406317776451,62.07884926863429,26.609015920308053,33.03347032487151,2.871504303975375,16.41070107755087,46.76993356511602,7.702957189291123,255.79012793232167,200.0,6,1
Granite-Gneiss,Weathered,Built Area,70.64749060064678,963.3018468200896,616.339893948838,1414.7970817549074,85.04566277451062,4,22,0.6218940253845796,1,550.6196733190757,0.043476085390406816,8.383682980754507,1264.959519882251,9.824500631736571,5.73919805305795,4.085302578678621,67.06524999202949,29.609112742299196,31.609112742299196,3.1924854881970925,27.244019912259205,52.414656746427724,7.419832483525413,347.1592269513616,294.7642489376222,10,1
Granite-Gneiss,Weathered,Bare Ground,12.376394316074332,829.5588791978286,718.2364647417547,1552.4976046864472,79.6322769262404,7,33,0.6400147870621082,2,408.31646863364654,0.4036498054492448,10.45091072915206,2818.1172659669674,7.915585004976458,4.01833826743698,3.8972467375394775,68.95232866338235,21.9463330255561,33.80453389823374,2.8858300015094835,15.870636214635068,37.02237766714855,7.93054298495324,315.9105781417165,310.999194622161,3,1
Granite-Gneiss,Weathered,Trees,20.026737313523817,954.4892093865546,529.4359181696951,1496.0324006895737,62.66102535859289,6,24,0.6212032920305494,1,421.0380078777218,1.9475135921336904,11.571331055368509,1552.5644667865315,8.786055218996697,3.1944213466163043,5.5916338723803936,57.69303935991651,26.931788316748975,30.540683888553072,3.436380449330427,20.696761476701123,36.40474975432276,6.725950806576891,234.02022582463783,246.90485923316288,3,1
Granite-Gneiss,Weathered,Built Area,88.7999741749242,981.3258854928042,552.6680409862925,1238.4838049099785,143.01800466824952,5,24,0.6691092644149226,1,436.3072263288913,5.313123101424185,8.483194778675193,331.98454178694067,7.493629911602701,2.8346746840760195,4.658955227526682,74.50268740250715,21.73895356336493,33.968662059420716,3.536862430020142,16.13258710647945,38.769926045234826,7.257087172322925,339.6463616134643,346.7228937561441,8,0
Granite-Gneiss,Weathered,Built Area,70.89038396535084,793.4724306378627,538.5472631214914,1414.5237413738105,67.90073386282594,3,29,0.6332987628195461,2,573.551598645012,0.15206886537915398,10.055208142723313,2999.719889067538,11.46789340624031,5.100108188650202,6.367785217590109,72.78920455273605,29.094200713197587,33.40374772609376,3.7671129166566195,28.83662490417364,37.432977717165,7.79551862366727,264.4692228490356,256.9933535954619,1,0
Granite-Gneiss,Weathered,Water,0.0,913.6806186442665,615.3199074204298,1316.3204939176037,58.273345830526104,7,24,0.6580646024088621,3,530.5793102551744,5.433690644463842,13.977650095576701,246.729736051138,6.2347324716345565,3.400535222825863,2.8341972488086933,72.85652208516852,32.725642964135034,34.725642964135034,3.3461411772054777,16.904432903372218,49.10890393328999,7.216650404244122,378.80181550144613,361.2933802188704,2,1
Granite-Gneiss,Weathered,Rangeland,11.637234436835023,877.7067586333001,751.5039194059997,1366.7590884423112,96.68479725927442,8,27,0.6384803376993826,2,498.6686308095926,2.9052867497616433,8.502040210757363,1836.3950432168654,9.475755423204683,4.860777761638607,4.614977661566076,67.57739587595711,25.55963597367304,32.57064890687277,3.1170143188238546,18.365849523722314,45.130835012912435,7.829146205168707,321.7612185132967,326.54441935512625,10,1
Granite-Gneiss,Weathered,Built Area,76.68023609496115,995.7681435122191,538.300918650011,1539.8111639445785,103.3912145360243,8,36,0.7963952763831539,1,519.0272196546774,0.21669086421925066,8.383418596604706,1517.257228410359,7.27408871579143,3.7039124021735534,3.570176313617876,49.96134378822432,25.417260651885897,29.35594307285506,3.9989911578515955,21.185257897570423,36.196042285544124,6.834783131590197,371.6540753883583,338.1375951185248,8,1
Granite-Gneiss,Weathered,Water,0.0,851.9038597748056,661.1352419488903,1459.6223347177238,59.13121844774418,5,24,0.6430381935443712,3,508.0250730337984,6.745972830332464,11.643378640098309,2635.016606744687,8.699795490301378,5.283909344758795,3.415886145542583,74.43756378782952,24.085717018844058,26.085717018844058,2.169154412335825,27.21551571374335,38.05198164443963,7.308739227097864,304.72397508328123,267.49718076919345,12,0
Granite-Gneiss,Weathered,Crops,11.394223491629026,706.2010161129729,721.9836981850698,1487.905852689588,78.93654555007761,9,22,0.609312130331973,3,567.3833831741763,2.462774119296486,11.261156106125327,938.8567678035998,9.001315666788653,5.960000512222843,3.04131515456581,80.76434710189322,24.11784601488671,26.68177064239338,1.6638661110440929,20.26774225664167,39.31810453286001,6.64304863558547,462.29523460530714,528.2189912736043,5,1
Granite-Gneiss,Weathered,Crops,6.5141861933815,980.4640540759708,659.0723382287819,1477.2742355404207,61.50119788222312,3,22,0.6356044961608813,1,449.64252489498006,4.366621933084573,9.767568020859613,1580.2396306734804,14.331469535887576,5.2483870623048166,9.08308247358276,74.00711058510497,20.61060678631616,28.325842327959684,1.4061649502877085,29.851318055060055,41.60419593292867,6.791105527659801,390.4189109446099,382.1984365641171,1,1
Granite-Gneiss,Weathered,Trees,24.145220977203632,930.4534583259401,686.5752640749458,1408.3423584072232,68.02601131990147,8,31,0.7010404841144336,1,432.44266670631504,4.788797024588578,9.11093935086192,230.25002240179617,12.49529725134772,6.9606931753640024,5.534604075983718,77.76200404733373,21.774383248714948,33.32173663773308,2.1564641560018427,29.616032489007008,37.29458089400505,7.804736931634014,415.585236325659,398.02659462556824,9,1
Granite-Gneiss,Weathered,Built Area,79.182208066143,706.7057388619974,595.3735781213293,1435.4710618237696,60.53128301284514,3,26,0.7652581996549206,1,484.6125705315481,1.4893702581892283,12.696843357723402,1156.695194629664,16.306057833201425,6.08052820444653,10.225529628754895,69.59758939601338,22.92026491486299,36.10416823572701,2.0280287719482315,30.001739153971897,41.63032693033857,7.494755678952382,403.3877541082189,410.3508137876571,11,0
Granite-Gneiss,Weathered,Crops,12.22352771450835,877.9171824442724,537.0057550341179,1530.1944422127465,61.3596707317777,6,23,0.764901493869243,2,578.3659023599407,6.1095053123937175,9.953894466935868,1525.0491593494248,11.12657853949019,5.4721429785360165,5.654435560954173,68.79990534768459,17.29889163811081,33.16336439336039,3.1128531862492803,20.537894506555784,42.200266809344704,7.149735428488508,376.9960533842511,356.14660449423945,2,1
Granite-Gneiss,Weathered,Built Area,80.5021019798572,911.6562302899357,655.4695942495812,1554.4706423735702,79.14941782423223,6,21,0.630533216463856,2,431.4130067433941,5.777974845358859,8.479945280736779,818.5466239561425,15.084793833474796,6.170399875700424,8.914393957774372,61.4295820515967,21.89168937813228,23.89168937813228,3.2021244971940064,29.034705989113313,36.966501926875196,6.661875983509743,433.4731947287024,426.1029286715719,7,1
Granite-Gneiss,Weathered,Rangeland,7.833614383792751,762.3079189449577,754.4426382824363,1568.5339218054455,106.084226342656,8,33,0.6344588365184903,1,592.7542372950527,5.0707771539388045,13.681884791275552,2792.1989864636284,9.608671703064257,7.467073113095547,2.1415985899687096,69.51971320146751,19.55688919492236,29.860792404804837,3.21085264576908,25.54854075026811,49.8041871460332,7.953876872822013,455.9807380923062,421.0662041223881,4,1
Granite-Gneiss,Weathered,Water,0.0,942.8754151843076,581.6152352856265,1584.8143110487356,129.4568585483582,6,38,0.6755876302537526,3,485.30262714301836,7.635375302797352,7.194245304915904,915.7791221520881,12.824632062915235,7.389877140587828,5.434754922327407,67.11693500464314,23.046269497528396,30.022622629603404,2.408694046181081,24.418552139534707,45.31871841133474,7.5368153654570555,479.8245480229293,504.808402001723,2,1
Granite-Gneiss,Weathered,Built Area,78.89562363526868,849.9558933737653,662.9695542492243,1358.5906560117573,46.186513768584625,4,22,0.7744871338479264,1,436.21248799065853,3.1317454498368376,13.764808917155213,1742.463891053266,15.103907519954959,8.618240223376468,6.485667296578491,69.96247806223951,17.989125436954065,29.165546394280724,2.4093444978892453,29.977541356665256,46.2912146966298,7.132912919512675,471.0164342226834,452.5329243917398,5,1
Granite-Gneiss,Weathered,Built Area,85.47433975153326,875.133882730734,685.6749492050249,1231.0179776325267,126.02033405784773,4,25,0.768976001171973,3,401.36787877570424,4.162623056526253,6.799617551370137,532.6162347815781,11.439827331347251,6.789103867705971,4.65072346364128,74.19521314062538,24.55243169182973,29.69741323284292,2.5840087259943574,26.34676375457239,48.65803564587358,6.551926196434425,459.29355397624977,424.78235334436783,7,0
Granite-Gneiss,Weathered,Trees,13.295790298114339,851.2054426628523,524.1245233802983,1296.3813663162014,45.475438945084456,3,34,0.6716076758073912,1,577.2115958649454,7.9588580221275915,7.635141620453103,2345.8082271446324,13.562421547443329,6.646099120306814,6.916322427136515,64.16859834865274,21.34049793370889,32.34430681449443,2.7823751428644496,22.651327863103752,38.63617731090645,6.655150492847088,475.7286264813907,470.01474091708866,2,0
Granite-Gneiss,Weathered,Bare Ground,12.352605916496058,908.7220028102611,502.9976578595726,1420.9076098069263,66.03412953565295,4,24,0.7313563650977489,1,526.431214521264,3.8952081546633908,7.287244615746796,2910.7501863468174,11.182994133484208,6.691190862412686,4.491803271071522,65.01438218186858,24.566967247030888,33.77602475350302,2.53284897780956,34.15699132117166,38.331791579507964,7.409810449073546,475.07934057258853,515.2354077931469,6,1
Granite-Gneiss,Weathered,Crops,23.018599172041604,764.950470119075,554.2896664000098,1506.8115946123455,72.16462753060344,8,20,0.7060714397174684,3,566.0733112325788,0.5701325839231979,12.020580631427386,66.18698344277351,15.57186403357643,7.127267450626012,8.444596582950417,66.71381862402203,21.228798386295153,31.073741356585614,3.518173345024267,21.94833823395904,42.01805052485016,7.116669154241467,482.4830363704083,501.07700263649025,12,1
Granite-Gneiss,Weathered,Rangeland,6.332595159797524,848.3912146370793,695.1782092498022,1211.756191653821,43.51486576786079,6,28,0.6219908409492932,3,451.54293115478185,2.8576902380725206,13.024032913972796,1729.4587660511695,15.030418914230959,6.151380371241864,8.879038542989093,63.01640151676972,22.544560330332985,27.807859658713145,3.291491828236812,33.89668664576908,51.88028469698473,7.2054927645353,403.77150229544327,360.44367801564806,7,1
Granite-Gneiss,Weathered,Built Area,71.53807264397707,739.4003851570724,726.0381375189424,1490.7673161380428,108.77261286040377,6,21,0.6251344523583465,2,470.07211696941283,6.17015020582917,13.825424823096059,1368.9842185584216,14.489919950251906,6.700402041969015,7.789517908282891,91.26590287695528,22.23181447969383,32.91792267677197,2.2838524325474907,28.746729096385764,52.89875657566038,7.003497263224235,427.2045189897312,461.09476845810815,3,0
Granite-Gneiss,Weathered,Built Area,71.33280363377963,810.0858664446926,694.8788993198792,1480.7195816618246,90.9790165756608,8,37,0.7241278063204162,1,477.2859616419315,2.209816119547207,11.370412243336592,2441.848128894186,12.911265673176308,8.002853746212594,4.908411926963714,71.30372216710394,25.12765964186663,27.12765964186663,2.7327993304760705,17.5630101954418,37.28687320095047,7.1724536388345905,439.4921128252546,454.7872067647968,2,1
Granite-Gneiss,Weathered,Built Area,93.95827587182862,921.1126101509393,519.8203082975194,1566.3485995138503,137.49153211810798,4,30,0.6225964409257653,1,431.54076737806145,1.9142367395579072,10.504569163319843,675.7623549760825,13.038105603921661,9.50660768914009,3.5314979147815713,63.643730389928876,17.943377143537653,25.938253648831946,2.794234998215491,17.43239900119776,46.286053693408,6.894209877129434,449.1149807674551,453.8074576719026,10,1
Granite-Gneiss,Weathered,Trees,7.006159761766266,751.7585919724246,551.5879852514317,1447.939594902573,92.19544995239036,3,23,0.6974025432659735,2,564.4396116629684,7.744504099051014,12.043482784217904,2796.260972682629,9.933209715287063,6.069482789420488,3.863726925866575,71.05161186575064,17.343544278458783,30.049067086803074,2.671976821060341,31.41746300800287,48.88459202659507,7.361776935285357,434.2629275727825,438.9616426555499,2,1
Granite-Gneiss,Weathered,Built Area,94.74226696051582,853.0232648952073,781.3482613814344,1562.6048125555017,123.39137396766226,4,21,0.7160602186482096,2,434.86366206534257,0.9612599755673745,6.4971397846663015,954.0977076846842,12.348789337248181,5.6599832826764,6.688806054571781,72.61354684499264,19.989352768538282,26.689299927093064,2.2646155159177153,19.78958602725243,47.37975142916132,6.692545590246325,483.1054016382561,521.7975897112987,7,0
Granite-Gneiss,Weathered,Built Area,94.2009136268117,994.0512165914845,530.3003541305967,1318.729501976609,131.86301923310177,7,37,0.7004028225879568,2,507.2122646563345,1.3944136855949623,6.473828064413155,2760.4122948482914,15.599693478629373,8.653026496767932,6.946666981861441,67.63865279011148,21.808167231460924,33.76587401522819,2.969718464473824,27.939936124317846,52.94857252302855,7.677490731638638,481.4723167522445,486.4319751629993,7,1
Granite-Gneiss,Weathered,Crops,9.080861767358819,738.586768499551,642.8059638245727,1547.7974564093536,78.69838040332499,7,38,0.7673498805545351,2,456.20216147472166,0.5601570808413827,10.551190423650347,145.5679079488271,12.376078635221926,4.480976016228126,7.895102618993801,58.214415423910175,18.6358629940049,21.451802562167966,3.3990515323707164,22.067021782797205,45.80890170682015,7.91682638536424,401.0247155990768,372.85887355321034,11,1
Granite-Gneiss,Weathered,Built Area,71.68106320839829,945.331018025145,778.2878857857761,1465.777438054552,135.90423942934254,6,30,0.7443042910168378,3,521.1359966029358,5.8059909442874185,7.485835905134808,1441.1397067090486,15.602235870192143,9.141896607343,6.460339262849143,75.58452071781001,21.330879314445205,24.84244604291735,2.512408129343595,19.566385912686517,50.278357979603214,7.327898261731315,497.3114138962265,485.54702380501686,9,1
Granite-Gneiss,Weathered,Built Area,77.26841972559605,924.0116585475062,700.7414703315637,1302.1941532425963,137.87222059949673,5,24,0.6829018404411433,2,426.92449803153886,7.999640489397195,6.523182256351156,1241.8921155177359,13.51837900122274,6.638729069835931,6.879649931386809,72.93332692727148,24.75219599904545,26.75219599904545,3.707085710656231,18.253232604881212,54.98532169062607,6.885279784444438,425.7564668083442,411.7601368779224,4,1
Granite-Gneiss,Weathered,Built Area,83.51364864398471,943.9787614953469,596.6230269583789,1582.5312269596538,127.20913960311039,9,39,0.6661542050255559,2,544.5181432429619,0.8616160868436191,13.894528558635557,768.0533674815402,14.788033042633652,7.80088238570511,6.9871506569285415,77.38064813013881,20.550427007291212,26.701933556694573,2.9951965530495337,18.548113628596607,41.9852071146861,7.483668822158151,460.6370418276851,455.99310186015225,4,0
Granite-Gneiss,Weathered,Built Area,84.96584778220816,927.6856387227829,689.6035021505792,1311.2318117520617,116.28137399394149,8,26,0.7785075140844665,2,440.88195202303814,4.475545136386863,6.555081911332839,1008.0388181283075,12.628951234285594,6.447854759785241,6.181096474500353,69.7759758669516,20.31061839987073,29.551238612600685,2.777469103198509,26.023271963994194,43.590668378360846,7.094941005515114,496.5859541503718,502.0490419700378,3,1
Granite-Gneiss,Weathered,Built Area,75.38932618663955,829.9642356882132,581.5736649584715,1402.7345631160658,82.431784958684,4,34,0.7900169537826289,2,528.403248971348,3.8941009483806903,6.223865044406997,2542.9530370612397,11.757344417317695,6.037107942308569,5.720236475009126,90.21335398397952,17.476925049224356,23.65963167303845,2.938830702147443,18.383075651413577,43.675043367076945,7.571487514057032,376.9209270287141,365.2713695389647,6,1
Granite-Gneiss,Weathered,Bare Ground,9.588489398986393,961.9806177677743,679.8608093500609,1214.805383203591,141.47802938603374,5,39,0.6923877404001655,2,486.7838232159397,3.423471548352361,8.86667463373181,1348.6846697034186,13.345110311448133,6.69035283176085,6.654757479687283,78.42476159888615,22.16936566113162,29.276918770454614,1.6892176103623562,34.366824475209235,41.82462958002857,7.271186228911254,397.56072943500146,415.6140663202508,8,1
Granite-Gneiss,Weathered,Built Area,85.89325618468118,729.8738982858807,664.1174896468422,1320.0179454395034,87.146266266348,6,23,0.7861910602659814,1,471.0712058013344,5.9080546854741804,6.893180425458127,359.2771884412501,13.491769869760756,6.922247859937834,6.569522009822921,69.36702946787695,19.72967114745233,29.352095670567987,2.856710221348784,21.573237112884357,47.81310666720657,7.392563180335813,429.3932948854827,374.04499383780023,8,1
Granite-Gneiss,Weathered,Built Area,80.65333014962059,960.2760862845143,570.467102867497,1241.1028475915532,70.61658998419075,8,31,0.6518098403571373,3,527.8717375292315,6.681058142213387,13.496707741665652,100.21279065303816,11.094122028523774,8.180977175403498,2.9131448531202757,71.3716924139294,24.163666505943382,31.04691976261944,3.062416722092415,28.784167978235033,53.76111833913835,6.554071591183841,379.940272781166,318.22823929297977,9,0
Granite-Gneiss,Weathered,Built Area,89.28868511467867,874.3739445500352,651.7887379184936,1237.4450228836756,108.70920004953463,6,29,0.695782857959674,3,412.1785794684309,0.0878103444452778,9.435219467372654,567.1251307233011,12.613514871897731,6.540271681137966,6.073243190759765,86.35210613483396,21.650278311342838,23.650278311342838,2.691666920218713,30.247966710105825,47.46813113893515,7.011216705385376,494.8616968611692,503.5021547576609,8,1
Granite-Gneiss,Weathered,Crops,24.49608527976602,886.1099120917455,690.7811643305944,1205.2193942624538,129.7455952825322,6,34,0.6988559357593803,2,424.5701045301256,7.113494461858509,13.849684495073289,193.86121664063512,8.259851559394031,7.02287567683132,1.236975882562711,82.05066711446717,25.0716455916751,29.59107661178919,2.161459089682044,34.461438783941794,49.15780711255181,7.503780291821123,427.005609885393,457.6853949762724,9,0
Granite-Gneiss,Weathered,Built Area,77.56092497528675,790.8520717490429,723.5641008995589,1240.751627085898,52.396733269238794,8,27,0.6622956670394238,2,485.1328629101802,0.2235960146143645,6.187132271947803,53.010649060800596,13.284117237888458,8.198433894201091,5.085683343687366,63.422018680343896,19.604285243886665,26.311264642662607,3.155732729741847,16.68276364871156,46.737262295471396,7.11575909035164,487.6050606386198,472.9117796982339,7,1
Granite-Gneiss,Weathered,Crops,20.050157358296655,878.4124620716531,665.4261363903092,1515.838308730712,50.60971335197334,9,37,0.7875023550981809,2,447.45101728708534,2.9182526525869816,11.738559586178102,49.6572006811956,13.58984284276856,4.892006905896629,8.69783593687193,54.97032420881711,16.862001630232093,23.969325993266928,1.6118628100919523,25.405979932101946,50.145402972320845,6.807047904940229,479.8994745955223,458.24595891364544,12,1
Granite-Gneiss,Weathered,Bare Ground,14.749490901007828,958.145443526338,603.3574530690852,1599.8600946839035,69.25736540289464,5,26,0.6597826942033017,2,589.2649895957138,4.196414369730404,11.6308243922977,617.0706516352515,16.298185805457994,7.4143289832628785,8.883856822195115,82.30566394402453,24.803063272882234,26.803063272882234,2.3017030008186214,25.126337068917955,39.00065332638806,7.49063042478957,303.0777534213331,335.15107983959155,8,1
Granite-Gneiss,Weathered,Built Area,78.75773535244787,862.377725471614,709.0037258254204,1425.6326679596043,50.22435548425767,3,32,0.78239932225398,2,408.9432533758924,4.140675105719486,6.015255737864502,2479.4283219763383,14.805764398555423,2.889673206066023,11.9160911924894,63.60531060934753,30.81424074025793,32.81424074025793,3.0386330542368523,18.609563773409842,38.15813495844001,7.816094197073862,494.41198595154395,518.287575076891,7,1
Granite-Gneiss,Weathered,Crops,23.4206520624786,849.4308467422883,602.061755469756,1480.9294497609312,55.73815532386439,8,29,0.6166711838084836,3,436.92177252593854,1.8767577932071227,11.394148631342313,263.1806143113308,13.772768734161714,9.179477477778393,4.593291256383321,69.47926019123851,26.1406434989432,28.1406434989432,2.850787717605105,32.14335111079523,46.497586239038654,7.6609734292010785,537.5876998781782,558.377290184069,7,1
Granite-Gneiss,Weathered,Crops,6.112896363197333,823.9135067323831,710.9795885290077,1466.2771790965878,92.52283941273876,7,33,0.7937353304260516,3,509.44841694530385,1.0050894480144663,7.042712132461304,1789.0577446403436,13.569602771673122,6.614748948783429,6.954853822889692,68.96061153369416,21.32047481942348,31.366015079614574,3.707850372529983,23.898605146303158,40.77747831075746,7.195981172532704,507.8539882103596,488.351158398622,6,1
Granite-Gneiss,Weathered,Trees,10.612359098237862,920.9744640214407,724.0495270446727,1298.549624156824,73.16822920201372,9,37,0.6672453911944497,2,489.9666978248798,2.2986756875650327,6.611739139733217,2334.8708649712567,14.150068964037217,5.5586167004914,8.591452263545818,72.87121922184964,15.13099695703116,31.454572691097386,2.674438275760787,15.73964302860136,41.22919119947436,6.655026203296819,472.80520146563777,504.70164723360574,9,0
Granite-Gneiss,Weathered,Water,0.0,749.7678130729098,711.7575874281806,1452.4319169176135,74.16528098892618,8,26,0.6958737275531051,2,414.77432371840194,3.98855840652575,9.575779682779721,1862.3222934165278,10.220627336803926,5.384090373321774,4.836536963482152,88.1026840265658,20.936027949980478,23.956478800009435,2.1924685661845342,31.85530718194968,35.12547537772589,7.54188571469911,483.5804847396154,440.37075421636905,1,1
Granite-Gneiss,Weathered,Built Area,82.03469316308264,984.3287692023363,580.532226276663,1269.8271881320197,135.28203742133093,5,37,0.640135292607723,1,496.32771537195026,3.656248097290516,7.378065369511142,1585.6499533993917,8.9734386516231,4.868432542576985,4.105006109046115,67.23479857983955,18.646603224431345,21.69292208626925,3.1563899945898015,31.10048960880376,50.04188637624365,6.576250970082393,455.1990190128516,435.5956377675953,12,1
Granite-Gneiss,Weathered,Trees,13.255161361004784,806.9549155233811,643.7508260329334,1563.6121946852297,92.19105535598429,4,39,0.6601245222767705,1,412.2524381695461,2.2672801786248726,12.437406710389737,1899.3231018421009,12.676330117194292,8.206346681537347,4.469983435656944,64.4557773208754,23.65783695198623,25.65783695198623,2.6094071645543617,25.24910796091255,35.32211190956231,7.470090289837312,470.2619716388551,399.39975425746405,4,1
Granite-Gneiss,Weathered,Crops,11.105283171471076,752.2135782325432,571.6824242312078,1422.034174004383,68.00453221959496,6,26,0.6630854967750759,1,464.5765550714666,4.0122797284215626,6.096617387942087,1973.0691079251333,12.365500381050165,6.676170996904413,5.6893293841457515,69.65439407351052,22.33275651033802,24.80283625144652,3.1379566929764215,17.774077102919204,36.802761085335696,7.884295058135034,490.90502986807337,442.6245450029766,10,1
Granite-Gneiss,Weathered,Built Area,77.26749346463836,719.0623207973645,672.5627971596202,1273.2166040883476,38.345348485029305,6,27,0.6392277161055303,2,410.4229400961307,0.10253235776079883,10.191504587284488,1974.6777524262038,10.389579822183949,5.382787482302037,5.006792339881912,86.10932562014727,24.11980989380585,28.278261461669164,3.3586761402944885,24.92561920805996,49.996169056334494,7.4515897492365255,460.28942611574263,410.9037457455812,3,0
Granite-Gneiss,Weathered,Built Area,74.60619596324716,878.9589548087511,620.1058477170475,1419.8946647637385,92.76004513315716,8,37,0.6333164822915396,3,402.8010381377429,1.8129780540880276,12.122166252783979,959.421698136153,14.4058945236292,8.711843171423759,5.694051352205442,76.6551662819296,17.723123599371743,22.514176397487446,3.0965576015827994,15.562975593700177,37.59875424993064,7.946186924450561,334.20417721730564,331.512680400362,3,1
Granite-Gneiss,Weathered,Water,0.0,788.0552817865644,504.16913834494375,1572.9351040621868,89.22040385061655,9,29,0.7161233213576479,1,472.64723991371,1.5754852571049245,9.194537760055436,725.0936355694815,11.235997488474862,4.837232869424289,6.3987646190505725,73.72638524148252,21.425012718070757,30.67905224691245,3.4577764197633005,22.68212953202367,47.308086725767495,6.8502083443042245,522.8793260229074,464.3243495825521,12,1
Granite-Gneiss,Weathered,Built Area,84.38997007356996,733.4376955907003,740.4880782802418,1464.7214384763333,103.44549353072182,8,22,0.6193340369878874,2,467.44385676172527,6.65921058352214,9.6943759734763,2057.1186233479248,9.410378974880413,2.1685039176021093,7.241875057278303,60.83961657584178,29.607336289563385,32.31761430993061,3.8312981790549676,24.63132702765688,41.899119244550164,6.627636417813861,286.4468383063737,309.84569406751524,8,1
Granite-Gneiss,Weathered,Built Area,70.60691293850758,899.0892080488388,515.9572296738116,1598.2247446668157,69.12183136968463,4,21,0.6183250940559741,2,533.5819931134245,0.9948144480702545,13.977400164043958,823.1974637807883,6.535553173173951,1.5506764294156667,4.984876743758284,65.74268146539693,28.10154419411027,35.663998163723065,3.6305158339708257,23.496977094193756,54.39375267743458,7.917380386038147,276.80324804609086,267.85917045630987,2,1
Granite-Gneiss,Weathered,Built Area,94.49634358474471,952.6966306624156,681.8603811668138,1575.4700494965261,59.63220194125522,8,24,0.6937944741520167,2,563.4755568059604,7.616689842609691,6.309174554756445,2679.275494216734,5.709742676526538,3.858786298703703,1.8509563778228353,59.641652035576534,27.195122173522606,29.195122173522606,3.3910962507765716,26.37882855975481,51.979940556083754,7.806378593338136,286.10310158526187,297.9476086292308,12,0
Granite-Gneiss,Weathered,Trees,20.736295469319693,762.1411741193426,598.2268913175383,1564.5886676819048,99.8986498532426,5,30,0.7683613586408022,1,447.1210011848292,1.9044685746772263,7.493989871389688,274.8930036406818,7.729842612120307,5.655667756718862,2.074174855401445,52.924742058623416,30.205860537489016,32.205860537489016,2.3837678062016745,20.799828561727516,37.26415485701306,7.790629412344187,339.3019336901653,318.18609048034597,12,1
Granite-Gneiss,Weathered,Crops,13.782262775254452,820.1407124260184,784.9087872506884,1559.390923937463,83.42319589697165,5,28,0.6140647745177497,2,579.5546800709066,4.8177979255428705,12.978397865330088,1564.791422557445,10.264631511541776,4.126203258742636,6.13842825279914,53.68701852221389,26.526043845513072,32.05208808156682,2.810405974820366,32.67439459021496,35.04854364117675,6.780485984770293,346.10815456922546,325.8175107717572,3,1
Granite-Gneiss,Weathered,Built Area,77.27939183497539,864.980552326649,682.1609264094675,1344.858647536472,77.9925015012407,7,21,0.6590726684907937,3,427.7651385143547,6.179345304149656,10.30979542024086,2152.8930382055655,7.882722213277146,0.7878679249769549,7.0948542883001915,55.07032951222679,24.497150763174865,34.23574818825104,3.1287270078213982,23.90871640166549,35.98217510780154,7.039231462478501,383.628141150616,387.00206687308963,3,0
Granite-Gneiss,Weathered,Crops,10.755284377138452,872.9731110780031,695.5654828290376,1550.9161386159672,126.26899851938533,5,29,0.6611974686830252,3,567.4442948160938,6.63488740834702,7.5959779666955995,1097.0324518843836,7.747102469515994,6.32061915395612,1.4264833155598744,36.08696491129168,26.126569890905785,30.93382586352665,3.853793452715392,18.538196884141602,44.8720766516007,6.56825050197192,299.57111236645665,253.99724260694813,10,1
Granite-Gneiss,Weathered,Bare Ground,12.935823792886865,802.6097418522343,762.787973878318,1368.595499548001,79.50095610779643,9,32,0.655538035878482,2,478.5214108270461,1.8985433028192098,12.242475167638197,511.2631040021527,11.787792772821499,0.641904309637491,11.145888463184008,48.660579002761885,28.001647065963756,35.32912815480181,3.842389577912146,29.598491424608305,47.27940704346892,7.107306018763195,291.05978424081934,282.4677733910962,6,1
Granite-Gneiss,Weathered,Built Area,91.01583696990139,757.6939238268085,632.3384391817717,1568.308107862792,67.28085166040368,3,27,0.626926610067308,3,524.3968438112511,1.1309489691838541,9.997140676284843,2019.9796554275792,12.681889421528258,5.270849075818167,7.411040345710091,67.44459838830207,27.852143456112962,38.42747627645534,3.482107933113489,18.953310301282976,44.697585965765,7.742738261675943,350.09279370519545,357.1073140044075,2,0
Granite-Gneiss,Weathered,Trees,21.063315849533343,730.2609432495423,758.1305981828405,1219.8097475620568,65.72548024212477,7,34,0.6780908871137061,1,565.9241526073806,1.0051665087833905,6.736812830871146,471.53239087885663,9.65278643481918,0.5,9.15278643481918,35.23890363452272,32.2920617070026,37.772478405299914,2.5916408318811284,33.188015352403156,41.90763855917924,7.14726960544064,283.8223419135433,268.5977314097715,10,1
Granite-Gneiss,Weathered,Crops,17.01995360437911,995.2436704342186,735.030326962476,1208.4149329957186,135.35336112770844,7,23,0.6533099823720477,2,576.9900524953448,0.25459950871204207,6.331737996050452,2109.681937797184,5.549961674869317,5.2639356358887355,0.2860260389805811,70.55518370172402,25.44016847730491,34.203122789184086,2.6277880154122313,20.378276585262935,37.55289574687159,7.191703268857921,304.1434915598066,302.75277771977295,12,1
Granite-Gneiss,Weathered,Built Area,71.06599518517122,856.833807832906,636.9654174104895,1426.579921850082,58.339307183398425,3,23,0.7425148462748486,3,421.57645597103163,2.222512766749751,7.732793836837063,270.00039129659416,10.477839373860569,2.380292237663939,8.09754713619663,49.622010515510425,32.83139074063919,40.281775750409025,3.8146274828963107,21.968232056318392,51.16615645524746,7.9880084510642035,341.34300551863214,373.70111734954935,9,1
Granite-Gneiss,Weathered,Trees,21.90618683182525,767.2159797121722,546.278178175624,1462.0168944288675,85.7930689045782,9,35,0.7258596866846034,1,513.9917851823827,3.73838417183533,11.480489878168566,1686.9213217805109,4.610993276904543,6.5617293814333575,0.0,67.30491907588154,24.59906363118453,32.87584138715892,2.97143535769408,20.688265918745532,43.68217153362993,7.813905516017316,369.8417827251851,340.8755792029869,4,0
Granite-Gneiss,Weathered,Trees,16.340475191245673,955.195888166566,688.5680178759509,1561.1778818895991,87.938991059576,4,22,0.694762109955681,3,510.3728843586275,3.779853227558638,6.327249090811852,1692.7330543311512,9.824306599723796,3.9938067943617486,5.830499805362047,67.19363631258389,22.62231050948221,33.66816075641482,2.045154625520963,26.846336947925913,47.248317209691855,7.273672573256509,283.5895972014279,265.9878560561374,5,1
Granite-Gneiss,Weathered,Crops,6.171497922558277,769.7440482518549,752.5893346141145,1303.026083327089,40.68420395442108,9,34,0.7287609423635673,1,555.497077777748,7.028867558714752,13.53962656104683,1706.0765086924162,9.082787982343401,4.285780934860773,4.797007047482628,45.65663716409685,26.84005892845261,40.55966153692549,3.7516043299030746,30.71973891779093,46.70452689084175,7.847292902972892,269.98340685384005,219.6151091890366,10,1
Granite-Gneiss,Weathered,Crops,11.09424927301399,899.880992751036,682.3197536464156,1382.6063198459065,76.49438387735002,3,36,0.7767150376579267,1,476.58267991714,6.642870550914801,8.494945627258085,1783.332922130698,8.521295569220685,3.752465028525915,4.76883054069477,44.164109005671904,28.847499299843093,39.68191421822948,3.7647241708452155,33.82064454735527,49.285341760116864,7.336353975216919,327.184394169306,366.6581239926127,2,1
Granite-Gneiss,Weathered,Crops,12.724490403003761,714.5505786549074,614.0955880507935,1237.0746353222416,49.53324909243458,6,35,0.7865419677763521,1,548.159182050943,3.1050293444013377,11.34764119812029,86.32417579693684,8.2263248544943,3.707920873379713,4.518403981114586,47.579689711343086,29.713637493142727,31.713637493142727,3.192490162386541,26.16989045201466,50.12202228559289,6.683695685178269,298.7661464703327,284.1919580199833,11,1
Granite-Gneiss,Weathered,Trees,14.963458678270204,716.1294993930036,771.3883432636135,1354.2979909448738,74.0872013408576,4,30,0.7992805312718165,3,585.6716329153003,1.1394301155545454,6.118069155895011,2411.892526631348,7.538887360424326,3.4472450310216276,4.091642329402698,53.43597763953615,30.51880583013166,36.003295194257696,3.2330168785362616,25.93496184861923,35.833400342835255,7.617012718197088,257.31279941449236,268.5948158463187,1,1
Granite-Gneiss,Weathered,Built Area,83.99778786248243,765.9476538978207,649.8701104366022,1308.2228605370246,58.27743442414627,3,26,0.6003598667915576,2,428.2655790601328,3.504999314170001,9.503641671471824,1169.9334903051656,7.745889313532116,2.293867711219114,5.4520216023130015,49.450435846633795,24.759014826659236,37.62962451778965,3.750202392244651,15.780143928834068,51.789011083607235,7.893029590542233,376.95997433910543,391.47708177936437,4,1
Granite-Gneiss,Weathered,Water,0.0,714.6666253738458,662.4251510207041,1245.5107847563236,96.54034331167907,6,25,0.6858828668699632,3,599.8713179621568,3.0409516751522405,8.098237661173853,746.0758503548733,9.333452817188544,4.818659914890262,4.514792902298282,55.43084449146833,23.535901462971143,41.20711808381382,4.516459624766678,30.59553514568646,40.013555340616364,7.524865774891027,252.1438574353844,288.48232776486816,3,1
Granite-Gneiss,Weathered,Trees,8.287033015617594,932.7120076668795,696.1242316248022,1203.2188715731108,90.16465705054196,3,38,0.7628990986771117,3,487.0610032421681,2.1635368029645665,9.209013259485594,1597.7282375332795,5.849623992234053,5.8231282001566305,0.02649579207742292,55.182084756001366,32.20339123039582,34.20339123039582,2.226416245979241,21.66217349068608,49.192395162845976,7.264140181630075,297.31335987113266,313.5582335227478,5,1
Granite-Gneiss,Weathered,Crops,8.795427554151905,805.6540992127462,610.149184776396,1210.3710594283982,91.45082304935858,3,26,0.700086732294007,2,493.86434155863003,5.601922097851441,10.487404602801346,2644.228109366257,5.71573021653502,2.029299841776557,3.686430374758463,54.07419954258886,23.401490964855054,38.33465424516003,3.3840237730393707,20.85611218833322,35.10934826235013,7.066424151900034,406.9934096830512,391.0863340007195,10,1
Granite-Gneiss,Weathered,Crops,23.300768121952295,898.5115011556302,595.58887403588,1484.307510814794,45.13806550329102,8,38,0.6031726733697768,2,524.1542571813552,3.1491694202603444,12.668061437736256,1871.5834794883106,7.1683763938506395,4.473289025829372,2.6950873680212677,37.325759811710924,24.83518921475911,40.980339175465616,3.0636182913853216,17.817130074948963,38.74144865386418,7.856063111957088,200.0,200.0,6,1
Granite-Gneiss,Weathered,Crops,14.519416007292778,777.2414823503949,578.5912365216725,1323.1019760576403,111.7791976933685,9,27,0.7435074743786279,1,522.7695875761474,4.575683087813881,7.943986147038685,327.6971804721402,13.439292473842338,5.983274752402869,7.456017721439469,63.28559587989783,22.83022404146869,33.58592708391781,3.200124392043639,23.1932041675022,40.56210156157853,7.687474638275324,226.69621619318576,230.27536979201932,8,1
Granite-Gneiss,Weathered,Crops,12.637619898668675,853.0085931839938,615.4094884215452,1488.028621960037,50.73615964529061,6,34,0.6718436368446111,3,443.7830890111154,1.0221988288509962,10.39190773736815,463.36711310898033,6.8273702936037814,3.573610069483144,3.2537602241206374,45.496507028536364,27.147276908014735,39.333812792461075,3.1106052524177583,30.51439620609503,37.431398934233584,6.793686265712732,298.8408028516468,337.62885929241344,12,1
Granite-Gneiss,Weathered,Built Area,77.25161473178574,792.879671257615,612.1865771095507,1380.6623139644682,69.72673087643848,8,27,0.7572781458825258,2,441.27859574278716,0.7932168429545206,11.373243447260236,861.9996095716392,14.204212560890246,4.359162067893466,9.84505049299678,67.71541358434047,32.75322815616383,34.75322815616383,3.4106801849474824,17.87267350587287,42.435487014498975,7.017400334702069,261.1451890117026,215.30181986768005,5,1
Granite-Gneiss,Weathered,Crops,23.6285127589675,999.2639876051326,731.1546094968181,1530.4013457577948,54.53715086103629,5,33,0.6514885050617385,1,531.7974763367282,6.324536392140095,11.662586069807396,1512.5806145976069,8.797030585948061,4.60018312342109,4.196847462526971,50.252588834390124,26.231085845069032,34.56276826416396,2.289178387340808,17.141093942365003,46.15955674764817,7.855126450466134,285.61431004606635,308.6268129709767,3,1
Granite-Gneiss,Weathered,Bare Ground,10.054821974413834,701.0687836378781,643.3253552686588,1535.6872331576506,74.28443956519894,5,23,0.7622490400346446,1,523.5524578058508,6.131269205833569,6.9129596639881665,2132.5116645004823,5.509288626417069,3.960994751084925,1.5482938753321442,59.81561868014161,28.34051051256933,39.93419958347493,3.6116889321762407,31.150069326057213,38.99164216004484,7.240033580586948,227.2086364371803,268.3387539985048,4,1
Granite-Gneiss,Weathered,Built Area,90.62107498057638,704.1357653685958,677.4068278545851,1247.9468180503898,102.41687580257123,7,39,0.7944388214678184,1,513.1242733345341,7.130708035696693,10.625897292856315,423.19302574964496,8.305946799613679,2.8547007470818944,5.4512460525317845,55.79016838048966,28.68971353787005,37.563400506050215,3.04601052625849,28.924406019776484,44.82748571353052,6.719986380996533,403.28128927092723,427.2345125976431,5,0
Granite-Gneiss,Weathered,Crops,8.595543611545072,887.5890066936049,511.41654048268964,1387.2027396725393,54.82194790205885,5,39,0.7371137778970461,1,482.3027031671883,4.810060823439296,10.391192463777738,163.0760957822506,8.827918262064465,4.8298588423892115,3.9980594196752532,59.7850256379327,27.224561732304146,31.414211234569013,3.0401103146643083,15.701937614562901,35.09211757654903,7.831989986521316,257.0426901698746,271.4884158770848,9,0
Granite-Gneiss,Weathered,Crops,21.394566319571616,779.1343825363629,554.0905582088982,1282.3593938183483,58.05748475657172,9,26,0.7500181546961289,3,450.5435133376856,1.6155608753372226,11.695133832402458,450.5536561216922,9.46343042239903,2.2878069958037246,7.175623426595306,50.89776434538456,25.780140625422483,40.92464715311327,3.403911591529179,25.17048865460582,51.80648291447184,7.100794666484608,338.81802057026187,367.5859347188109,2,1
Granite-Gneiss,Weathered,Rangeland,8.718445194438571,823.0834556375379,796.4644212610124,1594.2856675686498,49.52962692573871,8,37,0.6939580639769372,3,437.0882654213315,7.069905968878882,11.143637130743661,280.4999094108356,11.00461775360251,2.939096352124614,8.065521401477895,44.096846839705705,26.96040271352123,37.012452153634285,3.842107696876579,27.74529257786547,42.104889197299215,6.791466467719343,200.0,200.0,11,1
Granite-Gneiss,Weathered,Built Area,91.21100745373411,966.5863666707743,592.7135343901214,1399.3300491779685,97.36580524180805,4,21,0.6290773245587549,1,454.5619962322148,1.9090251957960058,8.793662769527929,763.6180142411163,8.814087863740479,5.839427979846408,2.9746598838940708,74.36645209068338,27.0528539365898,31.06074156085531,3.0346759323953485,17.4925860587227,38.19744962889553,7.27425183353089,307.01786883880516,292.806753032963,2,0
Granite-Gneiss,Weathered,Built Area,73.78398216622443,833.1123910108776,572.1754674507445,1257.1637014951082,110.1456109085951,4,29,0.7012105338932019,2,595.835515273736,2.9011070536618204,11.731559193393768,1632.5379449283685,11.887227141954167,2.3348535783397986,9.552373563614369,69.99639862550006,26.72664095666628,32.20029030815188,3.799896393901102,24.383784397216523,45.10028522889763,7.171224360945663,266.36306029604395,254.80434991792666,7,1
Granite-Gneiss,Weathered,Built Area,84.57291580883361,936.0889183163388,792.8387864969733,1254.5678969436624,58.25968890236252,4,22,0.6725855740080242,2,463.40905111956465,1.3697336755491554,7.196329695445045,2849.3771808844826,7.642675248877898,6.04295210279417,1.5997231460837282,58.33681064362508,30.53885024200986,39.637050540272924,3.4653608153148143,24.935042275003795,52.05728690040962,7.021716498499094,340.26257494624946,355.2758723014585,1,1
Granite-Gneiss,Weathered,Rangeland,8.208925037345708,851.6837627727963,605.0420625189522,1341.1878430177537,87.73264865495004,5,36,0.6306774268303152,3,451.33401493639457,3.6026973671554625,12.847445865145648,2229.4712674243206,9.187924517512021,5.64028973886864,3.5476347786433813,48.075756608223315,30.1156103455085,32.441508181955754,3.6607352878216197,29.086008767644085,54.798676171111765,6.750620481121017,292.4590459222492,276.73364778187545,8,1
Granite-Gneiss,Weathered,Rangeland,5.482388975748141,709.4942230037813,783.9505871388295,1404.3209995517518,71.01973466363812,5,37,0.6766659724928726,2,536.8914406966773,5.232387324766687,6.1091606388108435,1994.4041747941094,7.238310146544782,2.589897865162219,4.648412281382563,67.48343078388402,26.456349413908907,32.82918804334943,3.120494018557131,27.288375300554893,49.17983365983272,7.1022795324310986,324.1014328645487,312.616372206288,7,1
Granite-Gneiss,Weathered,Crops,24.37705101103601,969.9891206661376,590.4923594469789,1575.989339329042,104.57766720782196,9,30,0.6954980130676507,2,452.6442391306896,1.873634397253034,7.720246673289129,1033.4142428722673,8.022024413256737,4.003865680291568,4.018158732965169,59.37014808488161,32.42258898502662,39.48846649911344,2.5215056480997697,32.38784396584344,52.5597723339331,6.5841756257985,322.4500116809061,390.55805458879337,9,1
Granite-Gneiss,Weathered,Built Area,74.5060389573862,851.0018889146692,721.7464721301058,1468.041505318939,45.086704888621306,6,26,0.6379536650749486,1,438.36408513515534,1.044743644425953,11.924192740359876,362.1008464037159,7.527852874903747,5.348172568026973,2.179680306876774,59.25588684420746,23.813114560048813,39.05067973465065,3.530472527268984,31.60430143323509,42.7681220849134,7.185572409818427,272.1742483218632,284.0699440338518,9,1
Granite-Gneiss,Weathered,Trees,16.032792421873467,800.9649157050906,692.3417005613787,1561.5777659121982,107.12174479853631,7,30,0.6716290092604837,2,452.344363244752,2.5996770396925184,10.636389375626557,453.3226352665686,7.489975726076388,2.870146967157596,4.619828758918792,47.674581411826935,34.56726143346643,40.9216227235757,3.4749463510998617,27.344105244684428,36.84755220136488,7.014664612814687,298.8658019602428,257.32005756497955,3,1
Granite-Gneiss,Weathered,Bare Ground,10.267659117202662,824.2652442916769,641.1965972552437,1318.4951077191554,71.81310026643487,8,26,0.680449154299251,1,529.5900518784367,2.931633001397258,8.440979105457917,239.08603511210262,9.657591705808878,2.5403797579183562,7.117211947890522,67.75350232794808,29.218311003171074,31.218311003171074,2.8483344698899757,31.445188107947313,35.0681016555439,7.6789099215558805,285.73756794105,283.57687090460166,9,1
Granite-Gneiss,Weathered,Built Area,70.11875183463758,781.5207114448208,616.6489574284603,1411.3937565506053,76.25980664934303,9,21,0.775667548241627,2,434.8749527514408,4.962585263021057,13.947957019708255,1019.2680284747282,9.74475626428355,3.7340065856109623,6.010749678672588,49.57181388541577,28.215840208292022,37.054058518138035,3.1741292067574998,26.637802696729135,41.416234870447454,7.1289555169300005,365.45243232985285,431.7546365471356,12,1
Granite-Gneiss,Weathered,Crops,5.406404336059049,780.3037995629306,713.6088307389848,1442.1899948202627,39.87675781191362,8,26,0.6216606240443721,2,593.2786609341589,6.876419311833794,8.420746440341635,2789.3552520023336,9.037547805799262,4.233377063927954,4.8041707418713075,64.96525259105935,28.963566270534724,39.61816454790978,2.808262635522727,18.424830119897763,46.76130955494354,7.278474219854653,332.34946523526844,296.4051624787293,7,1
Granite-Gneiss,Weathered,Water,0.0,816.3775831784048,636.6281504429841,1242.3291924505797,98.88441010391283,7,30,0.6059326027203729,2,411.8883919745956,6.721702086290799,13.38210365930237,1439.7525399512197,6.169613965632484,2.6627668893269494,3.506847076305535,47.695350808051664,26.669612422519382,38.07336333825774,3.820022505448833,18.298040608678715,43.152279083429164,6.632593695640071,320.60462674298026,348.01734574931857,8,1
Granite-Gneiss,Weathered,Built Area,78.25765739608839,903.0739988534931,513.6198919344098,1271.1930988857644,89.12657052787871,9,24,0.625566958841569,1,421.9257473536581,6.6837751675375685,12.872520074410403,1012.9048863480518,4.032922184260422,4.919497915020926,0.0,57.816007788125994,26.870140621108767,36.13807666049002,3.338920602570418,29.818136842067638,39.58802811543002,7.035380441954191,230.07364269516626,209.42127863531843,1,1
Granite-Gneiss,Weathered,Rangeland,9.326829255635932,879.7325521330974,644.8766000494313,1478.240917372762,113.99180313646102,8,35,0.6807302687458786,1,410.8722538313911,2.550768738610465,12.617995495504305,1312.4321318777827,8.202855049552687,3.9546266154324288,4.248228434120258,60.339078618521825,27.389996548356958,36.682830947815006,2.4556490444408707,22.28105194587871,47.70625285574168,7.047745279973268,319.9383472180258,386.9645503329606,10,1
Granite-Gneiss,Weathered,Rangeland,11.672457411447546,909.1092705562921,775.191964638133,1439.130096883429,120.74133784660663,5,31,0.7679881187256544,1,504.0137968517686,3.115618961208569,7.676300694609444,824.7982850266903,6.887856854603645,2.1834917254371153,4.704365129166529,43.0085230382821,29.103622070629477,36.640949704790714,3.189525640389641,32.356486312939055,43.99129390954441,7.164505514081691,325.8828878584087,289.7648318318872,12,1
Granite-Gneiss,Weathered,Bare Ground,11.095646980668263,823.4903387132375,568.5832470915238,1562.7891416418588,60.87347634996471,3,33,0.7871618805459064,3,475.61613887335795,4.4311369742103786,6.414796438509141,477.4222461950139,9.57723666563227,4.661760731168129,4.915475934464141,53.132095876552334,31.98477228772598,33.98477228772598,2.9667978512995625,15.727540347668228,48.33145287042864,7.519423249201446,217.9754498746383,246.7501490015559,2,1
Granite-Gneiss,Weathered,Crops,20.801949112125094,783.9199930131858,716.6564039473935,1412.3864066428387,84.27902013257646,7,27,0.7530160205559175,1,492.0353205422712,6.482240411305173,11.075857077014723,1783.0149105130408,6.5221196944902085,1.679965688601217,4.842154005888991,21.549980404173812,27.19160171466428,36.78230268800107,3.6776441246544485,34.831982540166464,44.7059866048812,6.76805384493335,354.35882829354705,335.43056342005025,10,0
Granite-Gneiss,Weathered,Bare Ground,9.886012830411843,934.5614889201397,577.6665158140347,1223.4332782892843,82.47024086617165,8,39,0.6496320984400097,3,430.3409828137462,5.509155034064017,11.899839336799968,2068.516872498279,6.485605828103182,4.145488116717244,2.340117711385938,57.83497114017601,29.999271231796246,34.89404026054888,3.2460249804332033,19.40355683721414,38.02648975308975,6.665988851267478,325.4139701409373,375.73321119681293,1,1
Granite-Gneiss,Weathered,Rangeland,7.790216714651183,999.7216082389212,636.1336262008142,1583.7145937854084,107.00772643435347,6,24,0.6755311617043314,1,510.38771362599334,7.5448187841100625,9.147355849150129,1656.319361716671,8.726094538801064,5.057008246177466,3.6690862926235983,58.5326903665283,31.098437652036587,40.88166664664095,3.7348050567154436,32.7817673859113,39.52016796197857,7.820041840679613,328.09091101331694,295.5767033314941,6,1
Granite-Gneiss,Weathered,Built Area,94.66716903890385,744.3008339526,702.4028067383995,1407.1360422766586,67.40053194694619,3,32,0.7241405481192686,1,447.65417365976504,2.0462447018754597,8.021906063728224,1743.5198463157417,7.976919857372292,0.5,7.476919857372292,54.86113309521017,29.350213232444382,38.262622003717134,3.455041192965249,34.621795724220284,46.744166917107265,7.757268909822702,364.78394222639486,358.65908408758105,12,1
Granite-Gneiss,Weathered,Crops,21.631430114234085,965.4029549646141,641.8533956686346,1346.4767183180484,120.39029760562875,8,31,0.6778674586321376,3,410.8972990418481,7.892135424419365,10.138442101890707,589.3394584762186,5.419314602521654,2.797887531702319,2.621427070819335,43.67446393207925,26.804908096670545,29.60220966132789,4.254300338172005,24.93908884185575,35.083768805400815,7.4476665958670365,329.60417754416835,325.0846189154401,3,1
Granite-Gneiss,Weathered,Crops,12.222766757886186,741.3783017016948,574.0520385581511,1524.5004738380544,98.7287075792502,4,38,0.7569092730527265,2,536.3128984908615,1.9856564895099664,11.359864819464391,1662.0799033347544,7.1224660856581075,2.8482656968979474,4.2742003887601605,47.61558633911933,29.5209090125788,42.08157638468087,4.100346696284275,20.84767033593338,44.303814954714184,6.752708427529265,276.52293777973324,285.19389569310476,3,1
Granite-Gneiss,Weathered,Crops,12.968366290604092,914.3963263585995,514.041526321054,1592.1041437324259,134.3165533990001,6,38,0.605876722777299,2,412.61490018325355,7.1260498175382585,11.354468079849983,2358.3826229613364,3.434611133115154,3.772371315447298,0.0,50.841409240846254,35.18029566241614,37.93259992508631,3.398573339545228,29.63487116439545,37.36349129530808,7.858750783378088,316.02504004390613,361.469323500993,12,0
Granite-Gneiss,Weathered,Bare Ground,6.038547286616361,824.6554920126008,732.7299752687027,1411.1556311621857,78.97504200026165,9,23,0.6980667550384724,3,497.70840574827434,5.699756405673335,12.69930145572061,341.3253390921004,7.06922729290245,3.015553284329139,4.053674008573312,38.99770532812831,32.57187892024113,42.04922798095097,3.5882951702173473,24.156611962903668,37.35943109899059,6.619732271266443,340.5757187912481,363.3071888932471,3,1
Granite-Gneiss,Weathered,Bare Ground,5.071848257338361,834.2920563613251,726.9126718598379,1544.1127205324694,49.59297696597934,4,24,0.6704441800190915,1,422.46588672267154,6.05269586971431,12.997881317876635,927.0378037701272,7.414793803457973,2.608966987140931,4.805826816317042,41.516961525390684,33.88291457759111,42.9017501728466,3.5725848108782343,22.72468253154364,45.493782402088925,7.187961956094352,268.7045850739987,277.2761921434227,12,1
Granite-Gneiss,Weathered,Built Area,77.83263711573052,890.0180165390472,746.0867001256424,1387.5504732833906,59.70161507037416,9,38,0.7414497952613526,2,426.26885113238086,3.0164400455811,7.491546895593494,2989.2331356306554,9.095799411261241,4.89810396723758,4.197695444023662,28.132459894766367,29.8053186077757,34.67237415311223,3.76718077932066,16.116808041649456,36.00590401456565,6.519031428346636,301.38574993231083,321.0892128606829,2,1
Granite-Gneiss,Weathered,Rangeland,11.064404307356748,835.5815785498655,746.3564834262016,1327.2104809976925,70.41748842574141,6,22,0.6988597465870467,2,537.4063031017287,6.004321321140946,6.447495175582251,1906.1062611475559,7.135493934602271,3.3707679213490214,3.76472601325325,39.9408598595592,29.399763850010252,43.22416755201589,3.3211908643318466,25.509499520869173,43.112777456662826,7.409962628035081,345.7187684418347,345.32561877003343,7,1
Granite-Gneiss,Weathered,Trees,16.448727021124668,721.0938707384386,579.4980299837841,1299.7710892165508,101.7575352190245,7,33,0.6953460667086804,2,468.83638713158587,2.1248037056674107,11.94195172984816,1321.6864828222335,10.334741253162399,3.5700083364809427,6.7647329166814565,50.408589999324576,31.94996177275463,39.53536901924395,4.017288226295675,21.667374614501597,49.381678108598976,6.5935906322049975,259.24844427326207,210.47726515641918,8,1
Granite-Gneiss,Weathered,Bare Ground,9.712174351992328,897.4120814377944,575.6990946627951,1205.6414300893468,113.86056539957238,3,22,0.6210367887969604,2,526.6366448614218,7.845708567119343,10.551206039945669,2604.1806498045994,5.489802330905492,1.6557978501978663,3.834004480707626,22.511483281472817,33.64368366148136,37.765764962404575,3.818254423108088,30.737489270295512,40.01682119507944,6.8449154246887725,252.6196762323827,245.58222620120037,3,1
Granite-Gneiss,Weathered,Bare Ground,5.602915220865272,801.5310688144896,664.0074215787021,1508.841450200534,50.503210726724966,5,39,0.7311365211237395,1,545.3899650103914,5.784647534910588,9.035020259336136,2797.350294004401,9.46333243622016,0.7377866391428305,8.725545797077329,34.28238579453227,25.10128548731786,38.48330534151356,4.082275458449854,17.126650762966197,41.46254876560009,7.694972720569423,200.0,200.0,12,1
Granite-Gneiss,Weathered,Built Area,78.04640956028709,964.9236466522341,581.5145389086568,1222.267787916557,63.6578577897203,4,23,0.6668873083015456,2,478.5534649432035,3.4555148373305187,11.272004977751397,2835.6661458812846,6.0709000250208325,3.2122671415970143,2.858632883423818,64.12470934785597,30.23036340517572,33.62527247095594,2.372340570365443,17.23446405967563,40.56642403888323,6.958977494930318,293.78299546608883,251.91313416893155,11,1
Granite-Gneiss,Weathered,Built Area,70.12407804211833,763.1389281327606,583.2121932118683,1250.9621276566875,76.79564871464875,5,36,0.6039641107754818,3,579.1633109808583,6.174294746487389,6.703999961009612,218.60638874877822,10.338025285766019,4.30306801883637,6.0349572669296485,56.381146043745225,29.250285395441278,33.286366829012756,3.4896556405471992,27.982019589983288,41.99541745548957,6.6476613942988685,312.14568282810984,340.0286752745004,4,0
Granite-Gneiss,Weathered,Built Area,82.64717969819908,881.956640632103,622.1712600010402,1260.5647733426988,82.50543537443058,8,35,0.6624935440305775,3,465.10915224230325,6.925503073587423,8.575671903966388,860.4845280820741,11.82406026858141,3.1135567937645843,8.710503474816827,61.71821750430564,31.4513658565757,41.56443252161827,3.7956440504234883,32.30527689000175,51.53871537616527,7.840712354921026,224.05531278419306,232.42764019344688,5,1
Granite-Gneiss,Weathered,Built Area,86.10267273117961,966.274168265729,633.2365116737209,1393.4124745711767,142.71536598923288,8,38,0.6221075562517158,1,595.2797489628184,0.05640372394356685,9.897689284374351,2037.3154363856095,7.23794983653549,4.34265602099805,2.89529381553744,45.32285967780739,31.22291470706035,37.121116372580175,3.3839789345897398,26.577015941812355,54.83021836756812,6.72803728270716,275.41512516888383,251.0658745576182,6,1
Granite-Gneiss,Weathered,Crops,12.450645595436377,933.5168662064102,775.7883765362446,1346.1311717666115,107.69069990021745,5,27,0.791520831924621,2,576.0283665637982,0.6894301198770574,7.383701578356976,1959.517467216579,5.374170566189933,4.859873550100323,0.5142970160896096,32.67262037971798,35.31108434900024,37.31108434900024,3.3642025572019145,32.28882401679479,43.88415460062228,7.339188861278695,223.7929859460083,200.0,3,1
Granite-Gneiss,Weathered,Water,0.0,984.5419777974646,791.171003960005,1374.077103533506,100.88195798660618,9,24,0.605183752544597,2,433.7636583894614,0.6195489411302413,6.49635832512524,1677.863411457667,7.486257585665154,3.8086661592382955,3.6775914264268583,51.25242329044413,33.02860127115021,42.128628213729606,3.223781333761969,22.49001145292305,36.73254464800758,7.060550591321832,276.9312634430982,286.80452498724696,11,1
Granite-Gneiss,Weathered,Crops,22.117125392770348,829.7859627080809,604.5806484428335,1288.255233873885,81.46242834241478,5,38,0.7722190784551899,1,476.2934127589025,4.417743927799482,12.391197813771157,1315.5241289363203,4.534467363700535,1.7766951887463291,2.757772174954206,51.995184942855246,30.750480814441687,42.08287006938445,3.140725720325339,15.544577046811687,41.73927448643796,7.896075729091697,242.33158783091028,237.93158940221826,12,1
Granite-Gneiss,Weathered,Crops,13.439875974793875,849.7924991452066,590.4854744475408,1447.8752558314284,107.93957278755992,3,22,0.7513601644823535,3,539.0412889820232,0.2710133463725004,10.898166671506475,437.8797471569006,7.533061538546735,3.425120909663238,4.107940628883497,38.107569509710636,25.98769470379129,32.4527343302897,3.3071416006091896,17.948911575443592,42.501830924530424,7.4556132844731575,316.02720824613914,319.5022935943195,10,1
Granite-Gneiss,Weathered,Built Area,81.2294672107676,964.4239810680792,768.4834690382421,1278.7780774472021,49.45142931598613,3,35,0.7501858131115816,2,500.20256908252253,3.6510541796599645,9.38939682847973,413.105915111623,6.7522098199584635,3.5455760466726574,3.206633773285806,45.378861852707374,32.19393699769877,40.731281550371094,3.613765552886825,26.00882407769248,37.41886485770268,7.91996972989028,300.3399627738211,269.7374827778646,5,1
Granite-Gneiss,Weathered,Rangeland,6.205388749384783,770.4775321796799,658.4268575430667,1420.4600135863152,95.79989800357244,9,30,0.6803823625063911,1,496.34472243212804,4.042575342069212,8.71469971554633,2174.8277870379698,6.700261997185298,3.0702517764832544,3.6300102207020437,54.11691070172837,36.76565695468899,38.76565695468899,3.597543045715828,22.355760156181297,41.76643175997618,7.863332899586021,227.00350037594004,204.19401369933667,12,1
Granite-Gneiss,Weathered,Trees,10.279655645597215,942.1522526860635,525.8400812980682,1281.5877511156498,88.85886627880309,7,38,0.7122008378618523,2,586.7374641440141,2.944177937657318,11.551120259880982,2733.4182138159135,7.070529136886144,2.454140947366211,4.616388189519933,38.05570961181615,35.796005558460315,42.51564766322117,3.5687013935682947,21.324984313927548,38.94650240024003,7.352147677075754,274.36807024314277,285.2368634540753,11,1
Granite-Gneiss,Weathered,Built Area,89.29155242473516,913.0953104375033,598.6799460206132,1395.0136521764668,99.44482492088319,5,27,0.6898489501880845,3,559.3822176279236,1.357247120034863,9.11377404611879,386.6621393780506,5.516913754600121,3.093463839588424,2.423449915011697,37.572090176313445,23.958570244598814,33.58616779903001,3.8241743132058463,25.773117409127593,45.09056046263673,7.575881578231687,337.9971911022567,334.2668776470539,12,1
Granite-Gneiss,Weathered,Built Area,85.46015929183626,875.9593756971237,715.770906614804,1238.8739317822067,56.109840389864814,7,21,0.622229468922403,2,439.98859391122244,7.934225643849437,6.288497221635637,963.8451868585737,6.159505446662516,4.05884704291624,2.1006584037462757,51.87068474362559,32.9632343536116,41.132063282071044,3.8427013573194637,19.185283017985128,42.23050391863636,7.635406976553645,323.4277802605662,379.55220501363715,12,1
Granite-Gneiss,Weathered,Crops,7.073563476329634,854.7375924851282,672.3883193486076,1478.3997880497257,101.97058027218063,4,29,0.6813834988156029,2,589.6789324149279,0.7412288972376739,8.083425805316505,2560.8035203285826,6.973176826931128,5.9159661824935155,1.0572106444376121,56.577643704009645,26.756563923342906,36.48566229774489,4.625237075473557,15.5426751692156,51.22728137715423,7.935278745797416,282.0450968997899,226.16990892274018,10,1
Granite-Gneiss,Weathered,Crops,24.159657398885177,852.9052094788364,667.4260417133331,1589.3333085644176,49.257307852332346,8,37,0.6528228211650987,3,493.2308262342923,0.7335196296690141,11.733569998697206,2745.137404438352,5.8420018249872205,5.03099286992466,0.8110089550625608,54.874269506767796,34.18335590510252,36.18335590510252,4.320942334152405,19.206388811679815,41.41792582960096,7.288769130274962,332.64562291083416,322.07721767049316,10,0
Granite-Gneiss,Weathered,Built Area,84.96316657448567,974.8271009233083,736.1201377999284,1317.8332902773977,93.01550447305756,6,32,0.6898748278709699,3,477.3978469636035,7.136812874084848,9.575364168646882,2169.388207933822,6.675691074995478,5.7242563987957915,0.9514346761996864,40.89724901302333,29.919126979359607,40.756849535646325,3.4100831670011673,31.77221633152841,43.13264227762657,6.561781193653246,305.62049636008976,298.5547468434638,10,1
Granite-Gneiss,Weathered,Built Area,93.12030379289368,726.073518571454,781.3956102078287,1209.2492209299965,71.30404459628339,8,34,0.7650524539100155,1,501.0227321607998,3.708514024189003,6.281684403370266,1310.3524285349333,9.35924118705514,0.8646628948112158,8.494578292243924,43.72275938051941,30.108461835639396,43.48601322848312,4.038742030671852,17.36071891626152,51.24757456911717,6.931713020841674,289.5988173325818,267.721823232715,12,0
Granite-Gneiss,Weathered,Built Area,86.57982971652845,816.1108323214796,542.2976582651944,1485.3425869931127,106.25465314938639,7,36,0.7563595771336364,2,496.6705440250836,4.789162198311064,11.835462290718581,1378.1529467944204,6.222239168578168,5.140568686139808,1.0816704824383603,52.87812738952248,23.254023866598075,38.05945584785981,3.45521656514674,18.10205853760136,51.49541910301596,6.914706917353952,326.14397854337113,264.5243952373522,5,1
Granite-Gneiss,Weathered,Bare Ground,9.06166018604485,788.3022575982579,639.3060356088297,1251.9946078337864,79.28531347734499,9,32,0.7204429985432359,2,450.05647653183087,7.975711755297621,8.452027060205259,1130.5888217522681,7.457113736738523,4.17878383543487,3.2783299013036533,49.593352710262884,31.39260412325447,37.927783537913434,3.964716512902175,18.163589205801724,41.35011813097762,7.826781991191813,289.6083474138225,272.88125041818057,7,0
Granite-Gneiss,Weathered,Crops,9.284870346119849,947.3521187822132,668.9693283678425,1257.6192830232458,96.88983763843206,4,38,0.7473201135983112,3,435.13664053509285,0.15088817228083062,12.700066710193852,2412.746182270308,9.175363103914858,1.816282681654741,7.359080422260117,47.93603320951498,32.10912328790808,37.86031343604393,2.314958857647527,16.32300333274062,49.36967349196895,7.489164393503283,315.31496345540324,327.11490955029035,5,0
Granite-Gneiss,Weathered,Built Area,71.60347894050291,880.4842311769318,764.8120335768992,1567.2886312101527,59.81211527426318,9,28,0.7010004336179887,1,432.30905350479253,7.302592538364726,10.88145286584863,1251.2080816870498,9.048313856450543,4.768852275224155,4.279461581226387,51.967574326175175,38.41176377556227,40.41176377556227,3.2323319999532494,28.087472555387805,46.491353859822624,7.349593244886455,200.44167059882233,200.0,8,1
Granite-Gneiss,Weathered,Bare Ground,8.743996185023452,933.5069313754175,507.54357512103275,1509.1697263436802,107.99754225019028,4,35,0.6841383898947997,3,507.7725701409022,6.9466833425636025,12.386004858334147,2885.263879046891,4.729891829287262,4.631240459583186,0.09865136970407651,67.38412790630282,30.252865008793798,38.48014190360799,3.317542855631647,22.178447654719484,42.18477745817828,7.277264585802245,326.95522120920396,329.9801599795855,5,1
Granite-Gneiss,Weathered,Crops,9.160238688202805,794.5098827337491,567.5842198630295,1502.1177429132583,110.79481223081795,9,29,0.6304127159576074,1,520.6372498738681,3.4736143236379498,9.93037244273135,451.1684414258824,7.621150768130653,0.5,7.121150768130653,30.489586801290084,23.458049485968615,35.85739030081583,4.067793858461794,17.136255016402128,42.58510864691048,6.741188591439414,351.148126434978,362.4156292269671,8,1
Granite-Gneiss,Weathered,Trees,15.74782484009872,835.5424130661971,500.3239403782264,1569.0761568281596,102.41887882327606,9,39,0.7703537148952475,3,440.32559704770927,5.300171151737672,8.134593471644932,1483.937651267467,9.886056460795505,5.698794096952863,4.187262363842642,36.59508850213921,27.327291881101395,38.18559019229788,4.00783599720647,30.24746242478417,39.22134441402396,7.252389668446819,298.3052275467716,325.392892647212,3,1
Granite-Gneiss,Weathered,Trees,10.266461660323392,928.7711335124015,556.644688196091,1499.6049935938038,46.88519520259009,4,38,0.7198248895858532,3,469.47143535312284,4.285277374609262,10.793522231756183,245.62527978831102,6.151994845569077,1.8981264910774556,4.253868354491622,33.32499225141397,24.483159439665968,39.229359815257055,2.9443069171868306,26.661994374739407,48.02588081537734,7.618232817499923,213.7374838352829,204.81088645619107,12,1
Granite-Gneiss,Weathered,Bare Ground,6.910576026366096,925.702675727576,684.6998289471134,1483.3455781445925,101.31243196098474,9,37,0.6993180432240778,2,438.73678612717015,1.0650865280704718,12.439636467340826,556.6407542469708,8.61189631084018,3.682851725068876,4.9290445857713046,52.68238383244871,27.604234766377324,38.940272371696544,3.9506954707399524,32.755600566417655,39.3236894152507,7.9440593847283845,275.96465445272554,305.5427301506536,2,1
Granite-Gneiss,Weathered,Built Area,88.3638013983927,845.7424703479979,624.552534526903,1390.6839148681172,115.1168427668248,6,31,0.761508150907472,2,457.9464403849109,0.39933804297210873,6.926139686577242,20.09836411363925,12.227788135884762,1.6577273928466754,10.570060743038086,27.013847668719023,26.503585351870964,31.131900679263627,3.175745668835987,18.320724344693737,36.614190978969305,7.624075709097242,263.68783108517687,279.4771606369075,1,1
Granite-Gneiss,Weathered,Built Area,88.06285570135877,963.9406524717499,673.1835252876099,1237.496012477001,80.81225598715602,6,24,0.6754455303582741,3,463.7689006621356,7.169177518859752,8.735084221441815,2620.004291197441,7.280852514222143,5.6359732314525495,1.644879282769594,23.087365476339333,30.54707960328522,33.45720408886998,3.2440930870571174,28.141034030340634,42.68350831062624,7.067380774400386,275.98760146456044,274.8917963616215,11,1
Granite-Gneiss,Fractured,Crops,15.280145467274362,950.4706039197314,574.5838351570898,1254.1833682594277,107.6407150340037,6,25,0.6729470035254,2,564.9743416732163,0.7746661794787935,9.62149472170068,276.8420445292819,22.010462122093887,12.660086958583053,9.350375163510835,92.3901442689053,17.28970264377523,19.28970264377523,2.236004138932219,22.259555452239653,42.00219779076936,7.660270029158535,682.6488918272943,701.606753121704,1,1
Granite-Gneiss,Fractured,Built Area,91.53704777671675,858.8005799824622,672.7808792624155,1228.3869091917243,91.31426395447711,5,37,0.7315702855439675,1,483.8799182422142,6.152540150291842,6.362264603012658,100.01114225333697,20.273721116888,13.972418810077965,6.301302306810037,115.4149027471338,10.912600485742871,12.912600485742871,1.402121239868558,24.45424722988411,51.956525625255345,7.657412150508535,686.2127739296105,679.3327657742624,12,0
Granite-Gneiss,Fractured,Bare Ground,9.635377632780543,951.3483983131085,594.6194928394563,1473.2727837637303,66.77716822460971,4,23,0.7865592263034836,1,497.3945179374546,5.348108499812991,12.857243894916705,1517.9229719292773,21.21182619402844,10.904339891604025,10.307486302424415,113.9794731541019,16.041084499742055,23.099235726458478,1.7711422532969399,32.04087380602935,50.71010427240127,6.632508502333256,675.3989643281436,614.8494358265654,12,0
Granite-Gneiss,Fractured,Crops,22.033784569319486,821.7565683005209,694.7790147691044,1535.3390839535616,119.73898211268687,8,37,0.6104191796702465,1,471.4700295343478,2.7370707930440625,8.428824706085212,2482.9464084970646,17.78745369908686,12.986865395808616,4.800588303278245,114.6090419564612,16.30765932305346,18.30765932305346,1.7948815285516015,27.20733670976056,52.38368308978812,6.867275052508642,651.2832127043795,607.7379247089877,6,0
Granite-Gneiss,Fractured,Built Area,79.2163852924004,913.2438954141599,782.9962708353011,1269.6944089457297,55.026982751575325,4,33,0.6002331969191543,3,561.3652435914018,4.230645247337414,11.127029021448124,1545.4181924435204,19.967379384809608,10.032445934772403,9.934933450037205,101.05946008994017,18.744517314794635,20.744517314794635,1.0251093211163367,30.42298392973001,45.58266534833845,7.1620987585923,743.5106886356168,708.7646456438774,11,0
Granite-Gneiss,Fractured,Crops,17.71060997005627,788.329427042878,667.2879467894029,1253.296306893735,91.86445946030835,6,23,0.7448732584628724,1,479.35780959027466,2.8904028412459875,12.55885036870328,1473.3035290802902,18.464239240570823,10.301106633778392,8.16313260679243,129.54842974250107,15.381483809896665,17.381483809896665,3.041520693531682,26.095126017160403,40.92498142621361,7.522147548502538,708.9271655766976,701.0180853960683,3,1
Granite-Gneiss,Fractured,Crops,20.078115963544402,797.6278611419696,784.0157081370157,1325.9652486463942,113.32453464713406,3,37,0.6040858465219986,1,509.7989529581754,3.619838310706964,12.470822275743124,1034.6316011606623,20.352056549147907,13.982959470255702,6.369097078892205,108.54961013234119,17.149272700810954,19.149272700810954,1.8475405155615456,31.0443785569158,50.99060306750015,6.959171893444492,707.1363749202301,699.1127991450505,9,0
Granite-Gneiss,Fractured,Crops,12.768978877418366,869.8674387376631,582.624997385888,1379.9667713668903,92.72952155963894,6,31,0.7769272539626967,3,526.9224636034643,6.69119764932062,10.266815812028018,503.7079261872142,21.100501744880045,12.562485117661454,8.53801662721859,122.3612512249232,11.623257029056704,18.593869512676093,2.036604327142485,19.40985899309625,41.104159047383405,7.7504900023603245,765.637814927404,782.7017501090335,3,0
Granite-Gneiss,Fractured,Built Area,82.65854298700604,891.8880354712378,748.2325340043528,1382.1928415982,106.24972925877526,9,24,0.6050263845292018,2,411.4508212299458,5.0326654613303825,9.083318383581474,2469.6246886223284,22.225965612792997,15.204230004285641,7.021735608507356,120.89331846203874,16.568586642120756,19.969622259474,2.159212778267277,33.61923044038046,35.287383331702166,7.964778250960352,775.6590850168138,723.6557695648459,8,0
Granite-Gneiss,Fractured,Trees,11.863908720661575,709.2639888586176,578.9669997583547,1590.2253168129382,89.51846235248047,7,25,0.6976324135368192,1,533.9775195199314,0.1424342175548201,10.53095396501024,1578.0691329385338,19.586222742936737,15.458044019569316,4.128178723367421,117.38711606261624,13.969423969876344,15.969423969876344,0.6276185927499283,20.235674926719106,50.401475507483156,7.163912684131203,751.7941500402474,744.7320080896519,8,0
Granite-Gneiss,Fractured,Built Area,82.3029823548971,911.8094006668243,665.5688534023628,1369.348034422591,50.70919706922618,4,24,0.6881594813509395,3,402.03327200850487,1.700537111115887,12.857120882768912,1681.3117249099362,21.038232727101775,13.93477101999584,7.103461707105936,122.29402199354568,12.019754666479292,18.267050825042748,1.3207435461639574,17.487672379463508,39.499533054422855,7.790507405134985,671.5717082908477,730.1173681162652,9,1
Granite-Gneiss,Fractured,Crops,12.222361610509736,803.6584298485556,722.93252735183,1386.4490992983015,55.02968212056158,6,31,0.6228586383347916,1,452.1097907780559,1.1367044835592504,13.720195251845748,2235.106384848337,21.20003315956948,11.88196641094793,9.318066748621549,96.96014138021226,12.35245933184778,14.415707316708744,2.23194050765861,15.887396771112666,39.36861585861646,6.815833377550731,606.2931018590896,616.1477945309864,7,0
Granite-Gneiss,Fractured,Built Area,77.54409787213193,707.5207993452951,617.8988765109121,1474.0739565903164,51.90290690249859,4,39,0.7441832776011388,2,493.7254294797472,2.8854094951742635,12.35371414118859,455.28849315542806,18.85365378404755,13.357474002020309,5.496179782027243,122.96012845142062,11.392099929993742,19.056212424206144,2.129720052980033,31.513497822743645,39.18132226917596,6.683757015599801,744.8061008770383,746.5604801830845,4,0
Granite-Gneiss,Fractured,Built Area,79.95262800648592,952.1993858951578,661.7828130532247,1321.348978268238,58.70591595063876,9,23,0.7770074041500813,3,589.0294049315373,3.525083829051426,7.932480801851141,472.32799093687805,17.7914629297043,12.939216159854379,4.85224676984992,110.01460337314319,16.7540380080591,18.7540380080591,1.6114500052444627,31.301462385155375,52.345728214630014,6.666910974925519,667.4991009456235,677.0685285923142,7,0
Granite-Gneiss,Fractured,Bare Ground,12.359187871136276,714.8171920350221,576.3956107052713,1537.3328875838931,62.69115290934197,8,25,0.7220668312047986,1,546.6567092154446,4.7456320905711005,9.089346619543559,888.624073602775,24.19673513449803,10.64909814759184,13.547636986906191,135.41971613089262,13.806737874220271,17.72371653212881,1.223282711989743,23.479964336870978,37.77900552918999,7.051270095799811,711.037014313366,724.47201838435,12,0
Granite-Gneiss,Fractured,Built Area,94.04838401447441,844.0590763421017,557.6160125195473,1384.1482824835884,79.2579440243123,6,34,0.7483787964148525,2,475.146032729116,7.828691423311791,8.561637845739682,160.91611922374838,19.02653751390638,13.054249143799975,5.972288370106405,114.0787765994238,9.955847037706604,14.815142056589838,1.8269718489056224,17.003016697184197,37.182360805710964,7.628845771766149,759.1852990236397,760.1937907432763,7,0
Granite-Gneiss,Fractured,Bare Ground,12.3686927606024,753.6975679513929,626.9232909703127,1506.7457731976615,73.51908369474037,9,24,0.6620986047815698,1,400.69800712434477,5.955303150173731,9.205587960780043,337.5821815407147,16.355731392316194,13.34324823566081,3.0124831566553834,119.74611132449058,8.571330799162176,17.65014018954513,1.9384802490477513,30.974701280872168,35.62468874720621,7.830220800064747,765.9065161812107,770.1149252446713,7,0
Granite-Gneiss,Fractured,Crops,20.205652260074743,787.283074104256,626.8053177090246,1582.4810043239804,115.62628957792568,6,21,0.6949459852108261,2,538.6020354783484,4.976957580523369,9.476269172528346,1197.7515276819852,16.681013073674155,12.964302208340202,3.716710865333953,105.67877956276008,14.628397166352391,20.58329303740506,1.3567406474787873,22.891898714751562,51.33574666526278,7.342157580809412,615.755924441007,614.2328066310413,7,0
Granite-Gneiss,Fractured,Built Area,86.3466914730023,981.1478142581416,645.0959312560038,1268.2843476235348,130.90312166271997,9,26,0.660424307674253,1,474.1742013014705,7.399717968822685,7.232472439499996,2197.415867477894,17.491891164390303,15.251952173354873,2.23993899103543,111.25830803467692,11.063460866734916,19.262872301304206,2.281401834730028,32.258839058501565,51.03037216644258,7.513634348094352,721.8340143956295,735.4554580224209,4,0
Granite-Gneiss,Fractured,Water,0.0,874.1754007136831,535.2620231853746,1448.2447585598147,68.32312563260581,7,31,0.7948186016625023,3,453.33009807782815,3.1696240621607163,7.866131043408583,1320.0491736658541,22.440783654043592,12.33956153553097,10.101222118512622,106.12131261255885,19.018716999877938,24.154191961496796,1.9984755343087972,25.369495037531692,35.63555707678248,7.25042698830287,643.4782347590711,674.2328784665982,1,0
Granite-Gneiss,Fractured,Built Area,91.88229891854368,703.9367209228681,661.6780931623612,1531.3405116178806,92.74379112958391,8,25,0.7631824695257526,1,471.80007284244687,7.303807473292256,12.162497287918878,252.56354472134612,18.690225522794965,12.465499269998837,6.224726252796128,132.72891924591917,14.805452502915832,21.206951462590766,1.4625713795415356,19.38591469970853,38.45469944564377,7.764891864118215,674.9336037438286,712.2008297534641,7,0
Granite-Gneiss,Fractured,Built Area,73.62924802427159,831.8108520824735,717.9207335932879,1235.5234539351395,80.27166162659397,6,28,0.6601144017126556,1,464.7036473478049,0.9178055906662914,8.985132489804371,1053.853029771368,21.842317863541215,15.067389859719576,6.774928003821639,117.34620719801457,12.381142181507427,14.381142181507427,0.7125896516612,17.829060676412553,38.24482123782216,7.483205058114088,675.4999143873423,651.2034502128474,3,0
Granite-Gneiss,Fractured,Bare Ground,5.491876615153197,948.893817431336,500.6521550598097,1443.927649971201,69.32250033863491,5,36,0.6709932694981235,2,404.8106595970114,4.312673984591804,7.890342312293922,2982.3178620319723,19.628494387552703,16.89832922938998,2.7301651581627233,111.7339405253853,17.24431746499973,19.24431746499973,1.1877826252878547,22.6128221994894,38.484262964905554,6.891088716043899,692.1849959305761,713.470723084502,12,0
Granite-Gneiss,Fractured,Trees,5.972203675545174,700.4768319911838,676.153565718225,1451.798976149723,70.44797219955787,8,22,0.7895119056701069,3,417.02640931266114,4.721831142530289,8.257643076539406,142.33857820770092,18.176393142264008,11.632190875782397,6.54420226648161,88.9647524947078,17.97945011432461,19.97945011432461,2.049669017698412,26.903903709347098,48.82207333435061,7.038961430109911,755.1116072332791,762.910254471773,8,1
Granite-Gneiss,Fractured,Trees,16.665088988157052,853.4423797523027,644.8644959826038,1327.358670722777,56.02894588108342,4,20,0.7793828507986733,2,439.3669287630197,0.6483654542221613,12.80051582292592,80.80305996663452,19.401199562434872,15.638364160279485,3.762835402155387,117.47211608259585,17.365006445361786,19.365006445361786,1.6492792460806522,22.11066287581053,45.62957803398137,7.686647256893617,692.065608711748,682.816654822881,3,0
Granite-Gneiss,Fractured,Built Area,77.63777606371943,880.8790171035248,725.5208803734257,1373.4378465611062,109.67251062950622,5,27,0.6715407613051678,1,512.3034595912969,5.594985769685672,12.321426203843167,888.5571058277753,20.590656575887422,11.354958531040017,9.235698044847405,114.63187308705923,12.61842378330683,14.61842378330683,1.9927871236235375,17.862755052826582,48.56516344187048,7.297372783661169,617.636901315002,574.5171884684694,11,0
Granite-Gneiss,Fractured,Crops,13.852275905955624,875.3584960364934,710.6692089873179,1527.139697867853,85.09860376543286,8,33,0.6666254589966552,2,497.15728994316623,2.69330432613458,6.487990657742096,2339.549923091171,20.547353146894253,11.50913472132904,9.038218425565212,95.14606210012785,16.153220842544258,18.153220842544258,2.2543996033026352,23.871160706915035,44.77938830915337,6.64877624894598,602.5083966385301,592.0127959566148,10,0
Granite-Gneiss,Fractured,Trees,23.16980441633746,912.3463512267341,517.8590975413106,1266.8120036042224,52.18914853104494,6,29,0.6339542789727346,3,428.2926748655424,0.7345934265051648,10.218146025175372,1335.5476565248423,18.253660942236,11.697235484117051,6.556425458118948,106.52275958149751,12.561597762583842,14.561597762583842,2.3268739917202117,33.401769219046955,47.216786807596364,7.673002644903852,670.588452865526,663.0018816080782,7,0
Granite-Gneiss,Fractured,Built Area,76.77877820701836,785.2743144060637,548.1867358854337,1590.9857110199296,98.13288882912285,7,28,0.6119374442516341,3,523.3767618442259,3.0872983553872393,7.727676388989605,475.0684424115871,19.48711614397618,11.168470403366419,8.318645740609762,124.01872342438145,12.838822517044523,18.739169975676127,2.110523316122386,27.70438607323972,40.05380346042056,7.498432039519088,737.2324913625355,782.2822315880956,12,0
Granite-Gneiss,Fractured,Built Area,84.13246877900576,925.6895284488569,746.4704340727301,1367.9388414480736,56.66646855400693,4,26,0.7094073415340982,3,479.9857613327742,6.61994592581961,12.116707906573438,339.0029936465319,22.29747826225064,11.332692885818204,10.964785376432435,102.69103305832422,10.197825264255691,12.197825264255691,1.0469735579011914,19.132213281321434,45.26007477073839,7.1662290494444925,700.8433857882212,656.9189345149999,11,0
Granite-Gneiss,Fractured,Bare Ground,11.411650425267258,939.6323589281042,756.4225219125292,1463.2486865063756,128.25976574890532,8,28,0.661994397316656,3,408.13761999853256,1.0751741962834416,10.834898088660418,656.6695125549115,18.622792502788,13.14708320406325,5.475709298724748,112.47998836113433,16.68791173257476,18.68791173257476,2.464097009379919,19.16901806719993,44.642518230297824,7.016288835412392,731.3834029960107,785.5454476887456,1,0
Granite-Gneiss,Fractured,Bare Ground,10.838819907185627,865.5082994536704,709.0797253065141,1448.0255807311307,62.27485607266579,5,29,0.6224703684348215,1,496.1936983001402,2.949875419237755,12.942150946956032,1666.0475892437742,20.487892699242927,11.451680619325268,9.036212079917659,107.9579106441099,15.007546317701186,17.007546317701184,1.9657027220223937,27.576880862196028,39.61774348653156,6.5519559661019136,749.8425380536249,712.3697833786744,12,0
Granite-Gneiss,Fractured,Bare Ground,12.421124882732585,994.7872145710221,647.4609898755442,1295.3503381095998,59.903105520491586,4,35,0.7170546060609982,2,548.1491781648072,1.1967249019215398,8.321156145895102,82.44754078565063,25.127639977949578,15.444246880377172,9.683393097572406,115.99913312312566,8.901432313552744,15.818778739589606,1.272855403151265,33.54221456620381,50.24588140287147,6.949324603304958,622.7480957176479,666.0410330474014,3,0
Granite-Gneiss,Fractured,Built Area,91.83395425024428,974.1128811103622,783.2726941289069,1423.763887324556,64.83706660141101,3,33,0.7469989364357977,1,576.3957044939575,5.155665565231927,6.5263396851149515,279.49337172075195,21.62671379355265,14.98841812691942,6.63829566663323,123.22749538735567,17.04205684293738,19.04205684293738,1.8000791484831409,33.477176811354894,54.62271293310665,6.632754894900665,683.613137729498,695.6200169455188,7,0
Granite-Gneiss,Fractured,Trees,17.33275115932198,795.7946004649375,784.1299980295655,1517.9102213780782,47.37555315352726,6,24,0.7880832313156112,3,460.4431592345799,4.058503259480449,8.941250996524879,600.631054871126,17.557514624372608,14.601275974874076,2.956238649498532,97.3176686986313,15.37879537840904,25.10792003351188,1.629516061277922,34.853158458895834,40.04090897448539,7.618913180611974,660.5046251660077,706.3853463187186,11,1
Granite-Gneiss,Fractured,Crops,21.368620407498007,889.7944729453029,719.2043008699228,1478.07513238054,98.79771381088852,9,24,0.6344302009997121,1,490.07679792772115,1.1419230575040968,12.813440326882517,2194.3616700428483,17.85956956550328,10.091077690744125,7.768491874759153,113.91767116412886,14.244951923567923,19.8924247452819,1.6741778647349435,30.53906272401932,35.088477647057246,7.874122782053629,732.7055344648462,737.860601448808,5,0
Granite-Gneiss,Fractured,Trees,16.990640908550976,793.5813564344585,500.5305305046435,1555.5971062285862,111.16058729983398,7,31,0.6139790716475336,2,577.4234470369679,5.513384645539301,6.415131814598208,2215.6523116578314,19.615084966797358,11.670668144276938,7.94441682252042,112.84083894616809,19.894088749365917,21.894088749365917,1.510162319244308,32.134825396107615,46.082354174127616,7.925373893379407,661.6243288204181,677.5879809919568,5,0
Granite-Gneiss,Fractured,Bare Ground,8.891159617874468,946.4573289401212,554.2878872902359,1408.1631866343523,126.97535778406677,8,25,0.68566871967071,1,442.47209396680927,4.849052998502017,6.341716216755889,1313.2208553155774,20.868342642177865,12.053074503139381,8.815268139038483,122.8814037005801,9.179765939849466,14.23796727357095,1.6585241047301464,16.490080460291846,53.34340708726668,6.58681229517453,632.5867948753151,662.870955732662,4,0
Granite-Gneiss,Fractured,Built Area,93.96225347345302,948.0237565899433,774.4679504402916,1488.1423056837896,126.05255363181577,3,30,0.6148298962060122,2,430.4955981619099,7.814732441507805,10.60238193324563,242.55041131848043,20.02637212185837,13.818251886071156,6.208120235787213,109.00070308220928,14.76656190983784,21.157512441691626,1.8929742489659422,31.87271307968914,53.443046061470454,6.50897406384616,703.8282353086116,705.7207776109939,4,0
Granite-Gneiss,Fractured,Built Area,87.18678277025617,824.6640739485711,606.650827478286,1336.4287739305237,88.5074024040466,4,35,0.7155118134155688,3,413.06028119682117,6.812174824628798,11.097925052915596,648.9285702858,16.69067810245253,13.776717634642127,2.913960467810403,109.71432140837378,16.28330211498931,18.28330211498931,1.3090191861659013,33.499511641143314,54.069279241269136,6.722473567061599,646.0498825572139,651.2223139334583,9,0
Granite-Gneiss,Fractured,Built Area,91.33269817736088,939.2619775173257,648.0624633646323,1255.698216587704,99.29751374891741,3,33,0.7217931221298326,2,417.1469843011037,4.6728013592136985,8.682052821321527,2940.271061338106,16.589039472312127,16.31794812571533,0.2710913465967977,112.48411651708491,13.254398436733146,28.995176482609594,2.004742639439724,18.547004803672532,35.501087646601654,7.030859812988911,746.0698574660034,745.3572877381793,10,0
Granite-Gneiss,Fractured,Built Area,80.97928549027093,902.0257770346069,785.321297268918,1499.7996878389056,73.09231239191807,3,37,0.7988753622913851,2,577.6516114338455,7.33344284746785,10.873678771252859,1810.4629962000697,18.784731283417674,13.130547668746733,5.654183614670941,113.05663327990878,13.888885154094359,15.888885154094359,2.398867621739523,30.21266528393504,54.5310735291643,6.762157189345649,648.2206883704522,706.8403391829215,12,0
Granite-Gneiss,Fractured,Built Area,87.50499177317033,881.0040056893928,665.4223731035605,1449.3923457779301,110.78134395606845,4,34,0.77018715455893,3,464.6397564021809,1.3336820505570417,12.1542383830961,2314.6131059729146,17.436658895840772,12.757647408652337,4.6790114871884345,120.4098917411949,15.727628948148052,27.27603138421277,2.0268105808964947,34.62114740820276,39.85590388057155,6.670214506425046,659.7411332118788,674.6699341229238,11,1
Granite-Gneiss,Fractured,Built Area,87.8781728151063,950.8978937895229,567.350819543573,1272.6746841761976,101.3210655472008,8,23,0.755064771814253,2,424.5496812383852,4.642836814619584,9.077456346176117,591.9271008063521,21.066298549550083,13.884966846220463,7.1813317033296205,122.30178286906262,14.579471237207201,22.087429180835667,1.3121290308426667,26.990928289490668,38.55813258589744,7.862359254181197,753.8778980733396,763.066114393668,4,0
Granite-Gneiss,Fractured,Crops,6.533744535439205,735.4049162814111,513.471186430316,1219.6245075728639,109.77148518293538,3,33,0.6117475705390202,2,406.42358545992727,1.2467597088082947,10.225884446811865,570.5418350582227,23.19697628364816,12.58947811773291,10.60749816591525,127.40851906126102,14.507918565768284,17.009582870431675,1.7554121892558392,28.777621787127774,43.37864794026421,7.008262024939425,657.3030221594512,680.2708136357235,9,0
Deccan-Basalt,Weathered,Built Area,77.14036815550024,867.1932047400651,605.9862052896149,1549.2348768831077,126.79555980621008,7,22,0.6447279202122365,2,428.955857006964,3.092428110261322,13.171137220775954,1077.3528999222683,9.64445278148822,7.990596585349978,1.653856196138241,52.15572687081544,18.291689028584862,24.982271747003452,2.2750646848873397,34.9514463826126,51.85899628188237,7.777335520539859,454.21937177051234,466.56551436314476,1,0
Deccan-Basalt,Weathered,Water,0.0,815.2901295383241,711.1882803788052,1544.0490167943947,46.51830559578001,9,21,0.7833924775200207,1,426.32366457105195,5.670371359633345,8.314863924097232,2592.2543295802784,8.06119178999004,5.605756446532821,2.4554353434572196,60.09541915403711,14.288347000273308,22.063722151965717,2.2995875987990315,26.176905974922473,52.068343302659315,7.876105196339422,402.19745640513986,410.29511259224677,1,0
Deccan-Basalt,Weathered,Built Area,78.53861134195218,951.9364806878549,762.2255715315674,1545.4796996054215,82.13666798777642,4,35,0.7035683648257298,2,420.9541506148174,2.613035997992883,11.113683885041127,1053.3058914679605,6.820666664469748,5.653491082068368,1.1671755824013799,66.31677387219388,21.634486971745165,25.555567409682997,1.2449037876473559,17.361114068693794,40.46006540629569,7.13418854284273,399.18290503977465,408.80181695126424,12,1
Deccan-Basalt,Weathered,Crops,19.889588968515554,703.2529630634352,734.2924616148233,1546.8387794995956,89.00182870014687,6,22,0.7345758935778377,1,499.4249901511432,6.173014854566284,9.698263782928283,945.6342419850837,11.088445801909183,4.443270661347189,6.645175140561994,49.14813398966905,23.310340207643677,25.310340207643677,2.0622319799672257,31.850296983935106,53.686580656716075,7.4959411862079905,397.03740931374847,369.29863266016775,2,1
Deccan-Basalt,Weathered,Built Area,71.82164521236903,834.581054211922,557.3636575615046,1476.389158885639,120.82963599943116,6,29,0.6921947669704249,2,519.3344394356155,3.2106432094298167,13.12599912237594,899.7572358381781,11.438533266704068,3.4199226329558985,8.01861063374817,73.19650822163109,18.4930092913453,31.26474042695392,1.1855192482026615,23.5377852354159,35.15176713127322,6.873225907356442,476.3686474682131,471.30986088561434,7,1
Deccan-Basalt,Weathered,Built Area,84.72352429675853,896.9833702845602,726.7745623763537,1247.7642492369039,58.32137783298939,3,31,0.7725755615395543,2,547.1994101930131,1.7891196758461856,11.008417438196783,238.51752148841993,13.72397027413168,6.9002773155529695,6.823692958578711,66.58791744347228,17.1873091905938,29.37864293713959,2.2595223293406765,26.68908852872643,51.91577723195029,7.52727900192509,455.13015009230946,416.0077174920418,1,1
Deccan-Basalt,Weathered,Built Area,83.70037379315492,826.5937105462806,749.4847725584457,1565.501632617233,83.67102443424784,3,30,0.7075863855935987,1,502.0933264176292,2.2477843804751707,6.234153375552066,996.9017767081531,12.545584076440536,6.956808678002359,5.588775398438177,47.90896450348225,20.842221333943776,24.9613211031448,1.47887683762163,15.857803163623478,49.64560196524994,7.5893545380290215,308.3535220526953,317.4499549599869,4,0
Deccan-Basalt,Weathered,Built Area,94.21575320526341,803.5271616369715,605.9335602283531,1287.8325774524612,119.7024615506143,7,26,0.6041150422090189,2,565.758720444441,0.41562371964763667,12.70200593456531,912.0776014872301,9.998555517022066,5.252467311757858,4.746088205264208,61.00678950529441,18.652736915037472,20.652736915037472,1.614151172648808,31.419286114734035,53.96327526016668,7.761222902691804,358.5411878474431,365.0375362751442,7,1
Deccan-Basalt,Weathered,Crops,22.086414416926438,721.5354067088964,574.3344927390588,1332.4497358181234,43.720409991977654,9,26,0.7763743697659394,3,485.0554719885133,7.378096434439654,6.0915090893900405,394.9148068923021,13.76442453329456,7.1567970637557625,6.607627469538798,66.10645504999762,17.2704693997724,22.415715585036036,1.3512022446348013,21.658491835093955,49.32468631773162,7.865993566414417,307.9912544586821,325.84837768444925,4,1
Deccan-Basalt,Weathered,Built Area,75.5824302174367,856.2096762490946,650.1150413986167,1480.2440176628477,61.56426017859648,9,39,0.7018360043667192,1,448.94130339730754,3.4314580151914704,10.321421705545301,43.76997658827823,11.338145016655812,2.5733420109012006,8.764803005754612,59.80618650618203,19.980841459045536,32.57477905402319,1.3688175921171055,23.553702593176652,43.832760453316936,6.866201961346072,440.41219813155533,422.02592502468735,11,1
Deccan-Basalt,Weathered,Built Area,85.41275272914987,871.7179057445258,774.3252965006152,1546.4968696992157,125.44611816413156,9,30,0.7823074324072492,1,438.5219271487741,0.3751053176216441,8.769023921486752,1669.749771497322,9.326346775306737,8.271622066507529,1.054724708799208,61.4892028762474,22.44922152226673,26.55012852665936,0.8059332057527393,34.9165344815101,52.49119949089997,7.86725740080033,467.01090533590013,470.41544792145584,7,0
Deccan-Basalt,Weathered,Rangeland,8.295204786691748,779.6279910012223,763.270326484753,1535.8031416362505,108.53964052017062,7,23,0.6417402051414803,3,507.93327143462653,6.063511352375723,12.132833192189247,1938.3422905137948,6.495608453154683,4.408135550138845,2.087472903015838,58.424531830559665,21.89537734928854,23.89537734928854,1.8823084953157234,22.154457143422192,36.040471218959624,7.3576606513528695,424.7588657771417,393.8582383656705,10,1
Deccan-Basalt,Weathered,Trees,19.6801135132526,706.8168272316873,562.6992253052551,1443.509227124717,52.250263343227445,7,31,0.6412488190524589,1,514.4411169360461,4.610469478762191,11.513171817391296,1909.2179875009008,10.64583313082601,4.624975217292509,6.0208579135335,69.61656746759299,18.236750556313527,27.932705602401093,1.057359328884543,33.30508126463185,38.092442681725075,7.288791560342216,471.99229568359476,506.4369662709708,4,1
Deccan-Basalt,Weathered,Built Area,89.93281160560103,703.5022579377667,717.2555249875102,1227.66853559122,76.2394641721949,9,26,0.7734720732832308,3,456.58944330445587,6.838596398632308,12.545027410376616,2559.371163831345,9.336238520806432,5.721351136877459,3.6148873839289735,62.016265301927845,17.39656660067338,19.926828915026395,3.187680992422213,19.418811010566458,35.7110883020842,7.880809164388024,423.83642531346305,416.67102707607467,8,1
Deccan-Basalt,Weathered,Bare Ground,9.478881557645215,801.2767677077777,535.850253621669,1346.8990880706788,101.92553941497371,9,24,0.7676018290400927,2,497.1256976751644,3.062140386205243,7.623807984103598,1730.5268947400423,10.077159261687358,5.186369994141362,4.890789267545996,59.1187587954966,18.734377243513272,26.08186394901086,1.4458284541766486,29.020892689424983,35.67941162217781,6.54350582546224,397.3975987257978,393.2349363314961,12,1
Deccan-Basalt,Weathered,Water,0.0,924.8216573798818,591.0193821664341,1384.3436899548292,86.49346073868256,9,38,0.6803208709161818,3,416.00083109981927,5.311043040707418,10.238327426610248,934.1764154593161,11.09282360976209,4.727081442810339,6.365742166951752,71.75112200241597,24.405748586669823,27.13203440126991,2.3923381901325724,20.762478114671943,49.87346658400602,7.150385701167672,435.40716863564984,392.42928213781363,3,0
Deccan-Basalt,Weathered,Crops,5.056058143169746,786.8713464624573,760.7613795381246,1327.4857286610084,92.61782815078702,3,37,0.7815219760617538,1,569.970503127758,1.8125102867165053,6.404510471779165,194.00924677139346,8.803033723127783,8.314690684799185,0.4883430383285976,59.89135149760067,23.82340362284749,25.82340362284749,2.0782892074140165,25.563355494510972,46.238593865824676,7.3462992706205,464.3004985425379,429.9929494639604,7,1
Deccan-Basalt,Weathered,Trees,23.148067425705733,915.3889301551222,554.2264603530118,1525.8054117639322,136.5516267868567,6,21,0.7465763383333798,3,446.2317070640038,5.655824688598288,8.453187602069516,1694.6632287602674,13.916023941167333,3.5031031887579713,10.412920752409363,61.5056124241706,21.939468784080212,27.42608149412487,2.3346085588127474,31.0129696964469,50.291776351231555,6.84572667250654,438.1479537005547,404.59758204944666,9,1
Deccan-Basalt,Weathered,Built Area,87.88623354593517,772.0273338889544,786.6523047964657,1461.3833652153485,71.16908506807422,5,26,0.6981686084701022,2,429.752154251067,4.209132159999,9.82702173226894,2010.0470642346402,14.871063956539219,6.91949645732649,7.951567499212729,75.88250161498355,25.217366375582674,27.217366375582674,1.087319336747617,29.29250459503476,42.1843806736111,6.980389599586069,342.1095484431148,321.0702316838603,8,1
Deccan-Basalt,Weathered,Rangeland,9.71501483402801,718.2570271450151,774.8857456533818,1578.8422168928196,60.16767153528481,5,21,0.7182720510706933,2,519.0385866413269,0.4859719569282719,9.68139399309418,2611.0669499853343,13.033142400524195,7.682710083750531,5.350432316773664,63.13544183679696,19.140489362678938,26.63660196652514,1.914510894980909,34.244480061381125,46.40597563437997,7.918565991640192,438.179139596875,385.70197587195634,9,1
Deccan-Basalt,Weathered,Rangeland,11.580450752532188,735.2311007820749,599.8043458451292,1414.9137879998575,88.53186119958832,3,22,0.7618815814044413,3,594.2375708060451,5.511737537862209,9.114247074387215,1647.6739615458364,10.021148329063806,4.483697668111104,5.537450660952702,78.55769261222522,14.190231087034693,26.73576743798209,1.9149578393726907,17.53151837236349,44.008750307490004,7.216826477063218,401.56705751948795,420.09014255218636,11,0
Deccan-Basalt,Weathered,Built Area,71.10228218427146,848.4151923025066,776.4240630877719,1239.8628001239365,111.63778305166875,4,36,0.739331735946204,2,468.2823801479168,1.5420928756951948,7.4185590185905435,1237.4930829559228,10.063715617445395,5.119293685183387,4.944421932262007,61.89017163939646,21.027252163549978,26.138937731852476,2.27158570988386,27.672544524314315,37.82109735826617,7.20427718617184,380.4380359560451,413.16395970497865,6,1
Deccan-Basalt,Weathered,Crops,21.208632322367112,827.0150869143702,684.0784814004983,1421.8039265204234,89.42624980999658,4,34,0.6776084243705016,2,494.1278969816459,7.496640751779037,9.162473194831728,854.399813964587,10.522481030666,7.194247202807659,3.328233827858341,66.52541733494462,15.514340538976608,24.569598724882187,2.730741411051626,31.874145217083186,47.265068098746454,7.156675465366098,408.0444822899683,419.1030894913362,10,1
Deccan-Basalt,Weathered,Bare Ground,9.15871939760442,750.7145169924706,667.8665928910349,1312.511228378348,55.021175739642544,3,28,0.6365467898504812,1,587.1023220530658,1.392329714848752,9.399363413979032,433.5070802013076,9.780701253070607,7.159764187583457,2.6209370654871496,67.83840105102006,20.22426521691828,22.22426521691828,1.931989753986401,19.503199097272844,42.857103468548914,7.173465092801902,445.5313379364759,454.4085867036044,4,0
Deccan-Basalt,Weathered,Built Area,71.06264056422798,874.2363348329699,601.200503293861,1345.1876082672509,54.87492496644741,7,36,0.7426980586003246,1,551.9285259942205,5.595561690538704,12.481944043445584,80.5654376754904,13.262122148228233,4.623914111077539,8.638208037150694,64.39154015406395,14.681474823757803,34.31129347265169,2.2064812293174683,18.72262076539943,40.91164370369158,6.755530509499574,410.2966351512525,435.7769751696554,4,1
Deccan-Basalt,Weathered,Crops,14.679943046281267,845.3988170494259,629.4091983776855,1361.43589400556,123.06800362040191,6,22,0.62543173916102,3,570.6674388341021,0.3466249918767481,12.270857523796309,690.7224878938409,11.276702259381285,5.347354172914808,5.929348086466477,69.71164519021241,18.016583273691882,34.35436913501934,2.427839904628254,30.77436693782913,46.25905859828089,6.902438873890392,428.20797642743054,451.1750121217312,3,1
Deccan-Basalt,Weathered,Built Area,87.25115842022426,743.5000315734053,791.8683556500407,1542.8994540979588,44.37338937763158,8,29,0.6185739491762826,1,438.5673556061025,4.514281121102447,8.63205160008501,735.6659187946232,11.015973706270383,5.50691338692378,5.509060319346603,81.6096831332897,24.623701444887594,30.59901137970877,1.9200600805062586,32.45227863533598,36.517193908594756,6.958878794403011,366.38026129440317,352.7615964235327,4,1
Deccan-Basalt,Weathered,Built Area,80.08170030595898,818.7509040510033,513.1907943404647,1336.9419156426775,118.66049868340693,9,39,0.6671257081478268,3,484.28453881305705,7.664255667827564,6.993814009916184,447.8250594237487,9.7873014713765,5.481046769822239,4.306254701554261,69.46372591928747,18.32215871897098,20.32215871897098,2.2652244032601074,29.276446917296646,36.79584124725457,7.3062223037478455,399.8582061541722,439.84889297102706,3,1
Deccan-Basalt,Weathered,Built Area,80.17140472183435,915.3104464915909,697.480949498148,1214.4515196345442,100.96457814367282,9,26,0.6424987266703334,3,484.31356004895616,4.964867153310946,12.686416529430108,2769.67274059238,7.577819746962993,4.623939847810811,2.9538798991521817,90.19406098512054,17.641779774240383,25.96077269997454,1.8310530344040883,19.98978362228565,38.6166322299351,6.542494423711279,409.84837397660544,441.7042311614417,2,1
Deccan-Basalt,Weathered,Trees,21.047332048035855,714.5135631243827,527.8922553161825,1276.316656862659,72.47125494286797,4,38,0.6814903622488218,1,488.1732860903462,6.421775710118945,8.387278462847068,976.5279162179003,9.84088994953949,4.61860313411004,5.22228681542945,62.74259889171194,17.311015406230812,21.645136864503886,2.15228904019259,29.330699961737103,37.42024887650503,7.443078192097037,424.92934408948287,454.601003210737,8,0
Deccan-Basalt,Weathered,Built Area,72.16897035832169,716.9756314479807,518.0170028923335,1567.4574418449247,73.56043530118296,5,20,0.7626925148029615,3,423.93066646980014,1.41682128588364,8.185465317787937,1704.622875058305,12.909752722676988,4.4048804199002145,8.504872302776773,74.40800641671412,24.009562860960642,26.009562860960642,1.7826962855971609,34.77591437500191,49.568907014487394,6.973412408849307,348.2449678706389,298.9276560812573,7,0
Deccan-Basalt,Weathered,Built Area,72.63090812859619,946.697303025776,646.276192550938,1328.8588024015812,106.93373202546023,5,33,0.7735707446582152,2,413.2198048666735,5.6227683998749605,10.234345456537694,2945.3946831918533,12.206740885032623,8.085276791091859,4.121464093940764,75.30486635011572,19.462209715932932,25.924843704157123,2.2973867000937918,28.911110740556772,51.819666946942824,7.351125768757175,340.34552425659615,327.4923504820615,3,1
Deccan-Basalt,Weathered,Trees,22.023821224912524,823.1282663296149,662.2133976080266,1305.6250953387116,60.836903180080625,4,29,0.65515669462822,1,413.0976309825349,1.059126843092173,7.48996500459707,1790.1398569113717,11.385401342471306,4.150013929011216,7.23538741346009,57.236406036620636,18.575557207986275,21.667133772961304,2.1831760859362404,31.605198904044553,46.43321043989556,6.901769322397852,376.9121665099637,379.9652500338772,10,1
Deccan-Basalt,Weathered,Trees,24.538363434974983,732.0879745373034,653.5413125675691,1480.0873443523085,68.33077194099128,3,39,0.7546481816994683,1,457.7021600032582,4.2638231630344405,13.370424724803797,947.9635342273777,11.214478112727807,7.8693824332833,3.3450956794445075,80.18397960375117,19.914139055460936,21.914139055460936,2.0264648308558804,21.773254085007796,44.177562580741835,6.700022982372463,497.5658384690812,479.73331815719666,5,0
Deccan-Basalt,Weathered,Built Area,93.04348126762989,816.9742987965249,565.3046005520572,1297.0350289690462,50.92449915283063,6,23,0.6143573565236458,1,442.39967336040814,2.5417284184909983,11.553740390989034,847.3233478641937,7.417076149470468,8.420868783481591,0.0,65.9486146703777,20.253891020292794,24.862817141104152,2.021613012672563,30.493018861998042,38.18503113782087,7.181458172081961,435.55848309337557,438.7604634705287,9,0
Deccan-Basalt,Weathered,Bare Ground,9.567126268365445,982.082891182059,578.7546870798961,1526.7108064563054,67.56189275857248,7,33,0.7293919065031554,1,495.9932453210844,2.850008669667785,11.621646046315895,1504.764861038643,7.126206369048022,9.321324816850485,0.0,71.48487265823505,16.03952568644181,21.307422116545826,3.0011131426968918,24.180260909815168,43.60141393969304,7.53361643769796,351.70700870122994,300.5489529561961,2,1
Deccan-Basalt,Weathered,Bare Ground,11.316676187706221,940.4372836901492,565.5460480880897,1583.6201064383313,92.72410794096969,6,24,0.7685785150158169,1,567.4897746974898,2.626520097970884,12.683049839835977,2838.264639844469,12.245539560327567,5.753494026413112,6.492045533914455,77.18089115789085,22.47034183179794,27.919476825235147,1.7261970874198476,34.477620926365034,44.801952363084155,7.630814919982424,411.1227595977203,419.5482368218388,2,1
Deccan-Basalt,Weathered,Built Area,82.45293545971808,756.0385035734226,513.2035384628731,1286.168786551103,99.40358854956857,9,22,0.7948471679261688,2,585.4483368765493,1.3504569271153661,10.797399475577652,2343.921086007513,11.33418870465114,5.321707814751936,6.012480889899204,75.17607582850357,22.51174385905467,24.51174385905467,1.6675688732920908,17.174053126619814,40.87574935087031,6.77366017584138,386.65701729639363,392.6656334517563,1,1
Deccan-Basalt,Weathered,Rangeland,13.48395893947034,741.515291996771,602.1728578722997,1292.4960635681473,94.01284723782994,8,30,0.6939487172776815,2,519.2532866815934,5.227666756715092,6.076334437845583,2728.800747710522,12.042033326120649,4.8555802995457125,7.186453026574936,57.160205905945816,18.00162225665538,25.302774353330932,2.6892429699112466,16.416785156926444,52.88080575805719,7.928519379239161,200.0,202.7516183317639,12,1
Deccan-Basalt,Weathered,Bare Ground,8.080219340305739,815.1623728549745,557.193250990651,1503.5621147676807,102.29165927599328,3,31,0.7333740572752634,3,542.4033086415741,2.575062930756779,12.958223824179726,607.7089460851925,14.461388649464102,4.85791179073909,9.603476858725012,67.07811626804289,20.29178737156387,29.927693830313267,2.5668876428416842,26.8276717999017,46.34919843093962,7.650239828442845,463.41058275861684,483.9073948682199,11,1
Deccan-Basalt,Weathered,Bare Ground,14.376293951040514,752.616359950379,775.4715444059174,1254.0066349405652,95.03490758202595,3,23,0.6201231484580612,3,407.5277316431602,3.9876120052965733,13.96859321120629,23.079996531750112,9.57277105051209,7.138119371134135,2.4346516793779553,66.17067265663022,19.297890882093967,21.297890882093967,2.20141867535015,15.90839250883951,53.80164094719106,7.893716868216824,401.7392114406457,391.4984824401614,12,1
Deccan-Basalt,Weathered,Crops,20.688980905499825,977.055573341501,668.3128270731708,1519.7387850028017,81.13244747347504,5,37,0.6983637032380825,3,545.4527066152144,4.060770307880803,9.937877230625773,2355.0412238979948,10.45073341204974,7.308863448327116,3.1418699637226233,86.10943508032432,22.768014885428563,24.768014885428563,2.0421759092304566,28.073999851691696,40.51251780578616,7.789949655534849,467.59140322017277,472.4487787040005,3,0
Deccan-Basalt,Weathered,Trees,9.576015522425838,886.4698286209127,689.988126916637,1402.7157147663688,77.95425937139454,6,26,0.6847188979670062,2,560.7300894053249,5.328005680453221,9.253687957843884,568.4756327419562,15.512411991980748,5.821134332637862,9.691277659342887,80.44088083978903,16.33997637405489,25.077845049561883,1.5490031713158725,27.127051300608183,48.653228999604224,6.70341531280163,341.28914445181124,367.30447199770526,10,0
Deccan-Basalt,Weathered,Bare Ground,13.825566115858571,868.7356279032628,729.6173024513768,1267.6060012109315,126.10882812163175,9,38,0.7985373342423449,1,410.91669129947746,7.080193880526027,13.816030033591279,2530.2139631378377,9.329767851003115,6.323063346830156,3.0067045041729594,77.41407889841095,19.22075952076053,26.72220677679269,2.1598547472766345,22.84954359546019,47.877242290755,6.723148627472408,363.54727631643607,382.595369707549,3,0
Deccan-Basalt,Weathered,Built Area,75.10426356850752,915.0323963065948,774.7212750006179,1405.8518314989938,78.20400968790825,7,33,0.749565650651428,3,582.7910720484426,4.068272257591402,13.538144386361546,1187.5449401743483,11.982619147263865,6.672232621576938,5.310386525686927,72.01405764862275,20.923783111428108,23.659615365549627,2.7754199528458647,22.353388910476575,49.400968610394756,7.962842136944352,403.91131505672905,386.7073749517149,8,1
Granite-Gneiss,Fractured,Crops,21.36547104377772,996.5729324231917,625.8489368701491,1395.7140267121754,117.47446912834421,8,21,0.7334740000400868,2,558.5119378886629,6.322108584219879,12.776194849657674,1478.2463373765686,17.48188953510132,5.602888454468623,11.879001080632698,100.42892811615071,14.444710880550472,17.386529198027354,1.8969149927607074,34.075277271634036,54.19500821472283,7.1437105359244555,643.0222896712628,637.3154326919866,5,1
Granite-Gneiss,Fractured,Rangeland,11.447856637686865,717.070460066688,666.6755123212162,1490.1559610801005,40.03372249610083,7,20,0.6947225667438276,2,472.6825232512126,3.3291270062666216,10.697294452064028,724.4302854009567,17.408205042120315,9.607061270032014,7.801143772088301,94.76094131416531,12.444753317519828,22.672721375491083,2.1963642632135727,32.459409488279405,48.37820192488286,6.633614575600117,652.4198618459828,655.7511075014419,10,0
Granite-Gneiss,Fractured,Water,0.0,969.0003655295516,682.592277249847,1340.8397024335352,107.96444422559465,9,32,0.7177641631914936,3,477.63812185641325,7.5957801624198105,8.599227594900038,2383.8053775780813,17.837598595914436,10.9885261452228,6.8490724506916365,100.15274015158317,13.42425985958565,22.33843622471892,2.528922475217865,34.490028676749105,39.494057093191934,7.56669707907778,609.9643181267735,641.2552655420689,9,1
Granite-Gneiss,Fractured,Built Area,73.17293247809273,987.3070514324659,697.3408467090518,1471.750268347919,74.45475040629884,3,21,0.7088696296574941,2,411.6955943767125,5.829366311350261,7.219535463973221,1960.7942891754456,18.384680848928284,10.782299783280331,7.602381065647952,103.07946551888898,13.947640634379617,15.947640634379617,1.96725734306627,31.660654978306923,35.877535450484515,7.624090373164815,705.5671075303151,701.5835116652636,5,0
Granite-Gneiss,Fractured,Bare Ground,12.906789598789683,761.464991091905,560.59686534243,1441.0195427118076,109.874578482695,8,34,0.7435815484777111,1,537.0663079290304,3.3309144334460132,8.38039303169109,1547.9644135374592,16.833589946654758,8.02825653759525,8.805333409059507,88.56388662309503,18.5020058865678,21.86906995578991,1.5158879371676575,27.277143279155588,54.92349134843082,7.304762412307,618.1238708292865,628.3260900044194,11,1
Granite-Gneiss,Fractured,Built Area,74.55700974516235,749.2006917346392,769.0501776418946,1301.7516432330608,81.02954188992655,4,34,0.6524391538110054,1,431.0391211979233,6.480194711472316,9.938184890151339,978.0975477008386,14.863163702078655,9.920415095976196,4.942748606102459,82.28242317350313,15.031828339869852,17.031828339869854,2.2005323387356728,27.681043556198127,54.51000595958335,7.905211418674532,726.8848385512209,728.309085932372,6,0
Granite-Gneiss,Fractured,Built Area,84.29228826065037,878.5030100577658,631.7142599020503,1527.4652814214296,61.83450131165774,4,35,0.6975720090185193,1,545.4746237424471,3.480915144905839,10.42543518524711,824.1447685127399,20.576821574405244,8.599854803395273,11.976966771009971,112.0989032545502,18.12305270401391,20.29586978648375,2.3377202094941985,22.08133310819521,48.88102670767495,7.724554726128806,640.8905084746624,651.7406678158771,12,0
Granite-Gneiss,Fractured,Crops,16.002412078916826,837.7957919561472,669.92649204627,1539.064823224334,49.41130641516494,7,38,0.6339598819939337,1,467.81803460803116,1.539227042715427,11.604043461801957,16.244826918896777,17.87455773554915,9.33620807619677,8.538349659352379,96.40369853740205,19.046461037102517,24.567514261063543,1.8337161188088056,20.22585501680702,49.746362272615386,6.537691688447459,606.7904536576174,646.4174094080748,7,1
Granite-Gneiss,Fractured,Trees,17.410528830285173,931.7198991062721,773.3716500521123,1510.6769837913052,102.65987319839297,3,25,0.6901373093712706,1,449.6430433037141,0.3243230900250609,10.418807767830595,2523.3261391767205,14.065231151275315,9.34524757461995,4.719983576655364,109.68863902091739,14.23705700830003,20.82036956962482,2.959691957927387,15.062067319115686,36.56251276281944,7.208951812328347,648.469137245769,698.196179259338,3,1
Granite-Gneiss,Fractured,Crops,12.618210554526128,825.8552123569743,682.0760199129162,1437.7754279432604,44.92974045273173,6,28,0.6775976362451162,2,519.5922208006137,5.951478921974975,8.74797415855532,2656.382867182616,19.693034567988267,9.217098173265969,10.475936394722298,99.36889632142694,18.24850614276524,23.422290960698,2.606286155598017,23.941526348084828,38.45877204295211,6.563351457013117,691.4430121861473,688.1932092877191,10,1
Granite-Gneiss,Fractured,Trees,8.28187772123168,888.5546742037101,785.1267164900978,1435.3396778694826,96.00214677874924,4,33,0.6418509920060157,2,505.56182690509075,7.161687003302363,13.732734255831225,2534.1762551390343,16.193227903478,9.918540039812493,6.274687863665507,114.35582685688203,12.37314916403195,17.88339038888406,2.082794303571034,33.51743433687098,52.67135078776685,6.897026320297551,634.4261775108167,632.1657299362126,7,0
Granite-Gneiss,Fractured,Built Area,85.04852726287018,701.4311207234452,782.4952647763453,1487.7717648769546,64.527531469307,5,34,0.7478576224599112,1,511.4752298809942,1.4354061724050178,12.790341316548417,570.0317564795558,9.621726988395487,10.298917377525504,0.0,92.40344268667974,14.854927884051307,22.888035050545614,2.6259056994943966,28.480537897078356,54.604153331702825,7.7876008104260706,670.2231659655977,660.844224973511,4,0
Granite-Gneiss,Fractured,Built Area,94.43285939890745,925.0490251961542,594.5687845320687,1394.6147146103394,46.97636333864347,4,32,0.6334594729133534,3,413.1812420815509,2.787843774723454,13.717664480153774,649.529834312966,16.83197895643006,9.205234450361809,7.626744506068251,93.1950251645633,15.381281964369348,17.38128196436935,2.761544146404664,22.214209806802195,47.657927149406945,7.698883800676356,716.0179035877015,741.9632795633847,3,1
Granite-Gneiss,Fractured,Crops,20.32227387207729,786.3408731685732,716.2542389183343,1315.6432272090894,114.72207261999012,7,39,0.7454535680213795,2,402.03810768736446,4.75313700013117,7.480693761145025,958.4412114283587,18.534032702403618,11.325562285800396,7.208470416603221,64.97238035865642,19.37051615535473,21.37051615535473,1.9354126424085951,30.519336916916764,45.87906951817983,7.046964012629615,576.948031383835,578.8016558982853,1,1
Granite-Gneiss,Fractured,Water,0.0,872.5935860387985,595.8287024501619,1493.42389164093,90.62339518963546,6,24,0.733827536529829,2,501.86120505760107,6.278547613188217,12.563723983690293,360.01861938284924,15.311504143361004,13.275008273553386,2.0364958698076183,84.6533772732657,13.249656347632266,21.21795796219823,1.7057192444158857,27.12276366698452,41.746965515874024,7.24084442483446,675.0253140102552,685.3888195612417,11,1
Granite-Gneiss,Fractured,Trees,8.438141907173426,844.8895644397146,730.2427432659644,1286.0127368338487,87.4415253059579,3,39,0.6926928697787486,3,492.1028762745824,7.10015952501876,7.68854432002604,481.8778853503295,16.458319574034874,11.672437281320612,4.785882292714263,91.04949645843881,17.75044779973995,20.413742936696867,2.360968577000234,34.9598837599225,52.32947966813934,6.97726359049843,617.739104975891,647.3140453523085,4,1
Granite-Gneiss,Fractured,Trees,21.301648717867618,809.3435187175878,778.6676134039967,1336.9431280965441,77.52869860128415,5,27,0.7947789669879166,1,416.2829651733881,6.280799345446119,6.880297376013942,2487.1077402038677,18.046299232575954,11.50307666249688,6.543222570079074,99.73284949956012,13.637066018788389,15.843808735504782,2.786328216332314,19.27235527111882,40.63545322288669,7.567490078390657,720.4532172817926,738.510009951645,1,0
Granite-Gneiss,Fractured,Trees,14.888551167986071,720.6225597353751,612.7646200176323,1365.9994025179558,89.24014988600797,5,39,0.6934852984757602,1,501.2670051298413,5.27490036418941,10.739433618096967,2985.435365179121,15.86305772222903,10.309014101342884,5.554043620886146,99.44085001962922,18.883591748886303,20.883591748886303,2.4198202563360467,19.47746485411772,36.82443858910204,7.45447366862105,707.7998879146404,732.9601889318684,8,0
Granite-Gneiss,Fractured,Trees,6.637906070506103,817.2665021486048,708.5405104672718,1468.1662894817869,52.935151741134874,3,33,0.653470719616465,1,409.34662584952486,7.238106314867441,8.310036731443928,1669.8505093100114,13.715224548533001,11.588795984206799,2.1264285643262024,102.45752221659876,11.902093358391927,19.249945860067285,2.184823691006694,18.65671470369556,46.329715990601,6.5613521339384775,667.5613463635208,632.7357097349073,11,0
Granite-Gneiss,Fractured,Built Area,79.06868880951284,805.286780430521,677.2384415407719,1421.8307929734217,56.87040088191661,7,39,0.6189234945951725,1,532.1989189182827,3.8266147923775327,7.168936227688556,1226.8242279062604,17.268033533444285,9.857726672452268,7.4103068609920175,88.6784669804892,21.246344897545995,23.246344897545995,1.8756077996300002,33.98163257265848,40.7441775690796,7.027484739527545,703.0977770877539,719.3364546990954,6,0
Granite-Gneiss,Fractured,Built Area,74.91096977296583,747.9610995047528,557.78759898889,1247.8353979459653,80.8757221559366,6,38,0.7736577337507343,3,432.8174179625771,2.365702517746782,12.428195031810537,28.05426040912088,16.217524083799706,12.584510387664022,3.6330136961356843,97.48232929458459,20.56330513977967,22.56330513977967,1.9809936833360895,25.971484269956363,35.1558864206927,7.81954125352567,717.630703438406,689.8032224992074,10,1
Granite-Gneiss,Fractured,Built Area,83.84172908092269,733.0834517113994,537.0869355528613,1235.8947722844891,58.794662692361456,4,23,0.6881624707923801,2,480.96175560828397,6.2280597046618915,8.374609105567998,1162.995824473277,13.871403420901169,9.880461754060532,3.9909416668406372,91.58908986611925,17.06358999045438,19.06358999045438,2.190262975220555,31.04740172684008,35.59930105499198,6.8469869111729205,696.1744125200809,686.8243261768536,3,0
Granite-Gneiss,Fractured,Rangeland,14.468462345308621,741.7889826490764,795.6691307043668,1203.8165943493448,41.787724063944864,4,33,0.6065602950062635,3,409.59474387891123,5.775049401041994,13.676624674830537,1784.1425095363065,17.15898251762936,12.891534879367594,4.267447638261768,93.6591907510805,13.391168211497101,21.367278929021815,3.4170556634587905,30.955385736129166,36.23616835082181,7.637985999639714,754.6388474837975,736.7677974812484,3,0
Granite-Gneiss,Fractured,Bare Ground,9.03896461612998,999.6304484227857,779.3764265687014,1312.5645861423975,103.00627916765721,4,21,0.7413092682606481,1,428.84275441381754,3.150235646009973,11.283361971010297,1026.2604634454578,14.894400342891005,8.427046988563783,6.467353354327223,98.36958022958036,16.80063266868954,18.80063266868954,1.8843305134052046,24.21015854110488,37.51955821373167,7.5221382163493,689.6164370558683,726.9327931614928,12,1
Granite-Gneiss,Fractured,Built Area,89.21731966412838,974.1057442361282,652.2070844240337,1590.539440662246,73.95836866714049,9,34,0.6369121735979633,2,578.9145971265182,4.67779738796678,12.312225964401982,2173.0003049404786,13.423280293897975,10.424893104667056,2.998387189230918,109.6736714057745,15.814680848211284,17.81468084821128,2.714888567319757,29.643144864727162,51.84458914707302,6.503329393976167,690.5726926180105,710.1275364375663,2,0
Granite-Gneiss,Fractured,Crops,7.236968206546612,912.0660347361702,763.4461605319616,1444.649769108244,129.2321210063835,9,20,0.7372698808000206,2,579.9208090984978,3.575262104836826,9.579101611277931,2008.6931348623834,16.77939956074126,8.91856652124921,7.860833039492052,95.95315860655994,10.009806389899438,16.651987973735817,2.1231661253433263,19.153234726244673,41.278397297134845,7.514783499600261,636.8317550798787,628.3116803980939,7,0
Granite-Gneiss,Fractured,Crops,5.414897063132209,958.6365880226995,678.4440244248597,1347.9843272675182,114.66812326573402,9,31,0.6335278944528199,3,572.4309044451522,5.852472230163233,8.936050630259372,1159.3672446890616,18.450194594735372,10.436865261922375,8.013329332812997,103.97394327578937,21.008694740868584,23.008694740868584,1.876864716043193,32.50298298894475,52.65589011962937,7.155396937477626,687.529807490643,660.3646388330483,5,0
Granite-Gneiss,Fractured,Bare Ground,14.039287678875302,857.6152719201624,522.8915858910938,1507.1012322864378,72.9075184688491,3,37,0.6299961413771501,2,569.4830470613254,7.180857779791382,6.2725633003764045,244.5257641063577,23.691412398636924,9.787369426472877,13.904042972164047,101.88264693673145,15.126489204822846,17.126489204822846,2.774184718077789,19.6505209146532,48.77265423569565,7.074657653721074,584.1050449637494,576.3977087029112,4,1
Granite-Gneiss,Fractured,Built Area,86.07718875096236,938.5647941854231,783.5016562127607,1413.6662851110343,104.85300900114706,9,38,0.7500717005162355,3,528.6227401056874,1.1801773505115305,13.958370433723603,719.6442224456733,18.116576180982786,7.001308014246846,11.115268166735941,102.39315638078268,17.913151859897958,25.894484000954748,1.6898426225382452,23.370336302011765,44.943889179374,7.956930501728051,659.9934999650915,696.2898612710546,11,1
Granite-Gneiss,Fractured,Built Area,90.69572549194591,702.3495625263156,686.5816784760441,1435.6339627107482,102.57581267236235,7,33,0.674969072909509,3,593.8857693002589,4.0460241514033175,13.62909113520433,1040.1284112606918,15.835710324305214,9.265167811112159,6.570542513193056,92.26588919961922,15.380739811044366,27.19376173381987,2.34545571840644,31.332643931492438,38.64980444639613,7.694779430667381,721.1386309813505,690.7246002257913,12,0
Granite-Gneiss,Fractured,Crops,5.118535667020783,807.4766567934985,779.0073487575866,1239.0924193245635,91.41927075286452,4,28,0.7634617004824311,1,515.8814442490318,1.870662833241668,6.863484311053841,988.8655818850027,17.116563608411944,8.042289895516072,9.074273712895872,107.86212803075341,9.893806007990737,20.211586115475082,2.175845190133399,23.067026819285402,47.12674954516838,7.054148974842352,739.0853946126228,675.4179225193293,10,0
Granite-Gneiss,Fractured,Built Area,91.99807441014417,723.1077844880318,578.121308830229,1482.3873950656098,86.51756632469798,6,22,0.6058032458470343,2,578.0573492670009,3.7069445477000267,6.046771698459957,983.1977115392286,19.56836897900917,8.303981491467853,11.264387487541315,100.64290266552477,15.155022381032808,25.34575187572547,3.133851867841095,26.081798379277053,42.9391264204432,7.464093608024147,655.4732457319909,640.0809281157547,12,0
Granite-Gneiss,Fractured,Crops,7.254202549561157,868.8678435160073,720.7589191000496,1497.0862107314497,114.05984951491243,4,28,0.6644228252637522,3,544.0325245727994,3.592139346203977,11.535256805799307,1628.5469553923012,18.2225169488556,8.173209852896154,10.049307095959445,95.61507891603335,14.258583716937512,22.55628411000017,1.9425846885625926,28.670117177210628,41.50841594333507,7.750222032974551,677.7705903974993,702.1035998278227,10,0
Granite-Gneiss,Fractured,Crops,23.599163382592593,745.5538696545796,632.5119152156238,1446.795446255861,49.02830909625886,7,36,0.6284672665101118,1,569.3679198884429,0.28110711166372404,9.851125806206536,85.14679181670144,13.38846028014786,11.814546832707318,1.5739134474405425,105.30448895968922,14.644787204773277,16.644787204773277,2.423646335108437,16.94888849776661,47.13293648453624,6.92698923928479,639.7807666640412,690.0119423659543,8,0
Granite-Gneiss,Fractured,Bare Ground,6.45768987366168,854.2831484219528,577.342687085339,1231.8865941799118,99.18670822103064,4,29,0.6316056416468278,3,424.8621918635228,6.203784858469864,8.743509875922808,1638.0409105579274,13.29241979672812,8.006258427675606,5.286161369052515,87.66089095828711,11.654119207285994,16.231869202555636,1.4495849895624353,15.30622640919875,54.91142467576644,6.521786565515484,613.4740694107027,550.0944924984293,7,0
Granite-Gneiss,Fractured,Built Area,72.05316181240015,757.040691789011,612.6451170177052,1568.1933890853538,89.66347665205909,8,34,0.7608748475244409,2,517.7123509722453,3.289651139977898,11.267488285524832,1093.819097381031,17.789528734031382,10.84249498021937,6.947033753812011,102.70770700241944,15.564728404095897,22.409538135765132,2.173658895161851,34.60594218649422,53.85220338381377,6.881529125242363,699.9412479103809,697.6858430211208,7,1
Granite-Gneiss,Fractured,Bare Ground,6.926212499151657,951.22071987265,660.0864856605622,1366.0093029986974,130.4760996640453,6,29,0.6738027716434716,1,534.7790417243475,4.670342827428995,12.210474674523127,2575.793916539845,17.059967571773008,11.417136043497022,5.642831528275986,94.56877711638195,16.656251988170972,18.656251988170972,1.283908428168043,34.96893429109837,53.08690136729555,7.083858626873681,645.9406411484943,623.5591940767972,3,1
Granite-Gneiss,Fractured,Built Area,81.13466326821775,854.2464492425216,676.9486111070399,1563.2905364770063,74.86301458516341,9,20,0.6014696030887912,3,475.54570226392457,1.1441070130449775,12.177195331844246,12.35596587281124,16.471298437058792,11.387902794867315,5.083395642191476,88.88592847423104,16.781256752863186,22.35707375746197,1.9978093004025201,17.818778071094023,41.58710521774398,6.936627845711415,561.021372967977,542.9201680013849,1,0
Granite-Gneiss,Fractured,Crops,20.42878800538936,985.1635249967662,799.2829495705369,1311.147118880454,136.60653559084435,5,35,0.7231076364878762,3,436.5967096184052,4.023362392645368,9.918795605903451,1120.0906398319175,21.333523539143382,9.965887055994802,11.36763648314858,91.91110445756017,17.924829366224827,19.924829366224827,1.3174740666427813,20.15008378698512,53.983219523396514,7.34905665944784,643.9173379151509,691.222539459238,8,0
Granite-Gneiss,Fractured,Built Area,86.12788874673548,770.6481982359982,576.6759163381312,1286.4082405501892,83.95385893781022,6,25,0.6071199823242875,1,554.7998050520983,7.559251970329968,6.8485609200891435,1099.683467174716,14.978743646601615,5.566620083009994,9.41212356359162,86.6809337492212,17.0352557395357,19.0352557395357,2.4060263874058276,29.906060494720116,50.486610439505704,7.7137105180384395,719.7981485987239,719.1412387197657,2,1
Granite-Gneiss,Fractured,Built Area,78.32329960436377,947.3626211025139,674.7793862318965,1439.7573333091811,59.65579940287311,9,35,0.7986627811920508,3,472.6171110216941,7.565635747734259,8.18523779342415,1247.4434233983786,15.880563185451445,9.284366528247764,6.596196657203681,103.47357138904584,12.886042581925807,25.478173766059083,2.248878991381102,33.24121265964365,46.720846638353585,6.581293389044295,705.708967355297,695.2667769299667,12,0
Granite-Gneiss,Fractured,Built Area,82.22368081131467,717.1774094792056,726.7968562671865,1526.1720144471992,58.959439256293905,3,22,0.6026069515779522,1,532.1432210648752,5.063235699222238,13.895515828738727,2011.8200822577878,18.00158743037562,7.977102530925684,10.024484899449934,94.07101594716423,20.37517978685208,22.37517978685208,2.1212887345397076,30.01841977918703,44.082581030423576,6.541893301407161,642.5384333259941,625.5794656603448,2,0
Granite-Gneiss,Fractured,Bare Ground,6.055837329247687,956.4834340010445,540.7518005656207,1532.9094102614145,118.59167019613787,3,33,0.7540938583247152,2,491.2359059070073,2.3201704332525326,9.048860938785044,897.1928103937852,14.228952979164635,10.526831265035673,3.702121714128962,102.34472425590401,10.340334930239061,19.22282196883374,1.3925682181909607,31.218376357966843,49.10737439218343,6.77272661517131,564.7044012217884,554.6966645454544,11,1
Granite-Gneiss,Fractured,Bare Ground,6.0393238519199235,996.0198796892363,781.6856057979778,1521.3340177559285,61.903636213274964,6,36,0.7284398737465667,3,405.56262362217575,4.324135336959452,11.978235961128584,2059.6220149043575,19.539883750801504,10.66075326653642,8.879130484265085,95.61631986312388,18.75139075416759,20.75139075416759,2.0011669648692,20.9580251196209,38.62553641767404,6.670459539882592,660.8838991147276,611.1269975227974,6,0
Granite-Gneiss,Fractured,Bare Ground,8.222334726631615,989.5372366012992,568.4622167274692,1325.6352046179838,108.15099706558051,9,26,0.7518286499775619,1,409.4345265891913,2.0520491414004134,9.687486429270365,545.0071394179537,14.39686949346707,9.62449528150935,4.77237421195772,99.2709588930016,16.473377066033333,19.946811073110524,1.5543988174946746,31.371852191292284,40.95740186015874,7.717651882609451,756.580677337521,764.2283284993537,5,0
Deccan-Basalt,Weathered,Crops,14.853924810823248,753.1133569345009,601.4670751739549,1539.4519099418535,100.05881196703001,5,21,0.6898816232776029,2,567.5719927018489,3.560418046341028,13.850329407262215,1130.921577404315,7.31635108864384,1.5748764551137544,5.7414746335300855,50.003923200885595,27.559902170239745,30.954918907929454,2.263689666369982,24.752841562667424,52.84587289904711,7.431195150820322,336.5223053867154,325.436460174897,5,1
Deccan-Basalt,Weathered,Bare Ground,10.91177636411108,760.3116165075069,605.1540606743372,1379.9343881613584,56.859748965466686,3,33,0.765574306757191,1,402.58334057116434,1.2892514671445934,6.132384378878393,2895.9651719478056,8.882848835793125,4.098107671969523,4.784741163823601,21.64055018243586,19.041456308943115,24.984804601106088,2.225455764941897,17.136225706786835,38.77161192416317,7.898643030656699,281.63546409999884,281.3869357344216,8,1
Deccan-Basalt,Weathered,Built Area,71.7607284786579,970.1537632338092,751.4447176457301,1374.957941845043,136.0528305306141,5,32,0.7047100774496171,1,450.9257422485345,6.704803326794928,11.207404389648591,435.05062321934156,8.48844155828077,2.9656506983353896,5.522790859945381,53.73559148747732,27.418685709255236,29.418685709255236,2.7798043350066104,33.66155832583882,44.13107401943363,6.741495413363237,287.8330532434849,299.26454135142035,3,0
Deccan-Basalt,Weathered,Water,0.0,818.7602588680091,587.0057850777216,1596.5536685333445,67.95605124515488,4,38,0.7248636979059988,1,493.3963227507715,6.573681092907959,12.501681420923397,36.85533358585798,7.238737299922369,2.10149385786333,5.137243442059039,57.15062453375089,19.5134157030025,31.64252258334617,2.7029936030215103,23.374937830299732,44.53610394059626,7.34210506896798,300.9856535104093,258.352418599134,10,1
Deccan-Basalt,Weathered,Trees,11.32186631428019,834.7050228056568,689.1873902119086,1298.9257006495627,95.1666557833567,5,24,0.7451914517167708,1,401.9860911608384,7.461194755874299,9.428970799597103,2684.5883113791647,6.287299726877803,3.442831373366628,2.8444683535111754,52.44313057729139,25.067975567212102,34.34024678382642,1.9770354444602543,26.22897063793448,39.98349204669107,6.9387830044765115,310.26618687257144,315.65161519216184,5,1
Deccan-Basalt,Weathered,Trees,13.298075754519115,755.5218971983134,725.213930533894,1230.5675485164172,91.40053074684147,8,31,0.7087781453878332,1,435.15790605603445,0.08430927182347947,13.841331829150706,2103.9971760643284,8.593112845821695,3.0254006254973556,5.567712220324339,43.14816975037661,24.14623902624338,37.08030332932464,2.635907780540464,30.52615907489919,53.82702796219978,7.218551986019409,337.7211587058951,290.6658931468511,1,1
Deccan-Basalt,Weathered,Crops,17.703902643297376,841.8726569162736,552.7605229027685,1352.3896306535685,88.76802254840034,4,39,0.6518153251362476,2,554.4150664243874,1.5410161932624682,7.849122404030724,1799.942984524158,7.367086067371869,2.8832248434075463,4.483861223964324,42.82179295251192,21.921891053944833,27.314226690396314,1.8510930149947948,28.320275404511825,51.919868106021404,7.162846101420209,257.3608001496077,231.06151368216862,9,1
Deccan-Basalt,Weathered,Water,0.0,735.8246909940331,540.9813777166019,1301.5057986249262,44.99332716749105,6,20,0.7145495523666638,3,489.0864404383085,3.626393628674707,10.903762352064263,1384.6472801387495,8.704420213944307,3.1760097021120473,5.528410511832259,63.938867645209115,24.045976099871808,26.812923356718535,1.9785862337285511,16.232286686741332,41.35651120495466,6.956600334544567,275.4199894162095,268.5737828297582,7,1
Deccan-Basalt,Weathered,Built Area,87.17107847507665,976.6922133500696,526.504751518037,1295.002364210964,113.86116628201383,5,28,0.714332078873531,2,469.8202728855463,0.6355490362975962,12.691618598717003,2475.481829492191,7.779154206766263,4.157812737641629,3.6213414691246335,54.52416710237769,20.910546280601494,29.21236856532198,2.9390832825557873,32.7411629528588,49.315145708835374,7.003742817746618,273.97640993829845,267.26242312771257,6,1
Deccan-Basalt,Weathered,Trees,19.068339907918926,993.7489916020251,754.8999123596442,1246.5347604555552,141.64972306107418,8,26,0.7538369370891453,2,572.9191402769184,7.980484893028508,11.398925376305746,1848.6052890400476,10.132154778010316,2.984447292735734,7.147707485274582,38.24742732815446,26.80337226340286,28.80337226340286,1.9206067234204967,24.39507964568554,35.99204285031513,6.602306656737035,397.4060645304411,391.482129280691,3,0
Deccan-Basalt,Weathered,Built Area,83.39452311397446,761.4163756899712,756.8849133469953,1329.7506899405616,104.07563452264368,8,39,0.7208547764268532,1,414.26473150346663,6.124682581508461,11.580317745667127,54.92988124796031,5.806925549576075,2.508596401570508,3.298329148005567,45.20916601698086,21.849374163571557,35.37559851476462,2.190650321615597,17.117275810983767,40.765961721558526,7.579305100134257,240.97074150270203,244.6187679587661,5,1
Deccan-Basalt,Weathered,Bare Ground,9.530333239977107,724.5050920829955,739.1458196417254,1242.1154954299684,91.44861101034586,7,30,0.7584017498715803,3,591.0598618032108,3.7080383918699376,7.449677177845049,78.52926355777393,5.9837508343074095,3.870888463464121,2.1128623708432883,46.58198280116746,30.60357747174346,32.60357747174346,2.1725492680876823,34.12173337744109,48.16282010396058,7.25186547142383,291.630166674513,261.44856806312356,10,1
Deccan-Basalt,Weathered,Bare Ground,9.61242665477303,948.1481417765965,784.5518106733618,1416.369693805658,115.85255925587006,5,28,0.7268010119650814,3,411.5424584948468,2.1659896793117746,13.823412148917916,1670.0568880067337,7.092809140047763,4.2542152111793605,2.838593928868402,45.53610548967613,21.586469629406754,28.924910192118816,2.101006069893041,17.082591764577653,35.96653337573549,7.325271522044492,249.74200742744597,235.2209830408441,12,1
Deccan-Basalt,Weathered,Crops,20.50504430569661,873.0906498654997,544.6533549429056,1503.5449847753507,104.32912433264828,9,22,0.745874287280157,2,443.82746665899805,1.9225717510783937,13.656818954630792,73.3908355316438,4.889471474275925,1.932300395593094,2.9571710786828307,54.886874724793145,25.745348214692314,27.745348214692314,2.3750370244067485,21.660096576818724,38.96365951837703,7.444416122024512,279.1215444778827,291.5727113577309,11,1
Deccan-Basalt,Weathered,Trees,12.15177904906698,728.2796484847615,762.4968817490193,1382.1180615244182,61.82274963976996,7,23,0.7174083418748908,2,579.8818122182191,0.8252205295420305,12.130923951586222,2082.8057686910547,8.730597476171136,4.418428759536387,4.312168716634749,48.97716169388986,22.35434615488419,29.303451229319933,3.0749651604852257,19.418598421166067,35.898432257079676,6.774638343449551,359.3709005238153,326.5402610495699,9,1
Deccan-Basalt,Weathered,Crops,20.699640377212695,808.6398179127151,639.2860200710787,1400.5216239737738,76.95663373976228,8,33,0.7951211557764692,2,580.1979161652488,6.399579776783013,6.754319119701454,2485.875321754757,5.861465198157113,4.662300477480102,1.199164720677011,45.08479331316576,21.414120215224088,24.14975076893494,2.2785370140369454,23.420257575543495,39.69581701267184,6.723756069660959,410.87754224944473,485.7515069271342,11,0
Deccan-Basalt,Weathered,Trees,17.954940040929593,704.8042368803532,689.1113176701691,1420.7416693031519,45.81444095633597,8,22,0.7845855002938169,3,462.69481390635434,2.5165568933919396,6.115461166718413,1108.8677568772468,7.188872798871994,4.8363580013148715,2.352514797557123,42.8846510372605,24.525328623734914,30.60574448725634,2.159649937867946,20.967871546333157,43.606181469280806,6.684922587852465,285.642951924183,294.6783212370501,5,0
Deccan-Basalt,Weathered,Built Area,85.18259408609374,986.058279519135,595.2161549162929,1293.3142814446758,63.529186909034884,8,25,0.6420962783013393,2,557.5636447622871,4.8606144498739345,6.396417617250255,1540.9398093761217,8.184257880913371,1.7241702679117263,6.460087613001645,41.096706149049325,23.77344231419996,27.494744188017826,1.8379537076868924,19.608850389214982,42.280862865408494,6.822177735435858,255.81966512486008,235.80511707958217,1,1
Deccan-Basalt,Weathered,Built Area,73.29472550430266,849.6645312253628,763.4609173152501,1485.7140871709887,106.76251395381254,5,24,0.719171301748732,3,518.7335307559493,7.932085368262485,10.729111708671809,327.37377759698126,5.9701000411966065,2.0248308615315604,3.945269179665046,41.146261698828184,28.870018839780013,34.13553065612531,1.0007335659634455,33.94586615633871,49.25440208934775,6.556126468820421,358.2638942005333,311.3000320164229,10,1
Deccan-Basalt,Weathered,Built Area,84.38744394181514,874.7832322832301,799.9949073568806,1535.151802199414,123.10991553311189,8,32,0.693598041691482,2,416.68600782494656,3.705572864389696,10.707374239773706,1866.6116319421533,9.58169212948045,2.253389150888754,7.3283029785916955,38.590905167866694,23.06069609495871,28.805278144607286,3.0889887788912933,33.73568965513505,53.82278575173437,6.746350963515756,279.4077221669438,247.59762885103834,9,1
Deccan-Basalt,Weathered,Crops,22.812830094366443,821.286637551304,592.3307182593517,1247.4959291654595,104.64513521365912,3,24,0.7342536747583664,1,557.187390217043,2.310499619587832,6.211306982403286,2415.276610739136,6.304140631744491,2.5211012566712965,3.7830393750731943,58.15279883702571,28.06036368206772,30.06036368206772,2.20042985163659,23.347502287843273,51.48330504578965,6.738858991891096,248.3998915187337,264.13834588712496,10,1
Deccan-Basalt,Weathered,Trees,18.300774775390405,968.7895526326195,594.8788602328646,1339.5609317152207,75.12981533615532,8,35,0.6650126706988162,2,559.0878999998325,1.42376610454716,7.79025001776284,1103.4792287453101,6.445425609614414,2.480393854274835,3.965031755339579,40.97554825808899,25.508220702837413,29.391035575136353,2.7658657615803217,23.497848580871008,53.68395896198206,7.591703428233722,291.41744727291496,291.43298699867734,4,0
Deccan-Basalt,Weathered,Built Area,79.05867747652037,967.2691583900645,796.6267555670597,1261.689207131509,127.59071519509862,8,21,0.7828196423027896,1,428.8665934497847,4.203753608267857,8.075252545582643,65.30947073880648,3.349249076649413,4.5849482392248655,0.0,48.003218838764894,24.487642932211386,26.487642932211386,2.446513687856124,32.30782052890712,43.92088352301151,6.825443389559687,200.0,200.0,6,1
Deccan-Basalt,Weathered,Built Area,94.71351138489777,828.912834710676,759.2070875272134,1288.7914806739855,63.546100404111996,5,21,0.6943794607659939,3,518.5090919897359,5.118788934352185,10.466077895975605,22.845392972925353,8.854854705897791,1.9521881872012286,6.902666518696563,58.066640673656295,21.319458167286317,24.517952091477973,2.7785351097586344,16.587494566030227,40.84087230962882,7.38817257898547,416.8698712825032,466.1521636847486,6,1
Deccan-Basalt,Weathered,Built Area,93.253967596981,876.6575791005512,729.3659474876214,1324.5703219088512,92.92096158429152,6,26,0.6964643217196285,3,552.0439265743025,5.940065627791104,13.585527954641332,2033.5480018760056,7.522424431283081,4.690844938295207,2.831579492987874,51.970453478816815,27.860039488291022,29.860039488291022,2.047749836735881,34.5510122465145,49.936026443109,7.441951361680614,304.83783063223103,274.87680649016323,2,1
Deccan-Basalt,Weathered,Bare Ground,10.440326743859224,784.3581914858662,601.2309626910388,1297.1791650854911,85.97198735617327,4,37,0.7074829249167507,1,429.7036445112436,3.625671904257323,7.561537478678577,2043.5273249326526,4.735675386135053,5.580224240939417,0.0,20.309168879829727,32.105489253929605,34.35817301583785,2.345007144425534,15.927184829495282,49.999751473520405,7.163909592139227,288.35406022243194,286.6300460959397,2,0
Deccan-Basalt,Weathered,Built Area,82.4548357591654,884.880459322635,602.9016498443407,1438.683118742777,101.77203137181793,3,28,0.7135330494050979,2,597.0008244350437,3.8126200308932097,7.3196657672126975,748.1748130342555,7.540455993049255,3.530434885869539,4.010021107179716,28.44594506538539,26.045234355116307,37.42888311363354,2.6610598805744026,16.507978247488296,52.35916670361106,7.068588647175039,384.7426437586108,375.12663449374344,10,1
Deccan-Basalt,Weathered,Trees,20.343736013054162,885.6356465181611,772.8298782985048,1513.51226698947,102.54861755960613,5,31,0.6608574529018341,2,525.8596265921685,3.3611693703078407,9.467635060189728,398.6661680917952,7.40274114049629,3.3845836629693147,4.018157477526975,32.55081891891527,23.376802310588232,41.2772240706611,2.3048135520171904,31.609497294993975,51.48233589010892,7.164334341808432,321.7030996632929,350.5678490909577,9,0
Deccan-Basalt,Weathered,Crops,10.9256216696948,910.2323735224224,645.3715970817104,1500.7204996073933,123.16645664574351,5,20,0.7369701067463832,2,543.2836503536711,2.633079369189711,7.929592920634235,2618.08131145351,10.245007402294327,3.4108192937770547,6.834188108517273,46.83694236235705,24.03729511888446,31.577880452562667,2.7212064785764944,15.145265291083692,51.8842428721194,7.0859991439082535,200.0,200.0,9,1
Deccan-Basalt,Weathered,Crops,5.382628033234107,908.288069666485,602.1969753569083,1437.3908720922147,64.17663380252749,6,28,0.6978926064907991,3,432.5811332280242,2.5443189680992715,12.887768781979597,2122.3610688937765,8.37606915941143,5.641316650861395,2.7347525085500344,58.70859367082298,22.66392526912812,34.56203051307921,2.4312827703525928,23.505475545746698,54.93964549803484,7.868777834830553,200.0,200.0,12,1
Deccan-Basalt,Weathered,Crops,13.537452535218273,971.6704072543362,783.0539221035383,1519.8239205789218,120.86165125238287,9,20,0.6145677001344073,3,574.9326315390375,6.052898653346341,9.597174677246041,2298.193492304045,9.39779370676054,0.7153137761454538,8.682479930615086,42.04797127904471,26.604805335092827,28.604805335092827,2.247750924213794,17.886106416836462,47.25661143101729,7.825848063240915,245.88224103003753,200.0,11,1
Deccan-Basalt,Weathered,Crops,7.44863405121972,957.6666861902531,589.5886402077376,1419.9476785655315,57.85266094745835,6,22,0.6982952363422767,2,571.6462394984342,0.5203257296331962,9.444281716767382,1764.2879544123534,5.711760604550683,0.5,5.211760604550683,39.52066828253851,25.72443910750301,31.845453699715673,1.883213595068115,20.61730848898599,42.33856014951024,6.70744162388018,285.21800884493337,292.44507305894723,8,1
Deccan-Basalt,Weathered,Water,0.0,709.8154097099853,536.8570872982906,1598.7536112841326,48.30794670535528,7,28,0.7813977944975956,3,408.7423990407059,1.4089029671185171,7.538062090070851,717.7057454571427,2.0913336258024167,1.357884059599931,0.7334495662024856,34.48051125075499,24.16597227101825,27.86786116686897,2.3553000346691446,18.615255349525704,36.06050586114401,7.293231532600273,236.3352210083291,262.92405628792847,12,1
Deccan-Basalt,Weathered,Built Area,93.8327811302807,728.71309725699,557.4191195453111,1561.51628556354,95.69012473022721,9,33,0.6607969933738401,1,409.23892887048385,1.8711475476327477,6.047103869653794,2743.5835311509327,6.614348571081106,3.4791386887656737,3.135209882315432,39.2489872394962,27.103746973450043,29.103746973450043,2.499177696232094,21.832431230336628,41.57414148866276,7.18895872073017,236.62130525367897,234.75176253875563,5,0
Deccan-Basalt,Weathered,Built Area,91.31501476232091,886.941899269548,770.7803351572902,1531.5728112098268,101.57224681839682,6,39,0.6302633464261096,3,537.8043641450588,7.097059510377183,7.861404995909435,125.67689581112936,1.8315608086234967,3.774430967598414,0.0,59.3150929470587,25.707004470933708,27.707004470933708,1.9617833605635495,24.592404769183435,54.26531206332456,7.21826752014223,298.1044042949992,278.0676534162449,7,1
Deccan-Basalt,Weathered,Bare Ground,6.4281158161593925,824.6019053462729,657.5210357696863,1376.1310583612194,65.18796505992324,4,36,0.7427704644427217,1,477.77714940023003,0.13611514437075112,8.349261178187446,2338.6352747518417,2.6235257047679372,4.345513083978991,0.0,41.75699163553549,22.551213934413116,29.056095803815452,3.038964615225203,34.915369914349895,50.63404953129188,7.696108276008502,368.4570005663367,312.80163397559517,5,1
Deccan-Basalt,Weathered,Rangeland,6.544786237103143,718.3718174000845,649.8076282994332,1292.4210692419372,95.5840302601005,6,28,0.7148948075031593,1,458.9896355005574,1.350640689250123,9.96534547507075,310.3169967308728,3.16806863367648,2.2885850798709026,0.8794835538055774,36.51111894766324,27.011043208726917,29.011043208726917,1.9944587559793023,24.979850044719146,44.323324224710746,6.60939984888229,282.28827332817275,270.17117694712766,12,0
Deccan-Basalt,Weathered,Built Area,77.14958107811653,924.9119218567342,726.9848524627306,1451.3344249619036,125.68882190968637,5,33,0.6164635735253844,1,592.9404680357262,7.07011135561057,9.974828982049537,1965.696033395533,7.416868075918589,4.282538742166139,3.13432933375245,39.854148590407796,23.077364295312186,29.672173095720524,2.527975380138444,34.68688971177718,51.502470243593336,6.602092283604065,342.8397551365342,300.35369834493446,11,1
Deccan-Basalt,Weathered,Bare Ground,5.052858961892373,988.9653689528732,518.3565954259997,1405.2652979108784,74.21381525252299,8,24,0.7879710109538733,3,562.5929003901493,1.9093287585633192,7.988914229670505,1089.9263533852527,5.299620526632499,2.815502299469852,2.4841182271626474,28.876026971788516,28.299816844783194,30.299816844783194,1.4208120870147283,33.7405366289796,52.97251216667986,7.512602165930102,272.57873139713007,239.74446899755554,9,1
Deccan-Basalt,Weathered,Built Area,85.7611327144034,811.8342565771359,739.2373822115462,1532.5114610001351,103.94253159250788,8,26,0.7831244229852906,3,431.7640893599318,3.490169107158609,9.714145151030767,680.1839674307121,4.606085906921121,3.9877519309554392,0.6183339759656814,33.67905450589106,20.56948494267214,23.03195004622349,2.4885662760708414,26.25381665087145,46.141927636377034,7.737467179952818,231.74544077908683,275.56430943583547,8,1
Deccan-Basalt,Weathered,Rangeland,9.682316344091095,727.832180739467,702.337469334808,1300.8882416589288,87.74689151169486,4,32,0.6059681529317563,3,513.4228280309626,4.91416980819538,7.5180577396764425,1777.048441069691,3.878376423322661,5.66470288946746,0.0,52.14374375579597,22.0884931782555,33.87449538342662,3.4945043335401444,25.003671852527095,41.68528284551349,7.179969621715995,277.8474090751181,280.5768095426583,3,1
Deccan-Basalt,Weathered,Built Area,93.51815411375769,961.0851853316686,703.5477204772116,1251.198785384581,77.7452733958339,7,25,0.7189331285808419,3,503.0179937615733,2.4883878362369947,12.749422317941965,2803.6672321657074,3.1439368060303563,3.2253452756222667,0.0,37.82481732829429,20.75279055774339,29.348331885163713,1.5925709750133767,25.81918946124064,40.0360103836254,7.509840776122256,338.8391183433506,388.195484464736,5,1
Deccan-Basalt,Weathered,Bare Ground,7.737060577479378,848.1990409810983,787.2819937745037,1389.0583230414386,59.825919671498085,6,36,0.6468956796011542,2,428.11130418330714,2.7438537012766693,9.023107058860207,1112.5785390498843,9.807940852790832,1.4280047317585995,8.379936121032232,23.688122571903317,25.9479249382874,28.572978115919163,2.6631736557987464,18.4340796001643,42.19984801923618,6.934057569229156,225.39012505330135,238.00399059717628,1,1
Deccan-Basalt,Weathered,Trees,7.2265357598591144,752.7500624215087,634.4505351665664,1551.2966277504966,59.17111756794517,5,28,0.7844130645228027,1,587.9912190136512,3.6138297031606665,13.62715492750313,412.9961071733104,4.900018336136329,4.690489067558591,0.20952926857773768,31.28840582299186,24.20573938529933,33.00962452542965,2.678594760697252,19.03209196000483,45.46657559925079,6.60622140321147,292.83577509510616,292.79067939951017,12,0
Deccan-Basalt,Weathered,Crops,20.567013489405213,858.4772276732579,789.1053245428986,1332.8081972460795,87.09201866403238,6,37,0.6314232630799212,2,433.3535614986728,2.4134371174198384,12.074436306189352,1575.1180165162382,7.138367524979194,2.4501943740041257,4.688173150975068,48.476855691541566,26.81124957601971,33.968068379538344,2.238661887596578,20.36292109717562,48.73593017481765,7.234409828496711,333.10526657038855,362.3823287443968,6,1
Deccan-Basalt,Weathered,Built Area,76.34850060821107,848.6300199547381,780.4047224372796,1524.5801909121628,98.4035019485359,9,35,0.7150065682886789,2,472.2302799227904,4.87042753828301,13.323554028174462,2999.689139354994,14.73214310621361,10.511822461342643,4.2203206448709665,73.42159275955306,14.807864836371378,22.76796592054359,1.4800407975768013,30.372650797602063,45.11654737098139,7.7776441545182955,495.1933158040031,471.5922593897717,11,0
Deccan-Basalt,Weathered,Built Area,85.47339429154289,921.7979531393473,674.133492775302,1326.67457521612,49.98942736294419,6,38,0.7603402063536631,1,406.02482250220316,0.23145304125481836,12.709567600957925,1792.3211514496243,17.043598238744078,8.464559890531987,8.57903834821209,97.11381418482904,24.042235818984153,26.042235818984153,2.1735319088324405,25.44398904039278,50.83538295746117,7.345625549200846,558.3474174827114,596.1636317429965,10,0
Deccan-Basalt,Weathered,Built Area,75.63729894590705,960.8871126429905,570.7271051684661,1294.314128803234,86.23074627217012,4,35,0.6878474265016511,3,415.15738079804265,6.957219531907225,7.7581616699854345,205.52589288492632,13.526603062819696,6.2034041435533265,7.323198919266369,76.54032612950797,14.81641461113744,20.105399752024265,1.928838886321366,15.018921619781644,54.53408331694033,7.211030604448218,533.7488687527735,558.439712830979,5,1
Deccan-Basalt,Weathered,Bare Ground,7.622713814800536,794.1829704784914,653.1278958725209,1525.4603744963802,55.99594416884483,5,21,0.6429871632681503,1,502.7346032122301,4.749440594519137,7.782123958205592,1775.7054866006322,14.902035427007528,5.939187369976008,8.96284805703152,77.99077596241544,16.19751979495052,26.018905808408885,2.6613931486383526,22.298343363841045,45.97485253323798,6.697407018464907,457.0026116898974,446.9675339063674,8,1
Deccan-Basalt,Weathered,Built Area,70.0131413626398,948.0951737107939,707.3260811952384,1508.0025945962996,86.6066158924019,5,20,0.6526764582144993,2,555.0606057302568,3.522858638754191,8.447404417524307,2214.5172202782765,15.960307899638302,9.787058721547904,6.173249178090398,80.94383274991445,17.998394810061868,19.998394810061868,1.4999186811798673,15.850231807390362,42.08391232237199,7.611748838320819,483.88550934498846,527.6308592263948,12,1
Deccan-Basalt,Weathered,Built Area,77.07070600040315,776.1972114996287,558.4769669113342,1515.571938765473,102.18270230784535,6,27,0.7360143793134106,2,539.3772813778136,0.47557164015894404,10.625255779138154,192.40687265832702,15.540794208235768,5.859384452029364,9.681409756206405,79.87816497643223,16.437936532018693,22.143833454419728,2.2138509905707306,30.629614190905166,38.31741841938765,7.290133720316815,484.14058295783957,509.1257939532932,4,1
Deccan-Basalt,Weathered,Built Area,86.25160220401679,827.8819868650178,665.876942160961,1308.9003728772184,65.71971431473762,8,30,0.7561242495443622,1,590.6548792207129,0.5084001045397741,7.428356713234061,1467.0176746070429,13.674744181325284,6.841427275080348,6.833316906244936,83.14375024348219,19.531101892282567,28.94114993720759,2.9936098103950632,16.099722028493563,49.33808076052705,7.691596839286149,508.3612527946197,514.9056806711478,3,1
Deccan-Basalt,Weathered,Bare Ground,6.593594094423432,713.4511345715123,536.1213871806251,1243.742658305004,106.81836959534138,3,30,0.6623860446562567,2,592.3199002343093,4.46778470516781,8.613647374165543,1493.1229332051148,16.316859056741748,10.741340022011777,5.575519034729972,67.76660757872443,18.006341638283416,24.031837503391056,2.6673708008082055,17.713329040048933,42.595357698640065,6.853446060963419,536.279761185196,514.1531148801517,10,1
Deccan-Basalt,Weathered,Bare Ground,11.775032526556242,703.3366384636051,584.6243476180771,1553.4810303391218,103.91325125459863,5,34,0.6045321759922522,2,515.4711397541465,4.8374136444674125,10.381403410109712,1157.4526501407158,13.549983638484932,8.333846320138113,5.216137318346819,81.76699976718513,18.804301512291282,25.441543694087336,1.6578919523095357,34.72642786416671,39.163944016279615,7.8240497836234875,465.1179676571578,432.7317627308255,6,1
Deccan-Basalt,Weathered,Crops,20.649221618096988,750.843369848305,508.40214260210297,1576.343818339901,65.38990432946638,8,39,0.6259042325406594,1,445.6007461260491,5.507262297436858,12.41812024503454,1304.317208826092,15.850462157242747,5.296700886167009,10.55376127107574,67.37521652276251,17.832178194937573,19.832178194937573,1.8130026105464858,29.557899633587894,43.329510347946155,7.316027499577222,448.6142136943821,445.7840846612458,10,1
Deccan-Basalt,Weathered,Built Area,87.54308312091163,708.4630873767528,635.4990913353109,1572.7680177785342,42.56425698142939,6,39,0.7632510313056737,1,418.16847289027305,1.305325864863975,7.090911914739737,224.34154430234,14.734882478216695,6.887921232151643,7.846961246065052,63.23726129268065,14.975027818876937,21.12443268875673,2.2447532938994232,27.60591485090583,46.96355567882729,6.585469690281103,469.1250781132259,402.65595010700156,2,0
Deccan-Basalt,Weathered,Built Area,89.26526320091124,989.7564690414271,763.5607995339466,1521.726641549058,75.99845591260494,8,24,0.7288086014944359,2,523.0002453657585,4.026401486178773,12.914021896615647,331.0866024619534,14.28318905225301,6.792673382654453,7.490515669598556,72.68942506197037,19.217180392275818,22.28637918148792,2.5766603323947246,20.95116246435773,42.919360852461104,7.882313406394122,468.01410841778875,455.1470642590229,11,0
Deccan-Basalt,Weathered,Built Area,90.49332697302124,882.8628290089199,692.6872928420871,1384.8435471545326,114.63719300861425,9,31,0.6430824090680833,3,549.7329190949454,7.991571067194937,11.806731009543391,420.03937927556933,18.84477098222762,8.645617266052884,10.199153716174735,81.34814158712452,11.29534310245149,21.641757210482755,2.108512581251964,27.22829839250381,47.92503304579948,7.477203721494661,600.4746814107338,565.1392331980455,9,1
Deccan-Basalt,Weathered,Crops,18.483053553757266,795.7482137317613,539.5343301693605,1300.1302819257962,64.38962117466824,7,39,0.6013344201467743,3,444.73868451859084,2.6159567923709464,12.629247425590709,950.5205159178756,13.974208206769624,7.073669091297324,6.9005391154723,85.38937001960123,12.889460460610279,23.77004238413329,1.8908951702286874,16.833437693092122,53.452235846904635,7.396081967028219,471.71553877314864,432.69486079269177,7,1
Deccan-Basalt,Weathered,Bare Ground,10.142872657257685,760.9203776638984,631.1336536084032,1210.8959034248303,107.46607046487317,4,37,0.7535171917326209,1,527.8240564785866,6.4805631048029255,11.441716835165316,2168.6219767363073,14.01887528728075,10.585245276881697,3.433630010399053,74.70589546737305,21.27207610068172,23.27207610068172,2.222696631778976,18.069041782312873,49.74739299176114,7.090010633454806,564.4076825791539,580.3427580966004,9,1
Deccan-Basalt,Weathered,Built Area,84.06898355923002,872.3022530486186,744.3980110595562,1593.541438570904,80.30078570918258,9,29,0.7468084276554717,1,482.9394857929406,6.423452020993313,9.131077830942232,369.7306298590907,14.508432509723448,8.79911934726227,5.709313162461179,75.06101052924302,19.676266413443862,29.13866046067123,2.295341837820054,21.34335277503361,37.72913700562182,7.889484318303503,583.4019783063648,554.917131958377,2,1
Deccan-Basalt,Weathered,Crops,19.067900576790848,943.5341592013206,671.7120665588494,1599.5190356543192,80.64513297150125,6,25,0.7360260595568189,3,519.7907361349468,4.177012017940552,9.01350448096995,2776.7515298517383,13.715509655170033,8.386017240082706,5.329492415087326,84.82492352499428,19.10290667390224,21.10290667390224,1.7484645707045718,19.10583363350336,50.169229544381686,7.9295040962167125,446.91118093763487,450.7725263811178,1,0
Deccan-Basalt,Weathered,Water,0.0,810.6246056233286,588.3601082079422,1598.5704650199289,104.77766309924735,3,34,0.7986121781085436,3,510.1653761669324,3.81703469692743,13.767270901361531,546.6427553701783,18.233897560412156,8.342051688534575,9.891845871877582,82.25825451770908,16.816348080037848,21.539584602142583,2.632139722866149,19.53971082173696,47.18646496055982,6.985084819169162,518.1087451374337,484.44752381996295,12,1
Deccan-Basalt,Weathered,Crops,16.854412855635758,744.2466044116773,626.2793541358196,1421.9844525190506,104.07836898413966,7,33,0.6682909432246933,1,558.838926371409,3.788583840687151,6.916034665941048,2934.8541670249406,13.696296146890077,9.231299210948102,4.464996935941976,74.22157772167762,15.916721760399295,20.209480477729237,2.706111948271272,30.183092671119674,44.988330001193546,7.298883874127983,553.8403912801465,592.8473225214982,9,1
Deccan-Basalt,Weathered,Built Area,85.90870799253699,864.1060664673166,766.6532583752316,1503.0679017142234,107.60171386109255,3,24,0.6774109227420977,2,597.1799181638152,5.619737175120287,13.218673522666736,1120.2007479573988,13.644619013229615,8.379907893636089,5.264711119593526,73.86853375768945,16.83374764021367,23.316523238787155,1.8918899959870412,31.52683116832662,48.108446369577365,7.937214888378669,492.142299103211,483.3837271008461,3,1
Deccan-Basalt,Weathered,Trees,10.90091891366747,812.8841490359714,510.0581645476961,1397.6995866777424,107.92828969275679,8,22,0.7385425176123183,1,498.37092906097286,6.295633089779689,12.684926461198295,1531.7735820871956,12.6030596961727,5.978164245813539,6.624895450359161,82.30278008729206,16.101996907023143,21.856171177483088,3.0332395083470782,21.440457182611603,37.67964564089152,7.16721605879929,549.7108974044555,528.7452882948411,10,1
Deccan-Basalt,Weathered,Trees,22.30749265465745,784.1974424097083,592.989411602058,1343.9457684070383,106.10954579850065,9,36,0.6993301842232211,2,565.3735642387198,1.6108522267253793,6.122921384877975,1375.4542399051998,13.420645357569722,4.928877423076884,8.491767934492838,96.15627724793426,21.70978931993524,23.70978931993524,2.252741801054422,22.64038736229255,50.13849021353313,7.050433804770832,510.8650594799998,491.7230649098933,4,1
Deccan-Basalt,Weathered,Crops,19.964914927581074,897.2354455793222,655.2867687867708,1373.00909330383,118.22965997281692,8,28,0.7979266428921066,1,575.0130813343467,3.5920053068770033,13.405793169314757,124.32520452281398,14.780060246556069,8.09455994090202,6.685500305654049,70.70860626382765,19.036354963423587,21.036354963423587,1.984565487038176,16.124563072173355,46.00094829854216,6.565589982168287,475.73050947753416,533.6114512481246,4,1
Deccan-Basalt,Weathered,Built Area,71.71525597838951,897.6369715438212,536.1152913424922,1579.2523422218965,54.261472175567924,9,33,0.6704424209975606,3,425.88658848739965,3.5200712577507343,8.561994234500931,1820.579948254319,17.286731282476996,6.8147439609510485,10.471987321525948,69.13889431076096,19.07356438665795,27.55680484433649,1.6565503048295496,15.902274885654213,44.749966608268466,7.682916772845325,526.5455717854029,493.30273492657386,10,0
Deccan-Basalt,Weathered,Built Area,72.95315782853638,864.8608059507978,604.666377973688,1575.044061252897,84.89440748595192,6,36,0.665484584507786,2,447.41070798510134,7.720942983813273,9.64234274570214,192.65284699874186,13.511274185273201,8.293094759863793,5.218179425409408,80.42302722678016,18.394307387350302,22.412148757955993,2.099960889098102,31.996780478030832,54.85824360399624,6.6394789631810225,518.5979608505556,522.4161014139017,7,1
Deccan-Basalt,Weathered,Water,0.0,841.5978230898937,525.1796439365736,1493.4930940399413,98.97124624396376,8,29,0.6479400848095533,1,429.75750515959396,0.6803494860486117,7.1045141710723465,1544.829953372762,13.680789015201935,6.11720229891945,7.563586716282485,81.7682334976509,20.70295452702289,22.70295452702289,2.1130797734194524,21.535038285574316,42.90218398139708,7.748471917722078,454.93846415733566,454.7508854156633,4,1
Deccan-Basalt,Weathered,Bare Ground,8.307031203621348,883.539549464202,722.6567256811901,1328.7107732873678,116.35938469513334,4,36,0.6183117441306659,2,576.9166925751626,0.9264832394519349,10.882695103162284,1308.7381816192515,14.132851687942951,10.22423739209614,3.908614295846812,83.16042913160358,18.636817808531806,20.636817808531806,2.3630074256446134,22.564781584160635,53.48902276226844,7.657203357486159,482.01979453935337,524.9829651007539,2,1
Deccan-Basalt,Weathered,Built Area,87.09341440373362,983.0894634156684,547.4784903423177,1294.474778318378,53.279619438770304,4,36,0.6808795763292504,1,590.6944248355253,2.041255097252738,10.576883595073706,774.1881650841407,16.948734265774604,6.583219902406328,10.365514363368277,58.04504066896153,19.826414407458433,22.616220734950147,1.6112494505484316,33.931534260445645,40.22963597965646,6.956724037754941,472.85693330113577,474.82616808509925,12,0
Deccan-Basalt,Weathered,Built Area,90.40225618952636,717.8149118596189,756.5708641112287,1325.908418861549,97.76336436412105,3,37,0.7683161898188198,2,525.6048653086822,0.5439029590675011,13.393927215074461,1294.1070196207243,16.47673624541195,6.623064401603295,9.853671843808655,86.80241280045631,26.0886439399124,28.59554125605589,2.813018937374235,15.133584491043644,48.57214359129614,7.003139370506486,477.430333851138,477.9443287035246,4,0
Deccan-Basalt,Weathered,Crops,8.612628237504133,770.3361072768718,640.2256615658823,1405.0071640966764,112.58611003554691,6,39,0.7052456932891724,1,560.3289833105272,0.20855213854472154,8.456064836700646,1816.4023638242136,16.23223430850491,8.543264126253304,7.688970182251607,64.79827409190503,13.942787214433991,22.99897859648883,1.7530627150852802,23.18722719849599,51.29138989903648,7.638542384387357,585.772978164257,593.1108551184825,3,1
Deccan-Basalt,Weathered,Trees,11.038408827149429,901.2373421015717,556.2999792083207,1341.6499069627914,48.222989589325515,7,34,0.6598220091064734,2,486.46908286297537,0.2923573067952008,7.16368054443702,2494.7706872971303,14.045835948614084,7.750809415705728,6.295026532908356,72.39477562359477,19.84622123351725,21.84622123351725,2.6585258717309723,18.15975348916661,48.750949364487155,7.628447691115918,530.792451400572,557.3812974726047,6,1
Deccan-Basalt,Weathered,Trees,8.648525471911544,860.6765504751959,703.7991167736818,1540.9637365925023,117.80501382625,8,31,0.6799814770552896,3,599.1952957957769,3.9416614640157936,9.664257704927618,1972.0492987595158,16.082322642483888,6.269678414275953,9.812644228207935,54.11878907988631,20.7619948798301,26.81563885675358,2.8578892308358226,21.555047422415683,51.25835369656618,7.177116850784329,517.5027904230476,547.1821472122194,9,1
Deccan-Basalt,Weathered,Built Area,93.49210065992418,958.2311206320389,731.6014865733906,1476.9786085489566,124.14172647032898,6,34,0.6955012439714887,3,519.3044706990851,6.01565921996347,13.186160121539457,103.49929920012033,15.76553936366466,8.494047565788764,7.271491797875896,89.82677559626198,19.587326873639874,28.33696032540805,2.51220105938033,18.96040658033215,36.499486936215476,7.534823480278417,519.2194989672225,517.7650140832986,2,0
Deccan-Basalt,Weathered,Built Area,78.60380129418442,778.8255888856218,624.8735512783887,1338.3348293346094,51.962276877302465,3,22,0.6839586776166542,3,536.424388425954,5.303945127404458,11.821441440116118,194.98450065054035,17.5636344030818,8.143215430106551,9.420418972975249,74.25679190608633,13.152851718598008,22.576735054409053,2.072339574684783,17.088222773889413,35.953130585360654,7.2288973234843015,460.19299471773826,431.8305931302777,6,0
Deccan-Basalt,Weathered,Built Area,75.64498585480564,819.295971281587,563.3524631655504,1503.963439457017,58.249854464007406,7,34,0.6287962444921346,2,552.450694643831,6.814784284321442,10.045059533791378,550.2834892373288,12.08336007448588,8.285739077535945,3.7976209969499344,74.98511205839479,19.82327193959837,27.172585921728828,2.452585521475236,28.267007391184393,49.250883267254046,6.764650354384552,590.8819310295353,570.4081467383951,8,0
Deccan-Basalt,Weathered,Built Area,72.73673762700983,916.0648710068286,669.0033275051801,1378.6671968260512,46.892581247531645,6,22,0.6204036494939099,2,576.1373300904338,0.7397336901826144,10.82863851541451,2014.2397298114684,17.67313466541643,8.808902500922674,8.864232164493757,66.95586168040016,17.948358023594253,19.948358023594253,1.948590249665464,20.361858796986226,49.43574435313296,7.171937266317829,529.9107239326613,541.061108768803,8,1
Deccan-Basalt,Weathered,Crops,13.42899780056867,845.8952444230131,553.7471799541836,1392.9028083478827,48.193325379021665,3,33,0.671069577867803,1,429.03540842187635,7.790943165336676,10.772491417850494,2929.152014808516,11.666035734404197,7.974371919507327,3.69166381489687,86.03678819809426,17.30413636920858,19.30413636920858,2.0948080322257177,33.135570731092564,46.745132653603164,6.962028954295726,463.7231217753213,440.9876858704408,3,0
Deccan-Basalt,Weathered,Bare Ground,12.619686869316055,987.8210491639564,610.1646889844867,1444.2212808292447,57.73024199838455,6,39,0.683627318977994,3,441.27999025318405,7.986609162629778,6.377996644096772,658.8192133406905,18.187698178427837,8.3654219445668,9.822276233861038,72.85584662381115,13.49534129711718,19.156669473154906,2.9303483188793997,16.23251867376007,45.052040142002795,7.978399050382259,618.1638821921023,621.1436746795364,11,1
Deccan-Basalt,Weathered,Built Area,80.47148727595284,855.6969582995337,714.2256995752368,1353.9366065100312,75.46398445229835,4,23,0.748327135695728,3,501.9815292745136,2.2682842850050395,6.133171443497545,1985.1546050120935,15.79038981094099,7.9268963144982,7.86349349644279,75.24894239952096,18.085364102383924,20.085364102383924,2.0743886437936974,20.32526758680456,35.63926635611229,7.101495390337079,472.94902129544084,510.3181339151458,2,1
Deccan-Basalt,Weathered,Crops,13.310212254661298,837.648819715809,565.6221890342465,1568.1044728889624,48.829280149819056,4,34,0.6800725448214802,2,533.1988474133173,6.741192752726494,13.92100132821546,2547.0803540974503,15.627916598758349,5.522436955119061,10.105479643639288,74.28326041021516,21.26514678290472,30.184279320785613,1.8028859395206436,17.12446936634129,43.43649386579356,7.885211197320144,458.27864240856235,396.2086906969116,4,0
Deccan-Basalt,Weathered,Bare Ground,8.413819055834287,905.8615035358677,551.8560357676548,1373.329468450828,120.91239514060193,6,32,0.7284233527227715,3,507.78346475794774,1.941591869177568,12.148473885406979,2475.7210958545716,14.212650875466553,8.589561624429482,5.6230892510370705,84.89350446023003,16.991121113078425,19.87199874124645,2.734577608239841,33.24971634176978,53.50515612873001,7.79436891754441,460.36122865886216,464.3814819841578,6,0
Deccan-Basalt,Weathered,Bare Ground,12.09341527492461,759.1621223157463,780.7437052460461,1567.194285874362,46.952829843516305,4,39,0.6827912327463571,1,494.34360952226115,1.2922220448199484,8.881397811089693,2293.439027608189,19.137900211020536,9.10068324514192,10.037216965878617,79.34773580101319,21.310586082828728,24.826630069474152,2.4525314070464064,16.203894621088114,47.15313115853664,6.684266669612121,525.5085875458549,521.9645124918413,12,1
Deccan-Basalt,Weathered,Built Area,87.27073328859868,830.3178926867357,728.071946542138,1370.4990307555615,106.92332334005057,4,29,0.6153309495237356,1,527.9146297031499,0.7245289337375249,7.911078390672958,2231.1358841676333,13.372793422792165,6.397499357245781,6.975294065546384,80.74076380331431,16.647822397466456,19.1269256489368,2.6466467905664626,16.61033500595133,42.95345011458138,7.828424329928444,467.19585866204704,432.70605577186643,7,0
Deccan-Basalt,Weathered,Built Area,74.67544742779738,916.3343749747747,617.8650263016569,1433.9709287787573,74.02850448417159,4,34,0.668895557526655,2,513.7481162997622,7.275010336461933,10.307091290484877,2284.900147373477,14.233850055827139,10.638793263325615,3.5950567925015235,65.55048898747867,23.26660615403369,25.26660615403369,2.3325256461336874,33.67461281540206,46.020317772625404,7.85941256635808,507.0613354816304,473.97466334551024,7,1
Deccan-Basalt,Weathered,Rangeland,13.146244054916398,751.045136416252,714.0815501350991,1288.3320737505003,64.74318793338227,4,30,0.669763046462974,3,574.9577311971576,5.871328314115546,7.194026592348131,2637.3744431110754,14.516418326213971,8.121071125980786,6.395347200233186,84.31804309142984,19.90286124036585,25.446397460935348,3.667626745780633,17.420912200041787,42.909416076297646,7.1782239421695415,511.09917056096896,538.811119453441,4,0
Deccan-Basalt,Weathered,Water,0.0,969.6098479084852,681.6811015167441,1557.3364371265075,120.47665399173832,7,26,0.7468862341637429,2,531.2884931594723,6.153714679601696,11.596815998293149,1357.4885741003047,9.151159041720875,0.5,8.651159041720875,73.48386245590667,28.779806870785293,30.779806870785293,2.888837910749173,24.8163857943759,36.748263194453926,7.243574940956029,257.5070684195477,252.76391434973328,9,0
Deccan-Basalt,Weathered,Rangeland,14.4280643729704,747.993653776551,511.92746056072167,1455.4971735708566,42.26525008964683,7,38,0.7946539645364645,3,491.84047698677097,3.5560543536533435,6.552780245074406,1354.3267308227705,10.102675332196045,3.1264798387444617,6.976195493451582,67.56582021909304,18.057199724301462,32.03591617676002,2.6450886457197087,33.28169324404441,51.3283837836275,6.5727836721922515,334.5051886268412,336.3458933585609,11,0
Deccan-Basalt,Weathered,Water,0.0,974.7913577579454,753.7520592312995,1310.4702418132206,113.53242486199666,7,27,0.7301750608581574,1,551.9004586153624,7.272643524300312,13.990966785994056,422.6430066305698,5.646440356368651,3.5256398221896412,2.12080053417901,50.40907909001873,24.19732280191247,26.19732280191247,3.381381634063038,32.56474037221773,43.55022863903567,6.829619891710593,279.90496135830426,293.6959481631511,6,0
Deccan-Basalt,Weathered,Bare Ground,13.726162970974652,805.2016286523129,525.4664476040246,1562.7653047672436,72.60329569055578,4,28,0.7004420149634958,2,519.810605170001,7.244703624306297,8.071322857105352,2992.4259203575016,7.530524452238231,3.6754970890044887,3.855027363233742,52.674814960778576,22.542541558752863,24.542541558752863,3.287741436376061,30.197779357588093,38.054074412598005,7.290844741260876,348.69122611155586,339.9779657743962,11,0
Deccan-Basalt,Weathered,Trees,6.945373692527639,856.3765374782195,578.6792289450991,1559.6754016117607,122.63264410465673,5,21,0.7393542622614715,1,519.5230851551953,5.359357444540428,7.609112617540979,372.48105405444585,8.63306317425605,3.024692818834913,5.608370355421137,60.2416937286919,21.387783558033647,34.78753561117999,3.13025808453696,26.37291675711254,52.291854784694294,7.138115209055522,331.2102557807665,343.3850149152811,12,1
Deccan-Basalt,Weathered,Built Area,91.83987317778494,814.2832970177897,547.7262132719133,1304.60118824705,44.77096388925761,7,37,0.6612521904601527,2,461.35955800555956,5.530544382439766,6.430108910719629,1861.478880747084,8.94182351865982,4.2934203733055805,4.64840314535424,76.88822375743446,28.46527873076283,32.1474836513568,3.0835065604963003,29.77655991960676,42.87938797468574,7.076138059373852,270.5820048411198,273.1784074332553,8,1
Deccan-Basalt,Weathered,Built Area,81.02607392417784,995.984125272566,786.20401407124,1218.863818443215,70.10232490696261,9,36,0.648501164557845,3,596.7324994836629,1.1222402818766462,7.951728690250318,2704.5166513517147,5.683500984148322,6.199356132448042,0.0,59.615629149646,26.860927590541326,28.860927590541326,2.437417803946589,20.487480938734635,35.789414930823675,6.877188226330756,215.26658374798967,232.46471579128755,12,1
Deccan-Basalt,Weathered,Bare Ground,10.518586393126142,809.0476981739587,784.0608391540239,1495.1775160750713,69.60639551282395,6,37,0.7762476162397437,2,432.48021536720876,7.0078930832282555,6.426336082661607,1927.152884907289,4.964071232499242,4.38035315671312,0.5837180757861216,48.8286890628842,25.72570456033869,31.033664818383393,2.256893231795007,24.2150901076987,41.68269104632419,7.638159649052707,365.8339956054512,351.0176199177089,5,1
Deccan-Basalt,Weathered,Trees,17.320776429971108,863.3000869824242,728.1498907901139,1437.8095413195076,101.23712769349235,9,33,0.7209200647288454,2,446.4125472154864,7.166496064513878,10.50388018302738,1944.9457799049494,11.64438930054508,0.5,11.14438930054508,40.75084026436034,20.41346583225209,24.835267944851637,2.819493351591598,24.18276614253869,37.63171787691093,7.2723607843609575,416.79613164233405,412.4734021330025,7,1
Deccan-Basalt,Weathered,Water,0.0,804.9812056984571,741.9575305429705,1509.9219109006292,43.09120960013834,5,22,0.7235165104723751,2,501.28105990532305,1.0964356494485363,11.166569137204386,2685.393914909193,11.280971357221734,2.1729757761858295,9.107995581035905,35.35374663993204,24.6516158513937,26.6516158513937,2.5492418815761297,21.249855093065406,50.99479847487189,6.803908281471692,340.02793845101604,305.59975683104614,9,1
Deccan-Basalt,Weathered,Water,0.0,850.5517670112895,543.6875639944634,1351.4328131754671,60.01615599877509,6,27,0.6224464815869502,1,547.5616154521382,6.9605277251321676,13.252013410824198,616.1311112926379,7.104103966043896,4.236108484437642,2.867995481606254,52.3680765118424,26.44756254091898,29.82543154950385,2.8397144124586147,21.641589790039674,50.44018980075767,6.962227346431677,338.6879408995112,349.2393967822624,11,1
Deccan-Basalt,Weathered,Crops,20.610284967816412,710.117505098205,656.8672941341049,1590.19311655796,99.9051013811406,5,39,0.7092384497889488,3,410.38560642993775,7.3007210201913955,12.231577545755982,718.5542998136009,6.205495872277433,6.618034873142133,0.0,52.38695123724952,26.31007910343987,33.9951903320332,2.647728039553255,22.92364367332454,41.49314121240934,6.887326461328275,360.87656182892937,420.9282963617618,1,1
Deccan-Basalt,Weathered,Bare Ground,10.709056859235087,952.359879126894,725.5566707580523,1405.718772277488,94.9599237269455,8,30,0.6370340659686295,2,403.391120432796,5.006062229178394,11.498716092477208,2582.316844778925,8.38086368476056,5.894074961953436,2.486788722807125,41.600529671844484,25.243632641363995,27.69615972777908,3.3399148530278744,21.06724559876017,51.10596905663678,7.629701081815014,375.16873982347437,372.87542075669853,7,1
Deccan-Basalt,Weathered,Built Area,73.5144263596518,925.7340576664469,573.8217708553393,1402.5077485883724,56.51009198096094,4,39,0.7365920667275784,1,514.7563574299431,0.023634349612832395,13.97351595160926,1724.2096780836555,6.87908841075995,3.0937438588550052,3.7853445519049447,56.96416269431328,20.578049355806034,29.226129272811974,3.357480182003359,19.30950348444618,40.57720283404814,7.137853731330274,269.10611824474955,293.2030023752647,4,1
Deccan-Basalt,Weathered,Built Area,82.79650421987576,784.5525955001333,689.5432777159347,1373.2184411080327,106.71275734732212,5,25,0.7412814061896851,1,433.06307260318516,6.164690238658296,10.147032454952836,2820.282079127158,9.306016309557055,2.9931876307002065,6.312828678856849,64.23455427611752,24.664930474071888,27.250724175086738,3.5087648573425163,16.2894143040118,50.39619914444717,7.585990443836124,293.199153278746,245.07726097399242,10,1
Deccan-Basalt,Weathered,Built Area,72.99117328067436,882.3945983326012,784.6498505781958,1364.8356410593678,109.71696694930876,5,26,0.6203706417496038,1,421.888700108609,4.827898888377207,11.728857798380883,2886.7938200483322,5.84534181491487,3.775830790708809,2.069511024206061,32.00340336199113,21.31289360205787,26.323392465565252,2.50393653370773,17.66653846850773,45.95345721636187,6.806074610607475,417.26252810245717,472.9424454140592,6,1
Deccan-Basalt,Weathered,Trees,18.67477384569232,750.793866774903,539.1989863113603,1463.0541112017884,67.90087525415389,5,39,0.7544990169034878,2,452.2337697112129,1.6400286532642427,6.951756954611741,284.33570016098327,6.690004278899404,3.052324910160667,3.637679368738737,45.54313995304895,22.75615041281622,32.519779621259985,2.7944115950467974,33.12309616971831,45.510994917496106,7.864210426645344,382.41405772695936,384.157668839725,5,1
Deccan-Basalt,Weathered,Rangeland,5.78874539404295,864.0163478301141,563.5310563821124,1253.6751586141672,92.76595808757553,9,38,0.6447488416279308,2,531.0374178237332,7.035677494287665,10.284745383701988,1526.859249147366,5.470021947256132,5.342262013542884,0.12775993371324823,47.01572819012161,24.255398465361615,32.35190991324071,2.6274941834271037,15.070370377533822,45.48305164686587,7.236718456310893,365.35657373071024,346.41696804512134,11,0
Deccan-Basalt,Weathered,Trees,8.710804649091315,772.8449564371912,762.4022919332454,1254.7457924743478,89.87881620987223,6,29,0.7157043714789164,1,553.4981058528863,6.10576670018227,13.967407798420581,1782.0288057458406,8.203294932534567,4.713630814505787,3.48966411802878,56.29573069076352,22.23547334294501,32.9874014867659,2.61186863290136,22.062752143746884,45.36489131707183,7.506281241530424,300.89039196760683,281.170191618996,11,1
Deccan-Basalt,Weathered,Water,0.0,938.2524418573471,560.3528897831757,1429.7497086817493,62.84257957162011,6,27,0.7042959598858847,3,546.0070268419457,4.865366266726619,11.892325289261672,2518.066656725642,8.68183484103457,1.560369155181614,7.121465685852956,57.02482761009878,23.381661528006923,28.044344091183945,2.6292019802017017,30.134812917812475,54.622197377869426,7.564347865937959,330.391746328024,293.93780551646205,2,1
Deccan-Basalt,Weathered,Crops,7.004060733067128,912.3993180836383,680.1318034105807,1594.8518656160609,77.14685495293085,7,37,0.7711188213328518,1,500.0870240870084,5.731681537898607,9.26738896756851,1221.421010973001,8.83134199480667,3.1921071001450367,5.639234894661632,51.664552155044476,19.684399171189646,29.585714578077667,3.480684047284263,20.105049071230443,51.2298482298052,6.952879184060067,350.6291504882038,302.1887423847953,7,1
Deccan-Basalt,Weathered,Built Area,75.89687482899845,756.6818294911839,685.0241164598227,1350.1885352308104,107.68820819243548,6,38,0.6453419882633494,2,412.04752490630744,5.88193873832884,7.117517396495767,1346.5357361237436,6.48898582173286,2.762348159989042,3.726637661743818,40.95977640430075,25.474075612146006,30.668629201076367,2.6797672691918297,21.19477996055499,46.487875064437986,6.519815664564706,295.9840831459754,312.30845076884464,2,0
Deccan-Basalt,Weathered,Trees,23.17588552565252,737.8551321014489,525.1173383617173,1291.3084924944258,96.20607584929863,5,31,0.7614558497518802,3,592.2046218212838,4.980975747117334,12.350429721999179,1520.6646296042984,10.455698362772045,3.3492484394453474,7.106449923326698,45.04048006910801,25.129415474637735,27.129415474637735,2.715906845127087,18.794888168036806,51.829501725219885,6.514153432371752,432.99675046953837,470.9925762784493,9,1
Deccan-Basalt,Weathered,Built Area,87.96617795403809,775.6159059220862,562.2590396413524,1317.7692436096315,90.37390183698533,3,39,0.7171182516563155,2,484.34269928856406,2.3317956631599746,9.216787200997562,2443.9602231552353,5.213062774737451,6.029182688527786,0.0,56.89893256723352,21.927751740851313,37.48652257287882,2.7776880270474815,22.32526360885597,37.54377192300442,7.810954661412724,301.7868529211985,380.95904730412076,11,0
Deccan-Basalt,Weathered,Water,0.0,882.3302786118209,668.7927157347468,1408.643519248488,130.62469919727232,7,21,0.7211863885688486,3,456.7442591226687,6.986609490732316,10.548314595609895,119.00096145006871,8.008059089033148,3.835180222582753,4.172878866450395,39.570751311741475,24.744471937864144,31.836253405153272,2.2920798318415656,26.755014692520074,37.46943264728402,7.629279457427801,362.3711115329143,340.40224829497004,12,1
Deccan-Basalt,Weathered,Water,0.0,852.8493917699577,538.1633305834573,1477.2172154863115,55.091842974845584,4,22,0.7264985040873089,2,416.2092579379995,7.108603692597324,12.394406737287959,422.70952013148104,8.972444208164607,6.200958247418786,2.771485960745821,35.98128817768039,21.677143324240028,30.084941154496175,2.8048927595133866,25.27688404052396,53.114929201865195,7.050988922219405,429.0195715283021,389.79575749510366,1,1
Deccan-Basalt,Weathered,Built Area,71.99693568328438,788.7931154438472,582.9335818628798,1420.8512039514367,75.13146290455683,6,29,0.6179860960996589,2,442.10938324818477,5.773568538714578,7.829909263213014,178.34867748235,5.708167638881976,0.5,5.208167638881976,58.789949451265926,20.525429089086103,34.920645585780775,3.0397517544068244,18.887327834666717,51.744698346040764,7.272764429791396,251.9979205504584,271.4411585949417,5,1
Deccan-Basalt,Weathered,Crops,23.581044665819814,797.4229818223341,601.686656418336,1571.6281630077865,85.00803420474742,6,25,0.7001654540328698,2,591.3337875070692,3.0446371274731447,10.549340926748915,1385.330654436738,7.198605701253001,4.010857545954521,3.18774815529848,50.905008074980124,22.925389824137604,30.9307843734387,2.266300170176881,32.30181446226081,52.323873106939416,7.469346479368034,371.3456470848886,340.22502979490935,6,0
Deccan-Basalt,Weathered,Built Area,71.91182280259306,762.3400220749852,577.8139683309295,1435.3607499009418,103.68187487911341,4,20,0.7749562572746488,1,596.8826597418637,6.219646932422511,8.181661716799955,1857.2721961151815,8.845858769733455,1.8746565087030258,6.971202261030429,65.27077065234907,20.218417979537442,23.582280452662207,2.1741853334595205,34.52122235479428,49.41775527989917,7.326328827995225,355.3978870273784,379.06667710894834,5,1
Deccan-Basalt,Weathered,Built Area,76.95766001897097,968.6698438870742,765.1897369186277,1422.2844364618609,105.41538833976243,5,24,0.6234451735141622,3,424.8272002231299,4.4372044392448045,8.33508846428554,181.61861898836625,5.5655549200616345,3.7724189538143467,1.7931359662472879,41.93179247716155,22.96482437808162,30.516641298115946,3.163808056693214,29.28298351084124,50.771884821849724,7.5855247979088745,463.16588889289295,525.5075928686946,6,1
Deccan-Basalt,Weathered,Trees,15.578962450973087,735.6433990174662,678.4714034224921,1259.7048515583404,90.99931158780626,6,32,0.7137946137132293,2,507.72165393453537,7.707940170993122,13.953660427503737,380.8929232662503,11.534050386774423,2.786415244506589,8.747635142267834,47.25930175501051,27.726444243368718,36.81022005514127,3.467813270846369,33.29980274915165,45.54652124121512,6.659927936312682,330.5809882023702,351.70350733011026,12,1
Deccan-Basalt,Weathered,Bare Ground,13.333172113489164,809.5788210170197,716.4834954069571,1581.3801395710111,70.69778714453095,4,22,0.6609010119015715,1,575.6885719818162,5.184322771790921,8.573270805504679,2176.1402763476763,5.935047709725679,2.72748206368243,3.207565646043249,33.071231361280816,29.175953911635247,34.90037504959769,2.535147352316386,31.87178421229012,54.32673655000394,7.577119065077501,463.47929040548706,464.16878384519805,2,1
Deccan-Basalt,Weathered,Built Area,74.3137689752334,905.8552944285261,535.909111775073,1279.1930559648506,115.06378871908439,7,31,0.7381301573359371,2,463.19248083454585,6.681303070718907,10.496712106504361,1068.5030190885043,7.012715836848669,6.0887214419157,0.9239943949329685,67.70838688869144,29.842983799791956,31.842983799791956,2.7689661903618012,18.425110047077172,44.88973820703637,7.013465025204319,446.6181641827875,475.98767282353344,8,1
Deccan-Basalt,Weathered,Built Area,76.88546762762131,863.304368676904,631.5931291805125,1414.992696333985,128.56368788528255,7,30,0.6809815461150037,3,544.4565577272978,4.643081647357343,8.661654524334493,2589.875678633224,8.453066588882164,1.182931355127387,7.270135233754777,38.993257123452466,21.71157086198836,26.468094619573968,3.1073895975026056,32.7359712556357,42.190618624617414,6.786414143536884,360.70323753405177,316.7073509198412,2,1
Deccan-Basalt,Weathered,Crops,10.806804475554095,975.3729582346275,734.4835588168374,1215.3475034149087,76.52444551288951,9,23,0.6536923448486837,1,419.80711903359645,3.01808352337211,6.990545657008313,2748.528615643236,8.9612751720918,5.069232760555371,3.892042411536428,51.073354493649724,28.6684402924507,30.6684402924507,2.8682583480768327,20.672099486624372,50.60328558479497,7.691332874595126,372.90784500662994,364.7168744640643,4,1
Deccan-Basalt,Weathered,Crops,17.94763666249842,821.7803779835409,538.6597821577558,1405.9727720687233,92.86121679018892,9,39,0.7179461980399614,2,409.1425784655696,2.9812907578470247,10.53989289937983,2694.588847081668,8.41213344592859,4.849303275406154,3.562830170522437,62.69088697448267,22.235322678163243,30.456136857676245,3.368564087338548,15.18303166470826,37.63378954443389,7.806368859631952,337.5296231134428,391.7434771791882,4,0
Deccan-Basalt,Weathered,Built Area,93.83553567755239,853.4095819892952,681.4791637724472,1216.7448283891058,117.63939255036192,7,22,0.6061239177636794,3,465.33237383282096,1.3441121883821356,9.579196265353417,844.671365048128,6.351852863712809,2.494368787884026,3.8574840758287827,60.08401878443965,28.666576654788834,30.666576654788834,2.75813148856703,29.35110426807392,47.7381790478716,7.49884917467957,476.94377804372743,484.40436783276783,2,1
Deccan-Basalt,Weathered,Water,0.0,798.4251985339652,753.154249916977,1355.4397533046508,103.2126267490735,4,20,0.7469617672479263,3,431.07377688460195,1.5819853841503075,8.903089185406762,1064.7163754295395,9.704438370828278,4.508877503299702,5.195560867528576,43.861159242587746,31.72905615949196,33.72905615949196,2.989546721089066,34.47448930607388,37.32597907013167,7.954614673846992,345.96796351163357,360.84860582837825,10,1
Deccan-Basalt,Weathered,Built Area,80.11058308688892,942.7990039370575,592.9653230476259,1276.8779329604088,57.10379417238595,4,35,0.6215160443021562,1,442.337704412122,4.622746555334834,11.37918735150664,673.2905537279692,5.97362439423291,3.9059199556268425,2.067704438606068,42.33804160295814,22.47828111729137,24.47828111729137,3.145856283833641,18.972569601689585,40.09900018259408,6.62959757641199,356.0605498774436,340.0624274811845,10,0
Deccan-Basalt,Weathered,Built Area,80.5820276011084,849.9518735441267,641.9394497422537,1593.778551387249,66.99826978878815,9,34,0.7199571118460302,3,425.30506950509664,0.22200661962778767,8.04116054708215,30.44161585690983,8.218393891943888,4.322434266320017,3.8959596256238713,65.23286559030994,27.08352520465992,34.79087492191414,1.6743769170717009,15.468746080533293,36.295136668980234,7.776349242374043,334.29128385605185,324.25657623373223,12,1
Deccan-Basalt,Weathered,Crops,11.769652135374667,898.0234650546022,712.8664676604556,1253.1037584164774,59.48721886425528,5,31,0.7732087208125156,2,586.4331133065218,0.3278658553657472,9.25131340494421,2297.644977472876,10.256955257000271,1.5935717343746418,8.66338352262563,37.00936428290281,23.629546930460403,32.70878319626996,2.833593878502094,16.620622127151073,35.57511265810422,7.516610118025531,275.1135469986248,267.49086774005036,11,0
Deccan-Basalt,Weathered,Bare Ground,10.346039262013058,749.9477613619729,556.254180592216,1219.286163177288,52.797697606763386,9,26,0.7015836382073232,1,427.2897729060422,0.8645515764091973,8.511729427350442,1389.050097427542,7.976764668387336,4.451461125182414,3.525303543204922,28.499435403020986,20.948228665690763,33.29090040124859,2.1492755117596407,17.62174095101565,47.80723124951941,7.188221256237268,323.81166086430596,297.4973650484087,11,1
Deccan-Basalt,Weathered,Bare Ground,14.873663436450103,939.9480995891415,714.3598590063964,1453.8959663188148,78.62318393324914,8,38,0.674443858981266,1,544.9768114731846,7.8180625590694,10.29260889157466,1186.0170573395692,11.368604458475732,2.3818187119654364,8.986785746510295,61.00235995211437,24.63025681430785,26.8291258621478,3.150383887991981,22.39337581330075,50.36864179552823,7.268260236091939,401.27647996161835,383.2565690861544,2,0
Deccan-Basalt,Weathered,Built Area,79.61580935105577,960.8227021421699,692.7908715355351,1340.432669940503,80.29871531389594,4,33,0.6074149051837752,2,469.95236217546017,6.947361179332496,11.718825333981881,2289.14568113511,6.9130487423317755,1.5938585813523374,5.3191901609794385,51.912747465212654,22.73318383397028,29.81968618281226,2.7019054219117917,21.581774054410957,46.45142693791301,7.2889845528559,290.0986453292747,307.65982670326434,7,1
Deccan-Basalt,Weathered,Crops,14.348363448255586,884.1212988535743,757.6294848158645,1511.3089271732338,132.42757168599795,5,39,0.7493691941832272,3,403.7492967902061,7.407342674949203,9.401876895517585,1801.4784166444576,11.203070370003466,1.1253326863250228,10.077737683678443,39.52796938297644,23.643368066126246,31.557623895471593,3.67327747833991,27.69417160765466,50.3025328537098,6.820960050437179,382.4299204278139,373.26915793861633,3,1
Granite-Gneiss,Weathered,Bare Ground,5.367563630298213,711.9293146227154,786.8040668846132,1301.590791098028,93.7503699488458,8,30,0.7340517387936961,1,496.0781768207815,6.585210940160776,8.0421545927937,2193.893703823305,4.3635924598888165,5.7740467734046605,0.0,51.92764601509628,26.818219776319694,30.65662919450373,3.5312204354166004,29.238315588061912,36.25474834697178,7.054250239099152,273.1311396986974,287.47974522170665,2,1
Granite-Gneiss,Weathered,Built Area,85.66622550283314,927.1274464268123,742.7815396482557,1283.3036704981967,66.0170659051232,7,22,0.6987875888083435,3,464.109582777794,2.116677143086088,11.726857631680744,1078.0044974470022,3.2292604846201245,5.227029531854901,0.0,52.8722470529331,20.32219174778487,34.91995276534896,3.55099363048163,28.63861527933998,42.46460199320653,7.265680087609099,301.2295138908592,256.4278872889238,1,1
Granite-Gneiss,Weathered,Built Area,82.57340215264574,877.0069514233394,729.1987749069668,1376.1721842972495,73.50679642654812,9,31,0.6684329985936018,1,517.2095918125589,0.5449879273348532,13.319228754233471,2182.4977351156595,8.406263430382776,1.8669221743762878,6.539341256006487,35.539878425696294,32.6111772347685,34.6111772347685,3.140483835865164,29.902867016699,36.49216124775021,6.8817913407308655,216.6198706206616,235.02992669812863,6,1
Granite-Gneiss,Weathered,Trees,5.07411234713421,774.959900478616,784.5130415762574,1471.287761056611,101.32455599058926,4,23,0.6555109239008172,2,431.09488004134323,7.262024938922366,12.832004132979996,1836.535321831927,6.940114167528719,3.418160262336307,3.521953905192412,28.059931207593074,26.311848839703952,32.019793237770806,3.151464700131929,20.18389267257627,54.47472725786916,7.554739118425793,262.2815139420474,241.04676123670083,6,0
Granite-Gneiss,Weathered,Built Area,70.2769887284529,853.2689669097367,530.0853805375904,1585.8156415750732,112.5396975555402,3,28,0.6178324401734289,3,512.2028257431673,1.3004609236024995,11.964797194073096,414.36127905723384,9.05294379551378,2.061129105819085,6.991814689694696,43.02539020105422,32.68519960284729,34.68519960284729,3.6075534558503355,23.862046536770286,49.17406088813503,6.743794860610999,260.69762943261105,232.92584205091984,12,1
Granite-Gneiss,Weathered,Crops,23.407105798621963,819.7981694309857,738.3227224782579,1265.1336919716098,100.74215907920603,9,27,0.7278102722998987,3,474.37301673217746,5.9150837260005,12.104590013977706,1844.0943960002826,5.819108350748239,3.4207965936339715,2.398311757114268,59.49745077361589,28.459086249576274,30.459086249576274,4.142267854590367,31.22838123088864,47.017632787620705,7.972030780683895,323.5045585944366,358.7565797123343,11,1
Granite-Gneiss,Weathered,Bare Ground,8.49511897201112,981.4432236304649,715.023223153516,1582.215303728453,138.34207876623606,4,37,0.697425486008379,2,510.4465657571491,1.5780389397296783,6.371347388350204,2696.755691933058,6.614515270603964,4.846533519500603,1.7679817511033606,62.720892027289125,29.794699830875498,41.118556552969444,2.8198485065560677,18.939631245577313,48.5528142110751,6.8596683834522105,243.72428058418384,237.10095498641923,11,0
Granite-Gneiss,Weathered,Crops,24.148163262914668,789.5159355013224,662.2294129842364,1460.0159507815406,101.05142512072734,3,24,0.7453439156268885,1,442.89252355837755,2.7259397775670706,10.906685290925052,2008.2438203988336,6.8881379571298185,4.272666581415223,2.6154713757145958,27.303097057119565,28.815231762393662,31.938009393826075,4.117190369835173,24.521480912702927,54.33462357513662,7.180979149004303,317.39572567998545,332.7330844158482,6,1
Granite-Gneiss,Weathered,Bare Ground,7.574279926555468,829.6097368738447,583.711146859303,1269.033904871085,62.04342498112846,3,39,0.6439226275640809,2,408.16686717387665,0.354786197702353,12.568540268453354,928.9316987717384,6.927672251735734,3.9812107843798863,2.9464614673558476,23.959468348914353,29.0898878715706,36.52927086358447,2.9945366037190913,25.076799088494717,45.88206067059999,7.213410590923892,221.15649411075532,227.4069837163215,7,1
Granite-Gneiss,Weathered,Trees,20.756198553545556,936.3369683850999,520.8952694814716,1332.8782969415583,89.07453274035534,4,23,0.6467741041946088,2,424.63243288441953,6.330534088911198,12.781464340768405,2308.652232534944,7.090900874192258,3.9028158972936167,3.188084976898641,38.16872308968559,28.60282955214654,36.898221096913666,3.471662513106404,17.243248752519147,37.16591081931538,7.279732046750832,253.93319244670562,246.6133695322887,3,1
Granite-Gneiss,Weathered,Built Area,77.21467392934977,820.4283251014255,664.172152434701,1273.1256782366531,106.19551935173027,7,24,0.7422646310192487,3,436.8887138340033,7.7755475145581725,7.927302904091153,232.3620186586324,8.761673607194513,4.051849231471365,4.709824375723148,42.49907412454507,32.76512928711067,34.76512928711067,2.630755244063133,30.759663617237564,54.08696842691977,7.848199886227217,328.1294625206502,324.80408519908525,10,1
Granite-Gneiss,Weathered,Crops,10.198259498022754,730.850325279035,699.0680856441252,1466.7058218448624,101.95583488943616,7,39,0.7106906380954083,2,575.0454110294413,1.723669907233499,11.531548686678825,2615.9357527861744,10.557332009709928,2.554639596470414,8.002692413239513,39.8101788546122,28.743778061154558,40.08106085167744,3.010729222410128,34.34480249074588,36.02742210498002,6.532822034374318,305.4675938261058,306.5484325898652,4,1
Granite-Gneiss,Weathered,Built Area,93.6865525666034,850.9951068482186,757.2795951299704,1551.6365501824741,88.3123472047099,5,35,0.6836169640694966,1,404.84562658440274,7.560223590883149,8.87760297413821,1291.3044652425763,7.367565125990332,2.7333316537756915,4.634233472214641,24.180802156750406,23.895348899281114,30.388950163201645,3.197002320515926,25.046068272901067,41.26317732768163,7.768736288222556,259.980564835798,229.8207648684999,9,1
Granite-Gneiss,Weathered,Trees,13.386072502992715,770.359730671472,724.6767955072639,1363.516678431461,51.72023261990992,4,33,0.7269794232704729,2,544.776139186288,4.871870581134879,12.365305183586491,1231.488163683922,8.825536388871397,3.284766051230397,5.540770337641,50.90809034529428,31.132947275202525,33.53597908950318,3.2647253585157125,29.278620595267597,50.669838578944834,7.584147392157185,214.9588960372653,257.31815212446793,2,1
Granite-Gneiss,Weathered,Crops,22.566496249380613,875.3821650512054,693.2343338987951,1244.621858185489,123.26375961426027,7,36,0.609832053660852,3,525.1759250166981,4.901123388744763,9.29319990382668,1186.6179779375354,4.713298668942199,1.0153382241221198,3.6979604448200796,42.21111691008163,29.598619815150858,36.66563518729342,2.6014738770104016,30.906304485362313,45.14833317951996,6.72457368827705,258.28424802695315,266.489834576899,12,1
Granite-Gneiss,Weathered,Built Area,91.61000503109386,963.3456592661121,541.182291353497,1349.5530498883609,82.05904380402369,8,22,0.6738962877812543,2,435.8563812165053,3.4786109872188042,9.140373713475467,1101.832180666478,4.323883895308575,3.938556935442131,0.38532695986644416,43.27739649561435,24.962459284109034,39.86292807864513,3.331533954587858,15.951423955773565,52.414624430594536,6.692130028116897,285.6964862925462,252.25354421685006,9,1
Granite-Gneiss,Weathered,Built Area,70.5782925008896,943.9982567187349,576.0638306010868,1397.4739493283855,107.73653998958775,4,36,0.7220285430917617,1,504.5743655170431,5.452386281539779,10.871907033627723,926.0371722119379,8.315819059349938,2.8755879555005177,5.44023110384942,45.95959903651589,28.55263677886543,38.43753754119386,3.4629133707435877,26.16827082928537,38.711028455915425,7.648683991528483,330.8236020415568,322.34116451996573,5,1
Granite-Gneiss,Weathered,Built Area,86.01070840406146,715.9312232697216,529.0418487880995,1418.0353367623002,35.98415869816345,5,21,0.7250086430113103,2,498.11005383151905,0.18360899144739395,9.786875082895476,1706.9187291382514,7.739190642533158,1.41342609993898,6.325764542594178,40.07129078095999,25.617170419151268,33.77298803124284,3.604216796445234,34.44553215761094,38.193690779122456,6.7111601147091795,342.75475871032046,352.13587170717346,11,1
Granite-Gneiss,Weathered,Built Area,75.15419142609632,797.5686483527445,560.2850335049786,1332.4185873032602,111.4145591748791,7,37,0.7103867621719163,3,591.8702064425248,1.4074080885795297,7.382299491667192,217.7551619402953,7.6589846521281135,5.354471418380646,2.3045132337474676,39.332385794324566,29.353567642633482,33.11439358298234,4.431184096611515,19.108742714450692,50.30814684630778,7.729852143463235,238.9071058409812,247.30904190479043,7,1
Granite-Gneiss,Weathered,Built Area,72.42824324771169,980.9928109826346,696.8182227458517,1257.8705122072831,68.66970672977106,7,30,0.665827675033916,1,573.5848647025018,3.3778258190586827,11.983467765797341,847.3067276078965,6.706854296200145,6.096812168956031,0.6100421272441139,20.0,26.158777743175573,30.326349280959676,3.58437952004573,29.91734644510089,52.1522938474905,6.969235468894254,252.0163510894358,289.0009553201837,2,1
Granite-Gneiss,Weathered,Built Area,86.52144023172801,815.2904053211864,636.8840002267686,1439.4362473088086,47.91472226069314,5,23,0.7878288390535999,3,439.93109211277664,6.873649386314829,6.939850260966729,1569.8299440540454,8.291913729988766,2.3263376255674864,5.965576104421279,40.23243980890769,23.58603161505102,39.69740448595995,3.6931287158691943,15.394356596394793,48.65186563513486,6.863485139743329,301.5709694261205,291.38934402026626,3,1
Granite-Gneiss,Weathered,Built Area,78.54539950707924,869.1412836158312,624.8656965389073,1583.2924773913617,73.85901642069398,3,22,0.6793694324603661,2,421.72198175933926,4.8697279699197304,7.145606000735321,1081.6718713006621,9.203976219794257,3.1908413956105997,6.013134824183657,33.45464480512978,31.522753722963927,35.715810056275046,2.6804015890467747,28.16532626791907,40.3257161220584,7.445986989726531,251.43530263070411,291.35271563559047,1,1
Granite-Gneiss,Weathered,Crops,24.21567556972096,848.8387148619382,548.6769219192372,1312.9436671600697,78.1065169120335,5,38,0.7670138431922491,1,442.81660783216495,7.918708184186922,9.559175330892161,1601.726051160968,6.877070823634234,4.171217918473586,2.705852905160649,47.118574002763715,27.656285898219053,29.656285898219053,2.2971143715975915,29.50389734745588,37.811015822916396,7.283699774842543,259.05604763050394,294.3482225854657,5,1
Granite-Gneiss,Weathered,Built Area,82.50215636840538,778.1089956812889,548.0482396617743,1429.011747367503,74.06823118742605,6,27,0.624182970667211,2,519.5211527368214,0.7333702732009835,8.08252677699517,2522.75244353749,4.747437836988485,4.906356009880329,0.0,38.583426130902374,28.334166458235707,37.41070847971017,4.48022525928376,27.889799668213907,43.96960313258221,7.045061582226122,213.5726204583441,216.23128590841702,8,1
Granite-Gneiss,Weathered,Built Area,90.10691278501812,738.8880738586233,586.2520479598644,1404.8696119399804,63.91576415280345,8,20,0.6367538039794238,1,492.44883431729573,2.734184835766711,7.128954371547277,1639.6452305981709,6.9473932162016085,4.534665713070787,2.4127275031308217,25.94635494825325,30.431148086847696,34.16348115364687,3.845904261234612,23.5004561861567,41.06279327850235,7.193387525500691,232.2231282266436,231.64710799972278,8,1
Granite-Gneiss,Weathered,Built Area,87.12664846533076,933.5253092760598,575.674039401988,1431.571428652896,104.53537383114305,3,26,0.719599445538705,2,413.68668464721566,5.016101728990767,9.99108801026458,1695.0973547257272,3.2063314524220123,2.456207193448593,0.7501242589734192,40.00777536357394,28.039771159553993,36.42579311438678,4.031953464577939,26.08168735090604,35.768206158543535,7.878815662431497,248.34413501960867,200.0,6,1
Granite-Gneiss,Weathered,Bare Ground,6.553634034454927,873.8461317848133,708.7369681394487,1479.8516615915507,50.24896214640469,5,25,0.7619983206892715,1,523.306056324993,1.616382672565022,7.838798515446126,2714.8291294225487,8.090530797663577,4.76505229808118,3.325478499582397,49.44699413284022,31.538293167141312,36.91875436671558,3.421710707059148,17.45790771644607,52.24592667834212,7.076764039998066,252.77155084179802,257.9003795427412,6,1
Granite-Gneiss,Weathered,Bare Ground,10.170618838932365,978.3553288230034,788.4587313327972,1223.5976184551973,82.50059135353862,6,20,0.652678989835863,1,589.1117103516029,2.550893929252653,11.789620511533723,2647.016023717266,6.615469142850312,4.465471114301227,2.149998028549085,36.44235470463073,28.492576440278317,45.96306304670077,2.9437667685580715,32.9230309272247,43.20909441136154,7.368798429104266,318.7157688215191,309.7859821690131,5,1
Granite-Gneiss,Weathered,Trees,23.73173667062577,970.163406950524,604.1839004885882,1455.2172747161708,74.99024662884955,9,28,0.7054132783006881,1,407.1294333177884,0.010962045677149312,8.786642029449581,2653.834896324188,3.4102040520236203,3.5519950570227055,0.0,53.711249671878235,29.33713838089775,40.75761435850937,2.31036133289588,18.26064088826236,36.23711154233377,7.589446967850463,295.08699761460144,274.6576332303382,1,1
Granite-Gneiss,Weathered,Built Area,86.04020226732742,980.2206660348068,512.0939891277793,1377.3218204161558,78.25136022093102,8,27,0.6695243522384998,3,410.33179479099476,7.936809448509587,11.962429586418947,224.98908735622496,8.144400525375708,1.2290361765188562,6.915364348856852,26.414716500156466,35.6168227537061,37.6168227537061,3.5829399394379133,17.35019134967209,44.400506774752046,6.733424592924198,286.2276306623297,275.62894696193604,12,0
Granite-Gneiss,Weathered,Built Area,92.96057556925244,817.8971954018298,531.995086560022,1370.8513292544185,93.28230625821377,5,23,0.7436125416169567,3,469.419904150036,6.4309040410855465,6.00774307244259,2832.672684782851,6.62109786581979,5.765719667881896,0.8553781979378936,33.41652813441041,28.30315560695735,35.023253825799976,2.9287468482726022,22.42879750683238,50.15238948521522,6.971161744113901,335.1151118072911,337.47840345613076,12,0
Granite-Gneiss,Weathered,Built Area,78.49273848085558,747.6721578206985,726.3530808111831,1521.5711554808936,104.91972884159507,6,38,0.7550428723665925,3,440.5666950062485,2.382760068663698,9.526170438797488,1632.4838346554486,5.822970808536577,2.7817209277044137,3.0412498808321633,37.810697465452655,26.81907321457135,37.04173339505601,3.738170509200495,19.78354326614603,54.57984929819451,6.759687793889128,260.4885272110735,261.4145792858782,11,1
Granite-Gneiss,Weathered,Built Area,80.21964199420125,768.2837788946658,701.3450436050063,1437.190857925282,109.31594128269636,6,24,0.7326132387105992,3,451.2764587592605,4.945497805262073,12.641060845662796,2492.506939506842,11.938850829315815,2.1263713992172906,9.812479430098524,41.77918421779961,29.523232691496794,37.213717515750844,3.213743039067078,32.35670025157059,46.7566814229678,7.757222676444925,330.09624157422854,288.1680917055727,4,1
Granite-Gneiss,Weathered,Trees,22.555877270494232,970.2027471477161,672.4125320433828,1486.7835833041288,108.62557437578677,5,39,0.7226845196605414,2,504.88786344640505,7.777425734650222,11.967575906742105,2490.7322228459852,8.525280230774763,2.6747394819755375,5.850540748799226,21.455172471259093,34.63780236305763,36.63780236305763,3.2268020836794453,18.001287063625078,40.964200394109156,7.67392542898098,259.4418290328841,200.0,5,1
Granite-Gneiss,Weathered,Bare Ground,8.716633460883703,747.384283776749,692.0787270559382,1231.2168492020369,48.68724810568583,5,27,0.7696898098174695,2,558.3376329771038,5.710417574374562,12.825691603393114,860.6615095058305,7.106779681982692,1.693083477347309,5.413696204635383,47.2448362350145,25.24239096761506,37.562392494207245,3.626480802865187,20.432361609329085,48.17861331521933,7.014597366998348,206.48098408758486,200.0,8,1
Granite-Gneiss,Weathered,Built Area,88.59134132027194,958.6855505722583,703.1229529582569,1596.858794346022,87.89467535508248,3,20,0.7030538970307998,3,512.7507223272044,4.680275370819086,13.827197681595223,390.2936637589083,9.073671798343824,4.119017871168595,4.954653927175229,49.07299496723769,24.151194336084384,39.33553467529502,3.21143573921543,31.126121373100418,44.7546339733942,7.265077370143211,253.4913009586475,280.98390574982386,7,1
Granite-Gneiss,Weathered,Built Area,84.72537340079892,939.1319504566902,613.2691326304154,1399.9808202701522,106.22937268314294,8,26,0.6065142871887064,2,410.260671053349,6.901366689657874,6.951579651575113,1302.0301302144308,7.387144580154986,0.5,6.887144580154986,20.0,27.929577365905008,34.51644135253987,4.0553525500667345,24.877592598614342,47.459221013157716,7.13552052736031,253.368911926625,277.4244643522272,5,0
Granite-Gneiss,Weathered,Rangeland,12.110271280362506,965.1411514989869,691.9870614237481,1436.1849043007976,76.40784270101906,7,34,0.7465879103812225,2,471.4302479165425,6.442685485619228,6.525846087177056,173.55513511553357,3.9710566344141704,1.1229772780805511,2.8480793563336193,35.786010819119326,30.171562130581037,35.638476074097596,2.6277032555767894,30.593415146626064,35.28591820220021,7.114071624075145,301.19501339899284,332.2102515749672,2,1
Granite-Gneiss,Weathered,Built Area,71.11452525742556,726.9831264239543,683.1554979726649,1351.2651495537393,55.45540251750201,4,26,0.6334114467685403,2,572.996099017179,6.384666542034709,13.657896494197896,2714.730058821185,8.681674972914617,2.924805162833437,5.756869810081181,37.441976301349115,28.70393599169793,31.06516065217197,2.7415106851002453,18.244385250281073,35.89541797262349,7.37193668681139,319.61621223067044,346.72537413859845,1,0
Granite-Gneiss,Weathered,Trees,7.021434145135606,921.5286099937912,551.0024352850803,1358.7831213712857,77.88436225496226,6,33,0.7420242631087505,2,486.6539659184832,1.0675916697150782,11.70959041347811,2455.2489918039173,9.643585308124823,3.5006581763617883,6.1429271317630345,30.187729757580883,28.478402593121235,38.82500614422567,3.207893281705791,28.653364068731307,46.551399182215164,6.793703202157671,247.1448230742114,270.7207330697652,12,1
Granite-Gneiss,Weathered,Built Area,84.14968040051251,709.6733094780044,797.5101177253349,1442.9857583646335,86.74827468360972,8,25,0.6511916119351906,3,563.9011286786175,5.458139381443924,13.073504680785103,478.21638794161817,7.805961948741663,3.3100924999739183,4.495869448767745,50.65881217904335,23.489191382749652,36.38551464129218,3.2157163848912678,24.029181642450865,45.0739656862155,6.721004444902311,278.4758984253989,273.49799392045173,11,1
Granite-Gneiss,Weathered,Crops,17.32202072574512,891.800479427343,581.983665298787,1291.4156798156628,108.45048175897381,6,23,0.7129204728940433,3,593.7038403270424,4.1951686054847555,13.530907147219724,373.5487882587293,7.761194071738812,2.2641336783682746,5.497060393370537,41.445049740092976,26.160020815365144,34.92830594191434,2.9725104358741645,34.87582235520256,37.20745063189325,7.96369865576305,297.2981702616285,290.12636952864375,10,1
Granite-Gneiss,Weathered,Water,0.0,870.3988204432006,713.6822737974342,1324.9440346861304,127.103589139802,3,20,0.714225596572385,3,433.3941683636043,2.004480564399172,9.230629139800204,270.51871497486127,8.632289251273749,3.3513371574410673,5.280952093832681,46.40187467075651,33.010521894152554,40.41261481709746,3.0986182688481962,31.64743854942784,53.11893160344138,7.500969294734,266.9746233856347,200.0,8,1
Granite-Gneiss,Weathered,Crops,14.858432652781879,724.1822605731751,709.1012277724739,1410.5891626946627,86.06243915931623,8,39,0.6902726032928481,3,408.40167442546687,6.273192473558834,7.073195084839681,2079.239887294862,5.893241247306868,2.219141826366459,3.674099420940409,29.812997236286872,28.63850541396634,30.63850541396634,3.2757772743300153,22.088907486291504,36.67900896647422,6.913751299425717,326.12107697763724,282.65478362159246,9,1
Granite-Gneiss,Weathered,Rangeland,9.410901862061005,759.3632157774019,581.8137132221135,1309.255886583909,58.824892634097836,5,35,0.6879416610596516,1,509.49453174533085,3.7636742850840514,7.572808968610287,72.50783323255888,8.751017934660002,5.147712038346491,3.603305896313511,50.791563955079305,28.048188359818457,32.237736119108064,3.246746589010014,18.542308681316282,43.481232731491986,6.915330043784143,338.72130758681897,369.1428362149119,8,1
Granite-Gneiss,Weathered,Crops,14.219213803766737,994.8514012191229,641.0394890133525,1497.7535802603225,134.24024746239013,9,23,0.7290812109949594,3,442.381966033333,2.996534051134364,8.640491987235832,2283.461432628083,10.427779122030012,6.342767697205538,4.085011424824474,67.47577769042343,25.432298185865456,33.493604887192674,3.3359214120080525,17.843647725475375,39.1700987245261,7.140424895368883,354.1113546644249,308.8396475236416,7,1
Granite-Gneiss,Weathered,Bare Ground,6.313770940743789,903.4891672860716,654.0609276886216,1455.7137976478955,109.87059786038266,5,31,0.6123539696485326,3,434.88572561055514,1.946909091205474,11.431881212410516,1733.832037031377,9.74163398574104,2.4141119938553315,7.327521991885708,67.23554216008755,25.891245260602364,27.891245260602364,3.428737589500599,32.77905779676044,47.45504275380603,6.872791967668779,233.14824404714005,208.61360528434258,5,1
Granite-Gneiss,Weathered,Built Area,83.88466045552138,878.2521066602553,664.80969051349,1285.9269308971855,59.93149521998673,7,39,0.7892697428942921,3,517.8264022350354,5.144944347195375,10.273491997013668,272.90734677005594,8.802445588107002,3.8102782217619358,4.9921673663450665,69.7828558205891,20.3536926082198,28.617731994968942,4.004544717094372,29.420861242552363,35.96508753759214,7.8958087764280425,342.03161262421077,364.4959863350284,10,0
Granite-Gneiss,Weathered,Bare Ground,11.444810550631745,738.4436336768181,727.046742146524,1478.4208229214732,108.40566970052036,4,33,0.6682413644070361,1,586.3251817115565,0.7443045059459878,7.202459091562031,748.2810994351331,13.787976747323768,4.753848253806061,9.034128493517706,51.343184632616186,28.016435692938494,30.016435692938494,2.600666109297398,30.063869227543766,41.94280091730696,7.654139865934651,317.0454519212241,344.31638603949506,9,1
Granite-Gneiss,Weathered,Bare Ground,8.289263293940813,993.2144324011285,520.7149249300268,1248.9598359019574,122.35250472363197,9,21,0.735939224788317,3,528.3595318440773,5.9617877079981945,9.358547726279081,2114.945729506816,9.606691773595827,6.602337744110766,3.004354029485061,58.182127307649864,22.266466052281764,27.551796200900867,3.035862720512556,19.240430763630016,36.706325825481834,7.971326785555959,390.5146572542624,429.9222299119443,12,1
Granite-Gneiss,Weathered,Rangeland,8.765753775890545,758.0371322794498,721.8079270543526,1324.7173413987134,111.79104165459755,6,34,0.7083918356918052,1,513.8074168570915,7.330850408877323,12.51883606532507,2549.918083991261,10.954559374233625,2.7808459213545467,8.173713452879078,55.81269874445096,24.836010366749175,30.406394448045024,3.237562857336402,17.67741264571405,51.58070408184099,7.439297784069122,269.5505006853667,265.3250791830497,6,1
Granite-Gneiss,Weathered,Built Area,71.07510059169554,849.8074437276612,728.3627982605318,1387.1196257189433,91.38397758783157,5,37,0.6732025524858617,2,468.90764798791963,2.667077790463866,10.516621641441578,1492.3176112994577,9.446036631679338,4.7275552733519435,4.718481358327394,53.42118134250015,25.284832028164065,32.45798161753629,2.824292384692306,23.361976658077076,40.08822366683664,7.1022462420788415,393.2048813911894,422.9786599323251,4,1
Granite-Gneiss,Weathered,Crops,10.815467505443282,790.3033473158893,502.39013167796645,1580.3986577800995,90.03987898164632,5,24,0.7979226862611457,2,522.3147454467021,7.592318134331354,9.051824894895915,537.3259949432525,10.176188710327224,5.804799196997715,4.371389513329509,53.30962376753426,22.44772253874294,25.308000379667405,2.69562011623026,29.101130054971456,51.74715215361987,7.300498592600101,406.9273864568165,439.6219775436652,9,0
Granite-Gneiss,Weathered,Built Area,91.61991206165959,885.3391205662903,674.9382011496743,1575.169963186088,115.24893089417337,9,21,0.6521613672659442,3,491.79514457667824,1.6870600061637395,7.50856402262089,2790.825174176292,9.679639199518112,4.749227339977055,4.930411859541057,39.57217646378204,26.515099293596368,31.06448991217212,2.882972944183621,23.087929218436305,52.671895183088566,7.635044122733384,385.8151548065403,345.0254931674591,1,1
Granite-Gneiss,Weathered,Rangeland,11.947791740128341,986.3649015312413,729.3842836841469,1312.657285148968,59.349346927641655,3,26,0.6931486425138268,2,474.1065438307594,1.035376765900958,8.148037334760362,15.334812682683566,8.83465479053401,4.3704497078932825,4.464205082640728,63.91614025956007,27.902723895544003,33.171071386519685,2.3295748759015176,21.284249182116334,51.26926362941369,7.063268820139812,301.8731828312823,248.63457898770514,2,1
Granite-Gneiss,Weathered,Crops,5.3542032578949,972.384709749843,527.3226249694841,1590.723922304263,111.68477342163241,8,35,0.6193405997679423,1,527.3462163743496,1.0446330402215587,8.063352984009752,1740.5749975130477,10.790377100641354,5.980427319509281,4.809949781132073,74.30903158231631,24.725037787736618,30.393482779929197,2.727961433106482,25.096788456890042,54.40183027044042,7.900329353461389,349.3558746389549,310.18676985591617,8,1
Granite-Gneiss,Weathered,Trees,22.24407970932096,811.1832243960474,525.0202144092135,1575.4573603466836,99.4023942330068,5,30,0.6432607199793786,2,416.7491112573612,2.118232268199738,7.423733809086274,516.1365625451269,7.921827265587927,6.330967086078033,1.5908601795098942,59.20186972792007,26.099879601576013,31.109681518014956,3.440814458838087,17.982554722456296,44.69489879455145,7.877346673668943,243.15669997395926,270.3534361563544,4,1
Granite-Gneiss,Weathered,Built Area,70.11753410583536,732.7216146640832,701.8662480007877,1547.4354895765146,42.41206630293267,9,24,0.7517842489572052,1,441.6438529912043,5.248204557082576,6.43633656204122,1921.8913510404266,11.523662205539434,5.32973446826997,6.1939277372694646,28.225308473880464,19.767999436888267,29.00300511618379,3.526615792867445,24.317775567535953,45.64195474882055,6.974766937913422,324.19832448212776,299.0144934275085,11,1
Granite-Gneiss,Weathered,Built Area,84.4104492135207,838.8052120991084,642.5142647185362,1237.609092349945,65.61045065953137,9,33,0.6768270885502997,3,510.1644328816377,4.5943824761174215,7.958934727618103,2314.5968317555457,8.153781414754093,5.106374261599628,3.047407153154465,58.62724631142593,22.92495267180562,29.464932765726168,2.3972135093550926,29.360000977278183,37.317501228433144,6.643985427566454,279.05907760302017,256.5794170582662,11,1
Granite-Gneiss,Weathered,Trees,15.837890821967749,823.5259196289508,521.9990071334456,1537.9947908973238,78.19196061397271,6,23,0.7678128009367635,2,452.23704875722063,7.246598302371437,13.55011060784382,453.67561046385015,7.242699085608839,5.026836487893492,2.215862597715347,46.035738813012216,18.066409114850487,30.047318273796307,3.0350140675561783,32.28381199751711,38.58298893576775,6.850659337362876,339.76683305233274,370.99300814297743,9,0
Granite-Gneiss,Weathered,Rangeland,5.75823842832477,927.0559610996213,633.3206342103134,1324.6496518199783,106.87780549287699,7,38,0.6635468090414277,2,574.4380207751042,2.5703084634614015,10.821745714663543,2276.5282812894634,9.035602790306914,6.486060741709811,2.549542048597103,56.63619579164289,22.607768039215898,28.513924681461653,2.781939073008346,17.12404412220099,44.60426547359133,7.793511093588746,442.5088579860945,468.72966829233803,4,1
Granite-Gneiss,Weathered,Built Area,70.8998829551415,729.9618693970808,603.2722722631383,1389.1900967699867,50.75181748416575,7,27,0.7229484107714941,1,451.32171312515317,1.1911179836686019,7.106627415925532,185.17417924242528,9.229977988997721,5.404005575692241,3.8259724133054798,59.53687287707385,24.82394328757859,31.99698082062556,2.8679704508397603,24.62898037366135,43.81016558220825,6.696598817539458,319.9195615339905,350.68048986685056,4,0
Granite-Gneiss,Weathered,Built Area,78.77457387241698,792.0017805363564,554.3341593963088,1426.1952586061243,79.91190743970856,9,22,0.7608535586850865,1,534.5054829746141,3.8478489879996403,13.787284702872713,81.91019250760303,10.528678009912788,5.481691132803502,5.046986877109286,62.56695158671725,25.774340501096948,37.84872873212491,2.9618105720179364,21.672032503470952,42.734242859010514,6.893819224918174,367.8250025565264,361.1399198378044,3,1
Granite-Gneiss,Weathered,Crops,8.265788344138283,949.5360380656085,549.0778735812642,1541.3777471032695,135.37719901331508,7,31,0.7350169359365376,1,476.6100589674332,7.306788881444329,8.872158513594165,2189.679188489072,5.883836682934995,6.383393379960519,0.0,44.1391168993898,27.11709148666624,29.899392788198956,1.853675077834956,24.66093980437114,51.25538877139675,7.365877139394968,348.339201667702,367.22386300252583,6,1
Granite-Gneiss,Weathered,Built Area,86.91227647580439,819.8584432310364,703.5804210019373,1243.9157338847147,47.2830935804134,3,21,0.7879019120489584,2,508.98050251250606,2.0052151845181534,8.456974672860287,1659.6842396279,11.316625204233352,6.474343497344653,4.842281706888699,74.52810927852107,21.9245772356018,35.97638323303582,2.952776328218801,31.483701499220157,46.86270754202706,6.721987197657545,357.2770938613376,369.09957372934474,1,1
Granite-Gneiss,Weathered,Built Area,76.59291753260811,978.1904254074686,751.7563542704341,1288.2991840196357,90.9903467023234,5,29,0.6004937310650146,1,491.00236396588366,7.968122141619632,12.558381071896807,2730.861044666302,6.6059342654484485,4.786695536152764,1.8192387292956846,44.461451536352655,25.83111169654657,27.83111169654657,2.52754049938527,22.002011352299554,38.694908482804166,7.489449465261615,254.0141760377472,244.9081291282505,4,0
Granite-Gneiss,Weathered,Built Area,87.35887688042693,935.0541998952882,714.2287369502424,1289.566081615876,138.73693030182258,6,23,0.6567378917519805,1,454.7031947503821,6.465810612383481,13.887499345053762,635.7198950823504,11.014843104598542,6.475283004024197,4.539560100574345,75.39381343435225,24.69345867185865,29.494062519313765,3.95246975795517,31.03482664822384,44.86106155905012,6.995858466848568,310.9176720710126,323.1117631931998,11,1
Granite-Gneiss,Weathered,Trees,14.287098359095978,823.6863484695032,535.6058710228332,1528.356485963476,116.82060085707523,7,37,0.6010939245582633,3,583.1987972585273,3.6031355742822964,10.342056194414141,1423.7498833678444,9.399178276057961,2.584385197687543,6.8147930783704185,53.235424771452394,20.693035004766323,24.388018007799598,1.7931163785843012,23.42529901950268,43.16327871150783,7.074579732755878,381.55856942966284,393.1509549830904,3,0
Granite-Gneiss,Weathered,Trees,21.18954008034819,934.7546930814301,597.3175976547484,1310.081654639454,122.10292790869369,4,32,0.7647170243306364,3,583.7234256718989,0.4667166117970396,9.001224297747443,1790.7353737631997,8.804182111648041,4.503450871276725,4.300731240371316,56.22018930108653,27.963762745139828,31.280393485276576,3.6591156669008584,25.81634604958321,35.75099593345274,6.778598184106649,334.0518419210661,254.57046002155684,11,1
Granite-Gneiss,Weathered,Built Area,85.83925155793753,732.0965797462482,597.4236476847142,1398.8321404137846,48.03010962434537,5,37,0.6073249047471564,2,514.7792020445592,2.2218408175701017,9.730482788395165,130.31530065170261,6.29052532419993,6.595468238692036,0.0,45.14214737191894,24.792843862307524,31.476125572826476,3.5044981707086014,34.04545369492369,41.339142371605355,7.101485580315543,334.1575372360365,336.8907686513829,3,1
Granite-Gneiss,Weathered,Trees,22.964795700589313,863.4447485996062,642.0854597962727,1426.662706371693,101.32238471140346,3,31,0.7232892779821786,3,529.6272029927469,0.540742239367467,12.049376877009074,514.0092621020668,8.776192452145533,4.942973044621635,3.833219407523899,64.16725540994508,28.040952448858295,30.040952448858295,3.489799162174418,22.51840398633332,41.772534339549,6.962082987116965,323.1581716038591,392.28807819980204,1,1
Granite-Gneiss,Weathered,Built Area,91.8303709260336,899.7226050856718,591.9400938653615,1432.6945466608818,98.53619122207053,4,36,0.776630392549252,2,453.7804472375207,4.43564086824287,9.245781005710176,2450.3496751287007,7.329267459264055,5.180415024102183,2.1488524351618716,72.03109115205392,19.22802678787052,38.4400162853257,2.96880965888602,15.322960436946962,40.76617291088698,7.087167856480248,379.976528288064,431.61298350576374,8,0
Granite-Gneiss,Weathered,Crops,7.412714103402718,830.9336472011296,700.1091136467381,1327.5195795648415,112.49519719213205,8,31,0.7273534648756926,3,403.4536608949845,7.751427374199345,12.477937400705503,233.70143244307056,10.065455732980933,4.516572048838657,5.548883684142276,69.83577366842562,22.308573020076288,29.79919659579084,2.8851087548248113,24.602121343613916,42.01034438377485,7.090413010245555,285.8514969940013,288.30165369721965,2,1
Granite-Gneiss,Weathered,Crops,14.200803618601993,733.3300906476697,631.8121394535239,1521.1796374554988,52.85586400166822,8,31,0.7581129731686719,2,467.0599677796142,7.008952206223824,7.7121796873999875,1097.81222155362,4.855143550654889,4.489724800236477,0.3654187504184119,59.159508020117194,22.249421803211288,25.976360332508598,3.0081930017092486,15.59117854064576,43.21734697614532,6.982323347141116,326.0495777226968,341.46707800963065,2,1
Granite-Gneiss,Weathered,Built Area,73.96191023109068,844.2782523959909,553.7502705298305,1232.4564827483487,105.77103571015897,3,34,0.7080496415561236,1,475.8995740181962,6.865335128171484,12.047194361346236,516.1934868296837,12.304347328464381,5.833873677399307,6.470473651065074,76.42371377025984,19.085192582684677,33.540902527415845,3.229898665230799,17.13290617576293,48.087019621490164,7.23958337416837,396.9690081436885,422.5701702799657,1,1
Granite-Gneiss,Weathered,Built Area,94.65846988114947,930.8617754134366,551.28761589482,1502.459978795173,74.19744119874761,9,28,0.7297777268244972,1,478.52048039940047,1.19629730723591,12.702313264003902,2108.9656369038585,8.695254220743145,3.3966806533540836,5.298573567389061,63.29024097141401,25.814402506485578,33.525146087661895,3.0493692965538703,22.88909337926222,46.189461375730964,6.646131975710131,322.32523690149077,310.66324604080614,6,0
Granite-Gneiss,Weathered,Built Area,70.48836439026371,919.0575378874678,666.0325835635571,1444.305073407785,126.36589995969413,9,21,0.7541782998874242,2,568.5262622617404,5.643190502195602,10.108550164173614,2577.797995921855,10.827149577755907,1.9815678612559373,8.84558171649997,60.95953198592701,24.15801176720906,29.47018614014877,2.5324339945955723,23.211361118669927,49.42417593656948,7.691525283579107,307.1305674724807,290.21189195716056,4,0
Granite-Gneiss,Weathered,Water,0.0,813.8881214885571,724.425718793015,1229.5646615339522,60.8956436265058,7,37,0.6071625650637361,2,521.0057068924023,6.800013475627262,10.897093736323908,338.6011410977694,9.362839955641657,5.8640272997959375,3.49881265584572,50.12285615549602,19.37622509094357,24.669906984307502,3.718817678399618,19.28400333140156,40.861708547132125,6.651033611533237,297.9724571747717,327.38421422920516,11,1
Granite-Gneiss,Weathered,Bare Ground,5.076095773182149,992.5328816040535,736.8671569203735,1512.8451458406325,90.3865923003699,6,35,0.6816508317501021,3,431.9248524953437,7.787114010426086,13.63783214761438,2257.7098489351847,9.3221629902394,6.184781334493323,3.1373816557460774,70.06111651704134,24.87653306628475,28.28040564509842,3.2659763585341492,18.00262465042194,54.17151886452317,6.507491603166634,436.48679286380076,416.3951286089138,9,0
Granite-Gneiss,Weathered,Rangeland,14.77846219522535,707.0220823815473,537.1941295878801,1240.2531394496248,102.87248223782667,5,25,0.6454043970956849,3,459.8648934027991,5.551420197943024,6.399805101889508,113.50889186896143,6.078945131460714,7.31982674256888,0.0,64.58736480018013,24.77897917175098,27.91753777689135,2.941482155876514,20.4993879887749,49.267974495956445,7.19895031145849,335.88558064885757,348.5938952425891,3,1
Granite-Gneiss,Weathered,Built Area,79.35545934959364,746.8472215897445,524.2168989716445,1280.2065775406722,77.08265005510275,7,37,0.7877430811302987,3,450.3450022464708,1.8168585813568106,7.02860941202796,1376.297304029431,9.120232726230379,4.717594510882385,4.402638215347993,45.22731655700485,27.8182930833193,35.92826396510231,4.013872833161625,18.80391094143112,49.28402255665819,6.8858012471638075,304.7291068480988,308.2339033804956,10,1
Granite-Gneiss,Weathered,Built Area,71.56700192560866,732.0689353124869,688.058832416948,1241.9471428936401,58.18877627652221,8,35,0.7596655725974879,2,422.1365651412214,6.437536440004089,12.04899322212368,1026.0168944399684,10.37270417254025,4.172157282393083,6.200546890147167,65.5907123165951,23.130316756600195,27.657781709047498,2.5936909560451413,21.51300010650391,49.6059154453933,6.535225955926838,281.2966591548086,268.02608255246673,6,1
Granite-Gneiss,Weathered,Crops,18.00065321082124,835.3937689182167,571.8698136821534,1242.3610247254596,64.66312714004803,6,38,0.773802037508629,3,544.1570701429298,1.765831959131587,6.694346356738569,1980.0654960130657,9.136415449712596,6.606298075826459,2.530117373886137,62.86058739554083,27.31858981760044,29.31858981760044,3.4190600211119944,15.776824708643456,53.32643204639824,6.968198939453783,247.81085189892366,266.4330325524828,4,1
Granite-Gneiss,Weathered,Built Area,77.83057346566638,782.7305537751554,570.2906060073768,1238.6113570692232,103.62901207689067,8,32,0.6395568730255833,2,448.31128244763744,7.12234681273699,10.573214455287285,128.39529911086197,7.49191038147427,2.609476138367152,4.882434243107118,62.193427674876766,27.81631434896333,34.57056179163316,3.181954593148107,20.22670055603766,37.184590907636505,7.666751843658892,319.7881899623066,373.8966439523772,12,1
Granite-Gneiss,Weathered,Rangeland,11.02450969741378,788.5916310926835,667.801304798631,1306.4170045512585,114.19433313332526,4,37,0.6908838601020758,2,507.04622453626223,6.943967781234244,9.801795823580516,1036.2037683699784,11.695862245984593,3.737602809755195,7.9582594362293975,59.07757065924189,21.0633617905026,28.285802472578904,2.2897756966825824,30.58532064156708,42.671481765759935,7.341592428868226,425.1401034408501,394.85021312159427,12,1
Granite-Gneiss,Weathered,Built Area,93.42875853963824,819.2121728481471,760.8879913514645,1465.8973571347415,47.33147626290737,8,33,0.7768895166252784,3,547.7420973627735,3.3996698411054895,6.640086824883776,1487.0997089529228,7.8599081040015975,7.424410371673476,0.4354977323281215,53.41405336954939,22.605159013808173,24.605159013808173,3.3097937702948483,17.25692978900518,48.80517019212218,6.771101082610082,347.76734573721365,332.62667233525445,12,0
Granite-Gneiss,Weathered,Crops,10.780992973798734,760.1701876476616,637.2318228212313,1297.7568891712176,66.24243585821596,4,36,0.7259276538589694,3,482.8105694345398,6.972405939689495,12.909842633779707,2716.0601135006705,6.777541353554978,3.6480217729720072,3.129519580582971,65.48614112133538,16.155740999153707,30.98088736721773,3.832000973301177,32.54971711579817,40.707337963756586,7.15542232532074,388.376885273686,419.59105931742175,9,1
Granite-Gneiss,Weathered,Built Area,83.16391671809868,865.6631244314026,695.6706470999643,1572.7755854547881,70.23901624754308,6,26,0.6965927082795778,3,410.10333922995324,5.865706019627572,11.821616569391525,1420.324865382244,12.6630725364207,4.017318750011578,8.645753786409122,58.508705526568775,24.54387374372145,33.61392665250949,3.4174739150970157,24.62922341714954,52.76240753440561,7.969960643678101,334.56879016400745,358.75159147221274,2,1
Granite-Gneiss,Weathered,Crops,17.09050305154568,962.8541333282885,681.4052656631602,1484.407561466997,69.12082094285574,5,36,0.679004539319221,2,588.959475281163,5.047920565139649,13.904128402652098,2007.1854758149866,11.30237919770924,4.339331145439343,6.9630480522698965,64.18169957781456,25.31190175176819,30.378132834489428,2.972147420804804,31.720099805771667,46.259251422088646,7.824475611798686,448.91641387850007,444.2852390984025,3,1
Granite-Gneiss,Weathered,Rangeland,5.814486445752978,969.7870968989881,727.6960006385891,1532.3352636754894,69.97083952793182,7,37,0.6915183616608495,3,493.04826263925474,2.748270596813887,11.253953010376346,2148.482837152959,12.028676790860155,3.142673617759934,8.886003173100221,44.98622672088689,23.630038576980883,25.630038576980883,3.314622234187232,18.13095905457312,52.41381078445204,7.726753490866212,363.6307654404373,294.9116146104484,5,1
Granite-Gneiss,Weathered,Crops,6.152380163338284,835.0918274329065,761.7535110217634,1568.227261957686,81.64481207723011,5,30,0.7183684327132168,2,575.0864090079604,4.651864641400189,12.840417036958792,1645.234661861755,10.523494383336624,7.647790072269155,2.8757043110674694,53.350813951490146,26.10742726977682,33.25203859826633,3.36308656878696,26.53294530949224,47.31786142762488,6.5587528284305545,251.74680534802215,247.60804848756126,2,1
Granite-Gneiss,Weathered,Crops,13.987858901702444,749.1577989279078,590.805104981687,1418.6023912093297,80.6095597173731,9,22,0.6083384846764261,3,520.4186708517528,6.696899683652897,11.80406716945496,1017.1289424700976,8.703803212328094,2.524793532895267,6.179009679432827,57.25615343744289,27.908646935447074,29.908646935447074,3.5103179729015346,16.97174509896789,51.598707766205855,7.563740749201492,303.5611931534667,277.15903524617994,11,1
Granite-Gneiss,Weathered,Built Area,93.39623302708321,888.8531870648101,705.1714844957384,1555.7818078776595,111.2093005353378,4,25,0.7690690713294462,3,507.4728291649068,1.7455013518017601,13.507151732817185,2872.707043233646,10.613745552458845,4.980830833222154,5.632914719236691,41.18659141580734,23.01307508983657,29.262881338720497,2.858679217567155,33.03583693797853,39.116501094236256,7.044340284830366,331.8809844261318,338.7398417922323,8,0
Granite-Gneiss,Weathered,Bare Ground,6.71999437252968,758.8587423071361,501.3413848164555,1521.180823807424,94.99350268623661,7,37,0.7930397027547409,1,587.2813109541268,3.686266719408837,7.427614357852719,2883.886403310134,10.058312145029642,5.744550978591171,4.313761166438471,51.005268885417536,26.639225937404884,28.65505308204534,3.39230763714233,21.520438819305618,51.615989299418814,6.785202565541224,343.93513385522704,314.5764319170323,11,1
Granite-Gneiss,Weathered,Built Area,79.34236778627412,913.850008851864,678.8898427706338,1436.9771748876794,119.93132039000967,9,23,0.7224172325179098,1,541.604122896998,0.3329665473706518,9.89731612475132,1245.8072355521126,11.02240921332273,4.990762192075895,6.031647021246835,61.312565789496176,25.301619015959204,32.513969345154045,3.4271530794398095,31.789722115484928,44.86220486002274,7.3955312316242,306.55425838917046,335.29771206348875,2,1
Granite-Gneiss,Weathered,Built Area,71.0264314284255,986.1751868075576,630.6218548927557,1241.0423818337676,73.44038429520144,8,30,0.7560122397015492,1,412.94699659149313,4.020389911091005,7.163373450114304,2635.7764919689494,12.197230900108531,4.293039337821178,7.904191562287353,51.21001813970366,25.22288074676402,27.956494556645104,3.653856414595759,30.563920941346257,45.29832217123118,7.120928209238604,230.36022194337409,200.0,8,1
Granite-Gneiss,Weathered,Rangeland,11.927759023615707,844.9041620101003,643.1957660178498,1594.74567037219,64.64903764799567,7,29,0.7293271180770777,1,577.0612742905464,3.4353644687884675,10.735084550744933,1688.1649899894494,11.091537297055682,2.911647081127638,8.179890215928044,64.35680442515726,25.377240078939348,35.02346651345381,3.185859857365223,28.39014686367664,45.43338878845458,6.80436821294056,287.3633677321921,257.8694378387883,10,0
Granite-Gneiss,Weathered,Crops,24.522386342487373,779.9217877081928,588.407327701304,1223.3677409678412,84.10442647936809,7,26,0.7133610804883103,1,567.553619634837,1.2330435965091473,12.276770751426582,405.8624694831672,11.120941671368646,3.8445505534164064,7.27639111795224,58.46411696467095,29.48705925987683,38.74526679852082,3.55254965712873,33.644537026291104,39.076607927341904,7.023549261021135,258.8999382370504,219.00136986437417,4,1
Granite-Gneiss,Weathered,Trees,16.227132144243534,731.1477488326273,519.9794351144224,1330.3065348976188,87.90670738135037,6,34,0.7893493819059062,3,512.2232430638256,7.29593237163256,6.699765461182918,1127.847766308544,10.89620663202849,5.026641280203613,5.8695653518248765,54.06696212196489,28.691835540984982,30.691835540984982,2.880626969183662,17.421630485644844,40.08489344311842,7.5015298157835835,372.10352517023586,361.75738791571985,9,1
Granite-Gneiss,Weathered,Built Area,86.17554552647523,772.0642910075796,702.7610134414335,1327.3993413851454,81.15313714452161,4,37,0.7395368320242215,2,570.7274849258715,6.432362785238059,6.067903281651818,2112.1388008533463,7.015472482630662,4.093729740750659,2.921742741880003,50.80934238486625,21.140490180772495,31.379685402290217,3.1366761670602687,33.25806873747499,46.65495606646547,7.414396484034302,334.0260851413851,359.7237376440748,12,1
Granite-Gneiss,Weathered,Built Area,90.4951998459818,797.9503173599512,747.8628958796223,1564.660547316468,119.46317347429202,9,36,0.7446366753723153,3,572.0814272952476,1.1993310649365174,8.452901724302865,959.9500474681963,11.495923515583232,3.3595701647215845,8.136353350861647,49.678178421036144,23.516363803952725,27.817905939724785,2.4557826654646973,33.59418867016433,49.9297112623012,7.814808343569512,294.45905770206656,298.62896888925536,9,0
Granite-Gneiss,Weathered,Built Area,89.55771590973394,740.5385091050923,615.3766597081745,1432.314802785794,98.85792703655493,4,23,0.7806530433338601,2,512.0720183088315,0.3285377437245538,8.27942854327959,785.6196147676183,11.303957584758088,5.31430748561441,5.989650099143677,66.88822638442866,27.534569052145436,35.80755313152563,3.0168986899455943,22.739442823447696,47.74655521667344,7.537115166213909,200.0,239.03507469280146,6,1
Granite-Gneiss,Weathered,Built Area,84.02270827108683,937.4110512793259,501.17812614344933,1355.8053197129616,129.41594284768996,7,21,0.7302175524611688,2,429.5444853202673,1.0162582561517697,10.858693480674853,538.9103237404338,11.666376304803055,5.17952930426144,6.486847000541616,53.2477614906315,24.891843261417,34.83110209899753,3.2742694655158346,24.648507519125157,45.67858290734158,7.822928653477607,315.5330274119286,345.9784085627433,7,1
Granite-Gneiss,Weathered,Built Area,84.61320640875567,745.9775330248307,717.7280966968494,1378.2251403061618,45.49170403507803,7,37,0.708630844431912,3,482.4424140161856,0.1400467530938867,7.166152821870013,2044.1421037246434,6.596999865970919,4.174463172386044,2.422536693584875,71.0966202823359,25.637368040122738,32.92917589527619,3.1424865739830654,20.156400315687613,53.326470624060605,7.739312790695761,320.77950638717647,375.57470478107234,4,0
Granite-Gneiss,Weathered,Bare Ground,5.413759807276862,889.6386463207077,704.5908967633433,1577.9489522883212,126.64170367906463,4,30,0.6792316337288518,1,468.0921269736818,3.0581852966530176,11.573094394357291,2839.9570175851077,5.821869009511181,4.207869260483386,1.613999749027795,68.14385279900613,25.846112612653435,33.76625384857242,3.256170818361528,15.913775822012123,47.218730310783286,7.750781306153795,271.41434005911617,280.93373701703246,11,1
Granite-Gneiss,Weathered,Bare Ground,8.793383583830945,950.1241688001849,710.3455223751788,1208.252076581566,63.08915961845136,7,30,0.603613110493661,1,462.5890889859251,1.7318062634534064,12.789610390896659,188.57692032643186,8.267248733384184,5.9709952167928355,2.2962535165913485,46.61758511840617,22.05840568357246,35.14954741225067,3.286760602563314,25.69962520805847,49.04468175920934,7.209306215155772,328.50501140210173,308.71342517126243,1,1
Granite-Gneiss,Weathered,Built Area,79.2939995005388,915.217645943315,552.7295104242972,1445.5945131796732,129.4184706221169,8,26,0.6563022498145928,3,448.22803053296275,3.1656723594605998,7.383585858559254,767.8279120270067,11.165393159054904,2.4667851960967027,8.698607962958201,49.991182016607915,30.38564348088864,32.53790640600511,3.1522010016130055,34.56461089420479,46.2241749305926,7.754230878969292,200.0,200.0,4,1
Granite-Gneiss,Weathered,Built Area,84.36559460477838,748.107874589434,776.7683522107152,1342.2893104624764,89.78164549413759,4,36,0.7902160021804626,3,578.9441430935598,5.579042575899935,11.996389374222488,2758.9740844848916,6.978392798605314,3.8305321684270908,3.147860630178223,65.31777726459606,23.069361764229352,34.61746513923354,2.8809104400458874,19.234197356789412,39.75777542865359,7.8418006728064675,312.40603131772036,309.0951950460806,12,1
Granite-Gneiss,Weathered,Rangeland,9.347173073949612,992.6767794641697,591.6478740339235,1414.4861868872333,102.48984455008816,9,21,0.772553103302237,2,408.42779561165577,5.160473354307559,11.467937279403515,1919.0126579284845,6.836247629665502,3.0155624011012803,3.820685228564222,65.93710139395485,25.390128427188486,29.67132164857578,2.556191589259706,25.51640819717081,47.72111253959661,6.579844320073253,337.90884750224177,329.28931199445026,3,1
Granite-Gneiss,Weathered,Crops,15.330971482679818,710.204984247962,683.0161664772907,1324.7635601580532,76.66426919556973,4,38,0.6064962099114349,1,577.8023075152796,1.2912197024606025,10.059045085148249,1625.7651025639902,7.733949625710517,5.329421562153701,2.404528063556816,54.04374028487233,28.34061173989866,38.28786146163794,3.178393096950794,32.431930429400545,44.516133473007145,7.692878744874985,335.617899073891,382.57271911861545,3,1
Granite-Gneiss,Weathered,Trees,12.14938165239789,746.4646792774099,793.7727365540838,1586.332192615538,55.26594821071894,7,33,0.7883395122595873,3,559.8850805249041,0.006993840420643771,9.122591927846946,1402.8453069437926,10.583235558648724,2.1902141764364726,8.39302138221225,66.81620880180031,27.838164787879858,29.838164787879858,2.694322406803109,26.48058058176987,35.017075967690005,7.957112236567628,296.9176250397888,284.0107793150278,5,1
Granite-Gneiss,Weathered,Built Area,72.33826466465122,901.8699893191636,652.2336925346964,1593.0085237476496,68.17246695630216,7,33,0.7286381219281892,3,503.5565970645332,7.019729059695481,13.083088193153525,425.81793714913096,10.714217011128289,5.779512761353529,4.93470424977476,49.780753390003404,26.92315652442776,28.92315652442776,3.2535825206240405,27.081549747652588,49.67340480419868,7.5619701557522045,299.4527854071627,277.60301217604075,11,1
Granite-Gneiss,Weathered,Bare Ground,7.2552669305985065,953.88848832887,632.0897075481644,1256.1081029349407,48.84361835192517,4,27,0.6948063864040512,3,509.91641093585974,1.3329140908755015,11.89253442248314,1382.416052531329,4.992247617270757,4.56871368712975,0.4235339301410068,45.796189676487955,26.353916332953272,33.339582981906396,2.667652992917045,16.626925179607777,42.88697379431628,6.568849814252631,362.3147589884162,353.44746961857294,1,1
Granite-Gneiss,Weathered,Built Area,92.86568178663828,808.5269742177868,506.17550071297194,1249.7237599141454,41.90251123764726,8,30,0.7019616532071239,3,499.2638642375287,3.3706574811102703,10.466515629138087,2722.360217340281,11.682782608752461,4.644744445580066,7.038038163172395,50.03469294558042,20.76337301421051,37.11802716954709,4.21715303302145,33.52248467964442,52.49151815638574,7.528968619165432,328.16826914619026,347.33745974240503,3,1
Granite-Gneiss,Weathered,Trees,21.77022986638513,888.0341715113389,595.1804188238398,1290.3447754081708,63.03162367673578,4,35,0.6973388008384687,2,556.1865025128646,0.7464918799662348,7.624430972624287,2900.0303754454653,10.484414893732238,6.912544363285537,3.5718705304467004,52.425021454940364,20.53716556204931,31.737997580172166,3.4541587976347823,17.95253894376595,37.36776357345555,7.549198772491356,299.34903045357925,309.9251472512503,2,1
Granite-Gneiss,Weathered,Water,0.0,960.5915999901355,578.0850388661062,1482.2424702488984,132.9450712279281,9,33,0.6020929213776423,2,448.79309308047425,6.159782591802343,8.908040064602552,937.9820101179328,10.939756475753812,5.314476147271239,5.625280328482574,64.45126221618784,27.64976509673232,32.636731049010365,3.116979162409048,31.91675718772002,44.60611955463263,7.828962301867997,279.7015326399332,295.91067650487804,11,1
Granite-Gneiss,Weathered,Built Area,72.20089299744133,842.3955102859796,614.3480027141096,1245.0346587523195,108.43159889665993,9,23,0.7242931375631402,3,492.75140294158666,7.34940191368085,8.710276669787008,473.43837895518084,8.952892352926742,0.7529165762638383,8.199975776662903,55.61900440186271,25.797864329457912,27.797864329457912,3.3603691356114305,19.390694673604074,49.63205090959817,7.978353977039838,375.56620280791844,346.2314159450464,7,1
Granite-Gneiss,Weathered,Built Area,75.49316294281287,725.0387511293587,620.1657294976347,1433.4259075134876,69.89662740949143,5,37,0.7019263143643115,3,413.04659830919996,4.38602101838835,9.894325790800151,1017.0222540480264,11.008953036301866,4.7958974263313525,6.213055609970514,52.97858672955492,23.500475535274404,37.54116226197854,3.1266165172279097,33.86184811847784,45.64694977705038,6.713854551875599,324.4817083527135,265.21084254598617,10,0
Granite-Gneiss,Weathered,Built Area,74.62023105420015,806.6260111091163,555.862673246102,1485.1338387467943,57.338442607929316,3,36,0.7704032216276604,2,411.7145036393548,7.898284419644531,8.039415838981792,1537.1313281374912,7.652729774618917,3.9886420871201724,3.664087687498745,57.68135227263927,26.985820137132716,29.1881121539311,3.2741356176999146,22.35902712278388,50.0899665751158,6.562291671181343,315.23076839239184,306.594903534148,12,1
Granite-Gneiss,Weathered,Bare Ground,12.531211187674703,996.0195571946466,651.0733257508243,1577.5610152825398,146.1895737766501,6,21,0.6620907067603609,3,508.8528906449062,6.972187040249853,8.612933913377523,2682.753820668511,8.844834345997832,2.918251726871716,5.9265826191261155,44.173205489919,25.615951835947712,36.06187732748909,3.445716914591267,18.337245251901063,49.236057496593304,6.6170922093383675,273.8517454580128,253.63596718069255,4,1
Granite-Gneiss,Weathered,Built Area,94.6304723278413,976.0804686655745,754.5912922517167,1308.0470697031546,83.4879063984601,3,39,0.6371947438921157,2,430.4737623342398,6.598241072795439,11.807657810251232,866.7307498104207,7.60506233742098,4.393709300279961,3.211353037141019,62.278055734504264,24.165960099894274,31.95693771319334,3.15539284266937,17.96261175165271,54.58574870551094,7.862104193382736,213.81904874333569,216.90274092814423,9,0
Granite-Gneiss,Weathered,Bare Ground,11.8741868523215,774.604216406127,561.0658670761005,1369.781880362804,42.58498409961582,3,20,0.6873738223469605,2,410.8730145250477,5.521252082847447,6.028847434215119,1210.1389391064836,10.834136222151592,4.600915154401256,6.233221067750336,69.43761697848046,26.395335687129194,30.437631818857035,3.427326489459889,21.818770807567883,44.00779031884473,7.060585942717966,291.6319949082873,265.03948704397965,12,1
Granite-Gneiss,Weathered,Built Area,92.3424276256645,995.3490034081524,539.9036628150329,1581.3396012974429,115.90256425934716,4,35,0.7383032704750052,2,425.86175847821295,2.2536630398391466,11.68344086422065,2588.826637668833,9.770888521098993,4.330814751336748,5.440073769762245,52.33386583773478,24.905849461911725,30.8583860052987,3.8502761360824516,24.987452308545386,50.72770210285316,7.701060619478808,309.5056242593302,376.67755033150434,12,0
Granite-Gneiss,Weathered,Rangeland,13.68071609377815,926.4217579146718,532.3306649769336,1272.063066541183,99.16128400943666,9,35,0.6989780491425635,3,474.1308734898191,1.0496732749816697,10.415993104890719,1116.2745415285976,9.182951927978884,7.776452080752829,1.4064998472260548,52.23094598579736,28.021314126677453,32.44429044583111,3.4244538380588856,22.593479785459245,38.19972065421472,6.9124541281402525,318.5755987295017,306.20332332883214,1,1
Granite-Gneiss,Weathered,Bare Ground,6.552906277075836,931.2853669743319,695.9322931441525,1211.635710476321,77.42686100618968,4,25,0.7430289004414444,1,500.79972855056496,6.970396399146394,11.449934350173567,1454.9376657260805,8.931411587731969,1.8621858464876828,7.069225741244286,53.22877217562821,29.841716353746897,34.28731019086052,3.8607173428407986,18.98427647323602,37.89572914466798,6.88231807792447,355.0805516832533,380.0686112083523,1,1
Granite-Gneiss,Weathered,Built Area,73.09311313174366,750.9924129942045,756.4825814710969,1392.5867815586867,70.59854921138948,6,32,0.7302546272976381,1,590.0195814473963,6.712427460479886,10.718196563353795,648.4290593620503,10.334978805899103,4.276980227447637,6.057998578451467,62.533771747177724,29.128627922112475,33.66135648012572,3.974743130080433,28.164111547925234,40.447751656855345,7.106733921935289,295.6932497933645,272.2473132890807,11,1
Granite-Gneiss,Weathered,Built Area,75.94582087690407,925.1898350118925,794.5276367453824,1318.065738876824,57.51152011097283,5,39,0.6983482255246982,3,507.47849723412634,1.6289888150054166,13.876282011329401,2894.1548903215453,9.296198431154401,2.7010603306777297,6.595138100476672,55.56318414462791,22.82373746652868,41.368143405605394,3.8634249239750518,19.825092670012445,42.96645271327913,7.791384259636333,361.2701375653678,367.80607171293275,7,1
Granite-Gneiss,Weathered,Bare Ground,8.849367047024504,972.3045142162221,559.5984178252191,1425.5268597869563,126.72857423837144,6,33,0.6173234623205525,3,545.3648871382436,2.4171810309965007,12.72920419540724,2997.5822410983355,10.492677069672942,6.737864535581653,3.754812534091289,56.505416892281495,22.455306672952474,36.841922055549496,3.7261295842010242,20.392829231113417,41.6370139003309,7.350992068079683,270.8008945083234,246.74017791457078,2,1
Granite-Gneiss,Weathered,Built Area,87.37630571004615,966.7777680542214,755.3619575224187,1239.2983365833989,91.65640978126339,7,24,0.7076133995380233,2,526.0520932065608,3.907994756700541,6.667067750911344,1980.838284646654,9.332190564597436,4.137765727796706,5.19442483680073,59.520928119370964,25.00396061847016,35.76673123540731,3.316018122085489,27.550366221703428,45.05416885615352,7.57402513781516,283.1457524840262,265.1201693278637,3,1
Granite-Gneiss,Weathered,Bare Ground,14.955577246298864,889.981438969663,651.6422747084429,1593.1756027738616,101.5499519223133,8,28,0.7552977851678975,3,454.8490472742091,5.588894619530495,9.959191532859624,2497.9440160010295,11.202695471372254,4.850702334423302,6.351993136948952,51.2448740952487,26.42700912396089,36.53216251616518,3.4227316089918802,21.535311019106565,44.24744820589478,7.559642635707318,320.4045777960093,317.0581224080079,8,1
Granite-Gneiss,Weathered,Bare Ground,6.023133297020824,979.1308458604626,767.588526072338,1378.0752087854416,96.82085816516322,5,27,0.662938757151286,2,500.5306440672804,3.752754262777681,6.4205280437038885,692.1828891081351,7.894960505581409,4.835526874021049,3.05943363156036,69.43243579722771,26.23860637968652,39.08177020102798,3.11254560087052,23.176648288275118,35.06920848312549,7.084772482856048,317.3022100314813,298.5007863374221,3,1
Granite-Gneiss,Weathered,Bare Ground,14.964884553531185,823.6994556838731,776.9169916624921,1564.0905285449028,91.743078164153,7,36,0.7002158925858946,1,481.0534861021996,5.296996047093282,8.075294059125225,2373.5802508942934,8.739774899584093,5.95027233783638,2.789502561747713,46.34986378941494,27.211150670549735,29.211150670549735,2.6099850345111375,20.82787820831126,35.35540132522496,7.079601815583431,319.76050110912905,277.62109042593363,7,1
Granite-Gneiss,Weathered,Crops,24.47293267689961,866.6301353495937,547.7086638413092,1391.5602137683486,51.70549846460382,6,20,0.7605680646647741,1,589.6047091603928,2.98767161178347,8.971462051623911,1949.84318643841,11.559577411337917,7.237321220050503,4.322256191287415,50.614540147629995,27.95773578794726,29.95773578794726,3.181830671470097,18.095444274843796,37.64643563958068,7.40664768521373,270.35623215314695,282.9890002986762,11,1
Granite-Gneiss,Weathered,Crops,24.32393867278549,951.0926104193428,792.8496038866366,1497.2233589309283,109.16770835404321,5,27,0.6916264328410616,1,465.4642272120525,4.326311609308324,12.601431776000016,2997.0867453421333,7.994458618270674,5.95856531095221,2.0358933073184637,62.42537901569755,26.206417622209386,38.52960241328848,2.9729564594490285,25.226149056693934,48.384275322784944,7.061014537588946,346.1386270339043,337.8064376249135,4,1
Granite-Gneiss,Weathered,Built Area,80.86046038872614,895.6571422710566,518.0670682539455,1557.673078861052,68.87691290063611,8,39,0.7151601529623873,2,582.2847683386925,6.312138490037891,6.816018419274747,1365.978967683866,9.72059029333332,4.521547752382572,5.199042540950748,58.536998489125054,25.08100950813754,34.81801891191904,3.381958258289358,25.417490269304498,35.0108904532574,7.098806904025173,344.6306305370731,303.51003126513416,4,1
Granite-Gneiss,Weathered,Built Area,92.50461678548322,724.1846354137176,710.8226203394622,1309.4999292299399,36.306601225926926,6,39,0.6627093736040869,1,583.0668540577235,4.71433070328663,11.51088986827051,2803.6240667603033,10.685458472216892,6.363050088985332,4.32240838323156,68.07549378431973,19.9944743527193,27.27394204703241,2.4927339427937603,24.255409065826246,53.80621294471908,7.230556457925091,481.49930787069684,439.3280339162081,3,1
Granite-Gneiss,Weathered,Built Area,77.75435335436855,963.9271426560913,747.9230542519922,1324.7232995772727,137.72465101006688,6,39,0.6630808395482268,2,555.1648132603744,7.846748160172368,6.50539791624575,1105.8003169306764,10.924521116553338,6.801526734368281,4.122994382185057,61.321949667116584,17.846210826785125,26.84060873356553,3.3338067077864473,17.608121577001516,47.76761968694598,7.061079476310044,416.9175669477028,417.8414485351596,6,1
Granite-Gneiss,Weathered,Built Area,90.23600918757028,796.3035043249962,510.8385487294437,1449.1757213614649,49.03421388583231,8,39,0.6781063701025658,3,423.6474692297217,7.167189394200227,13.722375048515868,346.4452026857355,15.021914308737626,6.909984640560376,8.11192966817725,70.87053135162806,19.116481363400908,21.116481363400908,3.3131705676127536,18.822484689259234,50.47017555780575,7.711217227014498,349.2123725410059,402.96221347404185,12,0
Granite-Gneiss,Weathered,Built Area,80.10799581815093,792.9175810638677,659.0635254597762,1496.8149529969012,80.32395027422757,3,25,0.7278218688780929,2,484.72803728610376,7.671611526623506,9.478980167926435,2878.5992180658236,10.808473645320989,4.520235227207341,6.2882384181136475,66.94190525064481,25.30753518217623,27.30753518217623,3.393387580049758,31.36938592097703,44.26392977764209,7.004491385215255,481.6060464021495,527.768832137307,2,0
Granite-Gneiss,Weathered,Rangeland,6.472151415746894,734.2073729029784,579.1793575034488,1524.5704805809994,92.23387362398257,6,32,0.6345851817769367,3,545.8563999480474,5.388882448541513,7.1491994157374945,771.2404609717539,12.702126598363405,8.328535324805234,4.373591273558171,78.5647279687859,22.17225818358765,25.81344546379871,2.8088090022294283,19.585507281500266,53.584961423723904,6.669962806088687,388.90406975870525,390.0014581667163,4,0
Granite-Gneiss,Weathered,Crops,10.586655318847534,868.0436707339031,769.1899594726099,1524.7246170987744,73.3750094959897,9,34,0.659322402097252,2,455.48524358812824,1.376921419935659,9.47379935936158,39.06845166568178,12.384823494394182,6.303093912075765,6.081729582318417,57.69737202262949,20.88345923497025,23.431080753179586,3.111438371986535,28.36543658786913,35.282345244190225,7.305180816823041,296.5401165433315,271.4978596620566,3,1
Granite-Gneiss,Weathered,Built Area,90.73515515828197,753.4864214140847,719.9567291738342,1458.4993645357083,64.56308163599216,3,34,0.6181156155979356,3,577.7742693058738,2.333318309446784,6.30640131011738,32.06299228049367,12.287142468567962,3.4708354069018825,8.81630706166608,65.24645721209885,21.87407870488521,27.700301797410386,3.9308105741142727,17.423179247003368,49.01746610569195,7.413494791072,378.8355713702239,342.0621749751037,8,1
Granite-Gneiss,Weathered,Built Area,81.27512730823028,701.6365821580039,532.004801160495,1224.8666460957138,93.96557222615547,8,21,0.6262430962728486,3,572.979288897986,3.137506223437031,7.43177877088888,2392.6578635425244,11.853344434410253,4.710654180846949,7.142690253563305,81.31451498961766,23.98784510399834,26.889065211229912,3.5243097098543736,22.82925415024415,40.525204433191604,7.794382282128083,425.4960384028916,454.17634705639983,5,1
Granite-Gneiss,Weathered,Built Area,94.94243080251786,960.5012614099899,687.0486380794127,1267.1793223677575,97.23802310168284,6,32,0.667884113676662,3,534.531598039844,7.2217468981586475,7.702224209490188,2044.2162650230118,10.092772969564624,8.294155163812986,1.798617805751638,67.6324266535994,22.770425785019935,30.90631885644453,2.06375201106131,15.092144399162583,48.12807478414992,6.943702061738168,494.35999025904783,481.3556042428836,6,0
Granite-Gneiss,Weathered,Bare Ground,7.846179133706769,746.5533464842852,610.8126207544833,1224.0968558376178,92.67888411005967,9,27,0.7851620618938526,2,418.2083440418921,2.2315250972817333,10.716872200636525,2758.9568554903217,15.046535791136849,6.64607039453689,8.400465396599959,74.79555461939161,17.631520983822938,25.36760753887697,3.0493416630561367,34.68551824444862,49.41735784228733,7.5277464463956445,309.5602733420583,311.09521400953764,6,1
Granite-Gneiss,Weathered,Built Area,84.35708158053203,895.9742859797697,530.9254159878675,1532.0824476640585,84.16497232975672,6,21,0.7749385930638573,1,540.2580588003156,2.075100531687241,10.23887275830931,1608.492173514122,10.567432942566521,3.285660036522095,7.281772906044425,76.49200383349356,18.7127078261634,25.750171594588455,3.9205613965118613,29.441106614328937,43.1331155341557,7.048719272927403,448.9792778461301,448.084359894067,3,1
Granite-Gneiss,Weathered,Built Area,83.8439536789151,777.479716473214,765.1457544328173,1259.6699073095538,63.10179073628204,6,30,0.7003815740003815,2,419.3612888360595,2.624561590971955,12.670409325061685,1865.7475383013439,13.408467598737412,8.829659714965281,4.57880788377213,69.41338668667605,23.01551015506566,25.496693286606575,3.1609349823481483,31.116455438679758,54.5613258058701,7.936258054981539,455.5320665349453,429.5834901728895,11,1
Granite-Gneiss,Weathered,Built Area,89.38306052664335,800.7710360556208,515.7821304353316,1546.4260089572601,106.32764747510535,3,20,0.6760612348444337,2,589.9655466320373,5.754404355263061,12.165288907793716,2665.412579771014,13.631882426314734,5.530735366664619,8.101147059650115,66.15733185824291,20.142057844757446,27.452521251569664,2.392184462635794,28.215670592323036,53.32287821394148,6.886825511844585,407.3145675592994,414.030983174458,1,1
Granite-Gneiss,Weathered,Trees,12.331399675032202,945.4886985197111,625.0115361197867,1393.930741823177,82.80719201830884,8,26,0.7395103529127136,2,450.87683131318715,7.511878878053943,12.253524974300325,1221.0703561915172,13.458628726276894,5.033204561357263,8.42542416491963,69.45366246023328,16.980300283402414,31.543113232166498,3.158743091147654,16.945619256807657,41.150717524167206,7.806321733292853,409.23931558763076,424.31425369160365,6,1
Granite-Gneiss,Weathered,Built Area,79.6191737175664,815.7142829145447,663.022256648374,1283.626584106314,67.8593568783509,7,37,0.6516518070905998,1,430.86780947619616,1.40760572697417,10.033144529745265,98.07594422707585,12.332852772243426,5.4879598991001375,6.844892873143288,79.61915123519366,20.02993831667873,27.08221342529485,2.3846383867504244,27.76434882273412,52.4823299182064,7.226836608350462,437.19185571028515,422.041875104108,4,0
Granite-Gneiss,Weathered,Trees,5.028852650502145,766.8838325560029,746.1906713030407,1565.4410111199616,99.1185194254601,9,24,0.7486792570937654,1,520.6011773610386,0.34743660343025073,11.889629379964939,2237.077491680122,9.032294939276328,5.800646222090797,3.2316487171855313,66.07537813043069,22.656926047814686,30.770087306102806,2.7467505290041587,15.142196809503545,52.08618405502473,7.799483947673979,390.2105462830023,401.65002336601646,12,1
Granite-Gneiss,Weathered,Built Area,83.86728703134986,871.5670973297799,501.6010293841762,1586.2418975972803,124.65008047580469,7,33,0.6339289093619076,2,459.70624694019165,0.11648938741493442,10.256625168884113,852.7028455043182,12.674437630503935,6.53181832146056,6.142619309043375,63.0290887439751,20.942015550609064,30.313107895777463,2.563468985875043,24.847959630130248,52.86428875198981,7.262123343161665,337.4706030988567,355.6222355276259,9,1
Granite-Gneiss,Weathered,Bare Ground,5.0892976939456345,805.7273482419448,711.5363671721516,1504.3455753327328,100.0575413808245,8,35,0.6946940195252009,3,492.6132102635395,1.0488945888023133,8.473749559978833,2157.035816266082,10.99478281076151,5.596833989570187,5.397948821191323,68.37046998659282,17.301574763551585,24.084247269865084,2.455276294278872,31.975660944551375,43.109248011862164,6.8845111481479915,406.8696019765186,395.24433318140314,5,1
Granite-Gneiss,Weathered,Built Area,86.13408226398295,845.4880443388365,770.594013570677,1229.4652658651153,80.51550700040859,8,30,0.6909629983005291,3,473.843269217611,1.2665803005407792,10.173115324374866,1780.8351618748122,11.420933490816449,8.57897076737252,2.8419627234439293,79.20601837116524,15.291807589051924,34.19207926645151,2.582048302495468,34.159947524565624,53.84964416196689,6.871090383603873,398.20228303324916,396.18068185620797,2,1
Granite-Gneiss,Weathered,Crops,17.197714621628197,926.0844690171496,742.6571909198049,1426.6453046300853,99.67869825650958,6,39,0.7457630638671666,3,584.403640038943,7.2332829665783684,12.525270160581194,2284.0536914199965,10.852769157788554,5.973748280520591,4.879020877267963,52.3040121863874,22.514508091898342,27.163735435387956,3.975645982313932,16.8703712017498,51.60208555801627,6.897009863534554,379.01532173404587,402.7151058581918,3,1
Granite-Gneiss,Weathered,Built Area,92.6610565374913,953.1441881294015,512.7608990058843,1434.0961354799165,125.45418062345821,4,31,0.7342547698661863,1,587.5103785967036,7.031217170910018,8.735818524984023,1579.0088818998333,12.485469229646924,7.088243734765266,5.397225494881658,62.04926924579689,16.817039319322966,28.186124550135215,2.88145357122435,15.151894658614378,40.19773006734485,7.833422962691226,443.44555598639033,471.5364793203366,4,1
Granite-Gneiss,Weathered,Built Area,88.93328644536058,908.7634167823556,521.8316941580391,1411.75415455523,60.712691413128034,3,34,0.7505842369373183,3,551.7888955752701,5.906137859629951,11.573134568387196,951.2858719746731,11.6515964947112,5.949861697902537,5.701734796808663,84.37429663899465,20.959470887194335,24.249731740015974,2.610940283914961,27.65304820005929,44.063142280028984,6.691774726801936,436.4952202524488,442.0103919763141,10,1
Granite-Gneiss,Weathered,Built Area,88.36762346499576,776.0798421529602,727.9035955091875,1265.2965667037245,56.08960459468303,6,36,0.7192333789524712,2,498.8712633487411,3.471881068573553,11.436074080953514,962.5756184006485,11.729395701594672,5.026907553817854,6.702488147776818,81.89246214823878,20.25928379219717,29.79009309284934,2.565283247983965,32.65028285602463,42.335818011854904,6.591248185244744,347.7035614063357,372.9261570820228,12,1
Granite-Gneiss,Weathered,Bare Ground,8.042062775954337,865.407726984634,601.3981864419247,1591.4620012901266,47.60330209825484,9,23,0.6009105927123891,1,538.4666691875191,2.7444595155355946,11.394325194377021,1772.3967550203447,11.076912339314305,7.322646598977505,3.7542657403368,88.50274678405712,20.23026752483984,27.46522331340438,2.6220144448490057,18.443514047985893,50.59823875779337,6.74849363237347,436.95195084001637,401.59776183565776,9,1
Granite-Gneiss,Weathered,Built Area,93.11649144957431,802.1852740515355,599.6438035446341,1298.8376331061527,102.62198556994997,6,22,0.6889621892927784,3,553.4381343518163,3.6189816933909356,13.06133212701834,2436.0121670883086,9.7275596201403,4.716100463805068,5.011459156335231,73.73545669060677,18.595055693187184,27.55242170694486,3.170910349637606,26.68140254235506,47.70243515466305,7.267262355777591,387.28287881839253,408.53586313082434,6,0
Granite-Gneiss,Weathered,Water,0.0,759.7024979347075,621.0085838689075,1539.018528053063,90.73974203991942,8,27,0.6559502251833196,3,576.9627643563122,6.052647337150566,6.477052144585802,586.4225392856288,14.301700286632249,4.622393428644466,9.679306857987783,84.2481554182513,21.92663400969337,24.13842303966473,2.4347765049931094,23.689732518382414,40.01018579369334,6.9184127938069135,423.77189799960234,438.18136383125363,11,0
Granite-Gneiss,Weathered,Trees,15.310989428815912,763.6736896276175,792.2338801860562,1488.6867162976878,96.83025882774626,6,32,0.6592657692934111,1,439.0953833103871,2.16354399770991,7.421323530380121,2834.0558553727783,11.798070080182434,7.639418098664111,4.158651981518323,47.98909127329373,19.501729745234826,27.318048056258682,1.868082262532213,28.270842550853867,45.667161585753,7.7471123956741925,381.84219728553745,376.2629246223889,11,1
Granite-Gneiss,Weathered,Trees,9.712314612779755,706.2273692266796,724.4952205964094,1498.1458507583293,83.65720631809822,9,31,0.6424930166979008,2,599.5901097102017,5.843046780620984,7.527270068949362,2260.9581298424255,10.702784609636167,6.803560492659041,3.899224116977126,72.91385283797517,23.65561518242404,25.65561518242404,2.7658634920950025,23.392527125997134,44.16625941558492,7.971085150733143,441.97655089209087,441.5320692773308,6,1
Granite-Gneiss,Weathered,Crops,5.610661201985552,751.4649842568965,546.4701695498787,1246.6293763727003,103.17349534058671,5,33,0.6769467902734186,2,468.7973976679338,1.4346025738366102,7.9764030892008035,2310.094211669145,10.844081797382406,5.673973359042812,5.170108438339595,85.14168670536766,16.86594071945097,31.30203737715428,2.3113565311046225,17.51425232912181,54.718326764636686,7.792657252609503,416.52520844699836,419.58403054502025,2,0
Granite-Gneiss,Weathered,Crops,22.20812938440704,763.7975712640367,585.867717409069,1465.280749868933,89.52629999260255,9,37,0.7279453579682618,2,592.5459037515348,4.397637711530509,13.64093350003716,319.8650762504586,12.148319783324387,6.148397514280616,5.999922269043771,64.55844856222521,18.602571576524312,28.938669927082447,2.9408418569881554,21.690140700150756,43.703471229436026,6.960586558003659,405.3796509524815,405.2281428006426,5,1
Granite-Gneiss,Weathered,Built Area,91.89385002672097,805.4428278786704,733.5730145375958,1507.5070693284013,71.70039066491103,3,30,0.7648199658323168,2,509.04080551024947,3.2149234174614447,7.741644869357068,1179.065513767897,11.565127620365216,7.102784083850755,4.46234353651446,47.68384214739001,15.644438108400434,25.285848410906432,2.590570094338151,21.795482702541705,46.4747294201571,7.819897117345467,441.584902608026,467.2434536143969,10,1
Granite-Gneiss,Weathered,Trees,7.155658339971955,822.3510483874425,617.946415218468,1239.4663862972307,50.62962764772815,8,26,0.762793254736031,2,510.9661822658154,6.068372555051266,13.661091403865498,983.6506558111028,10.433699269094815,7.301569902871077,3.1321293662237375,86.31805538414545,21.007711406292465,34.32086749628485,3.793374202884774,15.237663722714192,39.77432415620693,6.72906297242774,426.21953992768516,408.76496411548453,12,1
Granite-Gneiss,Weathered,Crops,5.582646598597092,773.7545764272804,769.9717370360761,1581.5732887196702,94.41021784732484,7,36,0.6813104790107753,3,574.96012741949,6.483751882445552,13.089755912192583,831.6731845797201,14.345818830771698,6.942302124782773,7.403516705988925,93.03488610240842,19.96507833605161,28.25354971863338,3.3463663534232064,33.089308343832926,39.87259937195269,7.048922805508292,452.2381346623823,469.9889180300229,5,1
Granite-Gneiss,Weathered,Built Area,70.4201426764082,856.8679014518877,530.2327647759286,1528.1594991976058,88.68949155709959,3,39,0.6848162664146716,3,490.5412522062273,6.8844870325262475,9.602326964784112,1651.1989162076013,12.941906931785987,7.528975618619263,5.412931313166723,71.82133194738718,19.99715487806929,30.98471569625888,2.52718156144887,29.23911416063764,50.812922533926674,7.541458364597528,335.73470918893474,338.61671353970115,3,1
Granite-Gneiss,Weathered,Crops,8.017774431217239,902.4016166250452,595.4466409240408,1555.7021096373123,110.79567984934118,6,22,0.6572616473955649,3,587.8050691516128,2.4046267539780732,12.517112760128763,269.76512078714876,12.36977808987078,4.411442244198972,7.958335845671807,68.87504762183742,23.62933375058438,31.946589535840012,2.4100429786627435,15.71927748077983,47.90697449415468,7.51686379891459,309.9640493910859,286.89251424390926,1,0
Granite-Gneiss,Weathered,Crops,24.632834979147095,784.0829912882737,590.4492388654617,1486.4801769094172,105.02467175184138,3,25,0.7750521571262041,2,563.3682714094704,0.486654841430763,13.956044022552746,1156.558810793658,12.81687113519012,5.685363960612755,7.131507174577364,60.8363044666866,18.924266517025192,27.156358422561656,3.157748264269187,24.952081410841423,43.60998769281175,6.802900491242482,518.4470892584104,479.51185131565785,6,1
Granite-Gneiss,Weathered,Bare Ground,6.958209724518922,838.5702675795426,700.6665970221,1477.3732683629826,117.9915791950419,9,21,0.7895500068463603,3,476.4436717804856,1.0534326192232788,6.533779804000668,2771.467087786988,11.22720493091304,6.707638279706396,4.5195666512066435,72.21046691129327,27.577314196579287,29.577314196579287,3.206053710786699,29.89317842243802,46.253085194964115,7.457848011211404,354.98260117984495,337.97351855538267,11,1
Granite-Gneiss,Weathered,Rangeland,7.676930952502772,805.939614332531,539.3218482009353,1533.3455497319044,94.33360399670401,9,24,0.7257542013936953,1,437.4673889563228,4.762293876499973,13.309350641601792,811.5314787260726,7.7111033080590765,5.897926130274129,1.8131771777849472,62.375223825929965,23.00352729800183,26.29965918712846,2.4799543440355656,32.989680696640235,49.13706204012337,6.502232158695302,410.467939387203,462.3922386895816,7,1
Granite-Gneiss,Weathered,Bare Ground,8.971703533338816,983.9260918995539,799.3624198782782,1541.0567299251993,105.26099757032527,9,31,0.6793662987338411,2,451.60976971578435,1.6703779336008528,8.293959421041379,2633.17966417405,12.70791901133939,6.866943121368617,5.840975889970773,71.8679733943399,20.684452888325083,29.82606744351045,2.6064701923962623,25.51175193480685,35.06910604830409,7.449102082957591,399.5098212236764,496.0194008072838,1,1
Granite-Gneiss,Weathered,Crops,19.59245252231007,998.3908367530228,614.0787164684752,1353.2245565212638,76.00513384876491,5,39,0.6761503727556146,3,468.4049962736288,1.9245150193492488,6.215578147580458,711.7383992976753,13.1425317002069,5.746607384206696,7.395924316000205,86.30911099913762,14.49150158675178,24.74315673156442,2.375457148886226,32.586607276531986,45.451384156748894,7.542432573729373,449.641091331406,473.6461406014809,3,0
Granite-Gneiss,Weathered,Crops,6.335750707784403,806.217863165527,612.5129174697963,1594.5833627322907,44.92412355250869,3,37,0.6125258763054718,2,411.7066392839201,3.3691915712018377,9.207026398161172,2057.97781023481,13.984335320805421,4.312817080892821,9.6715182399126,72.54710795157332,16.52248832620372,32.50809402345115,3.18953238504472,16.68764414384402,50.719573483376045,7.2385175494283756,374.81583580901247,418.4421114909633,12,0
Granite-Gneiss,Weathered,Built Area,72.98689821801703,963.5116033640027,551.6816619603525,1229.452545935508,139.0441048766279,3,28,0.6043923455940933,2,584.7218483277513,2.9066930879881836,12.81655852698481,429.18449906296803,11.553210303124564,3.0125759503569753,8.540634352767588,59.969560258284176,22.74294208546078,35.85213732674629,2.9949934268058445,31.769753851197503,52.99662463978061,7.803623677732677,441.8635480623744,476.1717105649414,6,1
Granite-Gneiss,Weathered,Built Area,81.0782484633152,769.4626088847995,789.7839562829051,1239.0640480279098,79.11378027680126,5,38,0.7718171002862217,1,584.0157248208612,0.16062564217994701,8.468319922583662,2056.044955776846,13.526633683489933,3.7926056888397883,9.734027994650145,69.30755444350356,25.452655456200574,27.452655456200574,2.709798382278838,31.986643052117778,38.58690464667001,6.537937652269258,440.47729775611106,462.40576382853345,5,1
Granite-Gneiss,Weathered,Built Area,73.39034401851355,775.6305182295963,779.9011164034816,1556.9806896165387,107.8881895801876,5,38,0.7071993809806816,2,475.9974491127092,6.454693538018225,13.842316604084864,650.6086411100515,12.520312529456387,4.141273683664517,8.37903884579187,75.11285514356958,18.666120068339215,29.578064691782128,3.516344928711681,31.638203213614496,38.86828932128908,6.945378764222956,441.16526967325876,387.3109052253186,2,1
Granite-Gneiss,Weathered,Trees,20.179157562234433,954.2489917587959,596.5240717550886,1291.4782268940808,110.82103166092003,8,36,0.700830183599272,2,535.3086258350387,1.3180986878312515,8.365705227723494,1459.5717143088089,11.2823739739971,3.586886864681395,7.695487109315705,61.31995451284021,20.486454308113682,31.529257417639677,2.710908820619953,30.20153513951587,36.50954841004909,7.006135592387176,357.69377777179,356.88331289573756,12,1
Granite-Gneiss,Fractured,Trees,13.068229397533496,987.7330945696538,649.9110274717793,1218.8745657067395,101.32117880059764,3,28,0.631267913450446,1,454.8188124416463,0.16987192656277195,10.01094336591234,1656.1995838326443,22.798088655893885,12.456036278191366,10.342052377702519,158.35781211359432,12.154002856800835,14.154002856800835,1.6716611937110268,24.538629955603447,36.25005225164793,7.570024444481773,650.5537880649565,624.0186601429162,2,1
Granite-Gneiss,Fractured,Rangeland,8.015489775388145,774.1929729195906,509.43153470101345,1223.5847197889657,116.08795412801231,9,29,0.7366586356793718,3,422.27566857534595,2.574117210685203,13.905522817199468,2459.8634052082493,23.065633006528607,11.445822013364296,11.619810993164311,141.84756974773842,13.957100901141086,18.16955054883096,2.320156908839624,23.54486913709502,41.534761545689236,7.9459875049037,719.4170491929376,708.2800466969818,3,1
Granite-Gneiss,Fractured,Built Area,91.42864564556471,883.3056776762572,654.899073710531,1485.9165897304238,64.38082349955666,7,33,0.6080554918838883,1,424.74067220516395,6.291137348299102,9.248697457172533,1622.17658507256,21.98765120381105,15.362173661793495,6.625477542017556,127.82062536923893,12.390523198665095,17.27027345434993,1.7507991847788782,16.580204138461326,48.742046718048684,7.946456385426232,710.7937615229035,649.1537421601797,11,0
Granite-Gneiss,Fractured,Built Area,71.93768362164917,922.4356524547663,729.526830725481,1561.4237706389345,115.11110302607453,6,21,0.7465707235121964,2,462.8172506421921,3.173565850702551,9.484772528866149,172.4585609280341,21.91033365117322,11.254636924716722,10.6556967264565,127.2945494775348,11.241483218007863,20.367317977554855,1.4743744632886024,21.58301785666392,36.22819765821546,6.588632577640152,786.085518412928,781.0254930290163,12,0
Granite-Gneiss,Fractured,Crops,13.033614923393152,743.753071023138,672.7609690035019,1592.4726933720124,50.79946324302618,4,30,0.7686065525855896,3,568.7649742545877,7.895625419762344,8.647322928727151,489.9289777147432,20.608689429481494,12.560604095752462,8.048085333729032,129.5014751643537,14.187735139579342,16.932158512454738,1.6869079584341422,31.038167809681976,43.552980824615126,7.143832697047351,849.2056856709336,809.3851183911174,9,0
Granite-Gneiss,Fractured,Built Area,82.81775208158435,935.7806831152548,615.2176772857671,1530.3418961865818,76.99052356551778,5,35,0.7934072495505629,2,588.8427788763024,7.768472461332934,13.108599237759158,2537.7100752739725,21.767830912808744,14.94472757330896,6.823103339499784,128.4420680280016,12.53045008957714,15.7789058232385,1.5257670556811478,26.996388727154525,37.754237379446764,7.36037443424374,736.4528498371425,728.9255421461125,10,1
Granite-Gneiss,Fractured,Built Area,89.15932303247742,833.1566914089758,564.7843349378782,1485.272471738013,96.1340244288234,4,25,0.7161933180301601,2,470.2391707958372,7.168933063864815,13.391840454887912,947.9332709739182,18.904518866201066,12.000307228631542,6.904211637569524,137.72749387721743,16.644171085610584,24.27986118181409,2.050133014704715,22.42355854739388,48.89311693722887,7.938967380054997,785.3584236562781,761.4427926323544,2,0
Granite-Gneiss,Fractured,Built Area,85.95337617217284,954.4442160079814,684.528359663546,1581.3594835291142,64.00557394265635,5,29,0.7594640716020804,1,414.6539216841471,3.178445158824334,6.886968687387736,2718.3036351670125,19.575019179428796,12.265486490147003,7.309532689281793,153.42383758853737,9.80578667720431,13.945726719628748,2.2849263755025793,20.83676151544673,44.71172895642197,7.723562860671301,821.0655218441223,764.6270682265158,11,0
Granite-Gneiss,Fractured,Built Area,75.17771767457737,723.1320450219804,606.5162139777149,1236.1225917868449,54.15973865514453,3,36,0.6783173580055895,1,427.47355422452546,5.596027485388572,13.799724528357267,2752.036608817437,18.730150139018843,12.964700321067772,5.765449817951071,150.8656700785136,9.890279773257001,15.510512806436019,1.6902575695002122,31.056350380736934,52.73247288742892,7.046386547806723,864.6188220298686,833.5830125238368,5,0
Granite-Gneiss,Fractured,Crops,10.207057061268207,784.8220354000296,519.358068562477,1415.9848422529478,53.020706493690035,3,33,0.6959416656421035,1,514.0387023238628,3.3816042828317032,7.334801698489691,225.38585078019742,23.612332510405995,13.978230942122636,9.63410156828336,139.51423148401238,25.486289645292494,27.486289645292494,1.787277897384031,33.3578845183253,37.271501515805234,6.939243991595938,661.2022823414918,663.0050314726453,12,0
Granite-Gneiss,Fractured,Built Area,82.32212591265015,721.0648326121207,685.9909109219859,1573.7895712632912,75.38451826558206,7,21,0.7772931746759355,2,559.7759001596221,7.7322539741361815,12.66981396903727,1726.0742081839207,21.030570619599672,9.367608826980963,11.66296179261871,140.57594393389087,15.388207681146092,17.388207681146092,1.9906337438822184,21.736249937508752,45.19974262027428,6.643871844552231,817.8471365383423,816.9892959993119,5,0
Granite-Gneiss,Fractured,Crops,21.476365880452523,845.0734215641285,765.4623481064821,1523.3505184007015,100.21419150363397,4,24,0.6877411810847633,3,557.1393213274603,0.31834527536678436,11.74543505457305,2944.962491366261,17.54661493824836,13.51722387757845,4.02939106066991,118.99549112116242,9.505695947900172,14.999418458806716,1.3608215180546586,26.2789920480576,36.33374110910181,6.510797464795499,741.358113133525,769.9298137141725,10,0
Granite-Gneiss,Fractured,Rangeland,12.528395544944264,886.0390562235455,632.693322685926,1382.061209093384,61.69101867721932,8,26,0.6049971713647442,3,442.4146146968792,4.111322592049908,13.670146632615989,53.08881835381688,24.927274304760843,14.267290363431487,10.659983941329356,148.56354295551282,11.369005045672173,13.369005045672173,1.4526063980878638,31.511182075613007,47.81036361725192,7.127933765822406,808.6229649027722,808.1633320985784,4,0
Granite-Gneiss,Fractured,Built Area,72.9235943443074,764.0516749653775,732.0341850178779,1534.0858165306863,82.99211613703098,3,35,0.6140676916451914,1,522.1662300981598,1.4587494411501698,13.684690413016211,1381.915667923863,18.219525058870744,13.428734059280709,4.790790999590035,137.87050188690097,17.262546509643943,20.375157138918414,1.7203190658787348,16.866510661760557,36.41812936146684,7.366558299014546,721.3300186961205,729.1568660738609,6,0
Granite-Gneiss,Fractured,Crops,20.10812441832061,843.6319300324208,672.4587693299941,1274.8709252456576,111.60286312197498,9,28,0.7374339822009718,2,502.7762571011791,7.198459654797009,7.317442465395987,2732.29620789988,21.49087885393141,14.097201695625106,7.3936771583063035,119.12713368774615,17.184679120243594,20.473345750909996,1.6130278955071045,16.301444132500556,44.31139346200381,7.148409920044045,749.5660547765785,758.0276726984807,9,0
Granite-Gneiss,Fractured,Water,0.0,931.9020459731153,764.8947575580006,1480.856842258259,107.90262374785509,4,27,0.6302243344241074,1,557.5816564661576,5.099753893795176,12.383641139407558,1632.031662465882,20.99473548099445,14.448596142270482,6.546139338723968,139.6908532231784,12.383681787040205,18.766534445092148,1.0490860853731858,32.847667229747294,45.93933814128027,7.5785991137587905,748.89495711746,697.0017297745414,9,0
Granite-Gneiss,Fractured,Bare Ground,5.057347878065189,775.6332890257254,650.69064997108,1560.5695900609235,42.43340182645207,4,21,0.6289591672659234,3,407.03875907390244,3.298484801809839,10.07872175874015,2916.939430271661,20.190020678799264,11.293407693316407,8.896612985482857,139.44840676122615,9.128055813494536,11.128055813494536,1.657098449238334,27.74564108737539,41.06022399949363,7.482931129160121,795.36793195122,788.3126673651118,5,1
Granite-Gneiss,Fractured,Rangeland,8.071670342926975,851.0347643972345,682.6651151356123,1399.5644178210862,115.49691490289861,7,29,0.660250561177264,1,549.1962778623239,1.55081593618928,8.36919427611757,1125.9581497704364,20.107185663758194,14.139607837467338,5.9675778262908565,143.6428706947046,12.602225513500589,20.803790025557877,1.0323823700789552,23.376697418791423,50.06428045556682,6.873322204495575,685.9034695346912,720.8521571683478,11,0
Granite-Gneiss,Fractured,Bare Ground,12.365930282769357,968.0679463840767,628.297112337127,1421.334608752792,112.19626297415638,4,31,0.6082293374528275,3,535.6292752664243,2.0238707009625845,7.961935150792523,2895.0761736364466,21.408371442239616,13.645006055824366,7.76336538641525,151.77022319246666,12.53716987574339,17.872404892150577,1.7205638608498004,16.44768669489645,37.313626629541595,6.867733777844604,690.9306232892966,744.5714152350323,6,0
Granite-Gneiss,Fractured,Trees,24.959879758141735,840.2765245653223,709.9110451877415,1445.6047400606626,112.74780099567157,7,23,0.7903107816353849,1,599.1572651931654,2.203500402287199,13.328887577330768,2129.854622945469,24.095367112448958,12.189367398487521,11.905999713961437,128.99748476529317,14.148775177244639,19.69687372641095,1.727745071670809,23.59243503058487,44.588491395509024,7.917585890347585,770.3833100907458,815.2821781636528,6,1
Granite-Gneiss,Fractured,Crops,23.902008351329073,856.7083972411397,565.6617300655655,1235.4147312392593,54.741322466514504,4,26,0.6079827698013449,3,578.4889774569898,1.7682589863769413,8.908588881463233,2638.261224017437,21.131014272175022,10.921529881306554,10.209484390868468,127.95184695091316,15.87348281401957,17.873482814019567,1.6175708010126562,16.92318109989613,42.95795036883147,7.476024947257047,700.3527466703885,720.1959020568886,12,0
Granite-Gneiss,Fractured,Crops,16.91564204014435,961.5140848645553,503.29762097140014,1444.0058811124372,102.46825716105742,4,31,0.6239097736792188,1,413.202771613315,2.519987413995967,9.258971313604016,2756.780088250259,17.831768099693242,14.185963561473061,3.6458045382201814,122.4261455747295,11.172960869586849,14.832500055472918,1.0878199514085196,15.710191868079384,49.002573976821154,6.574183897146675,848.3227926401833,896.8788787431467,1,1
Granite-Gneiss,Fractured,Built Area,71.07662704124436,781.6377510121152,750.589863691238,1230.8530288785848,95.65154998848683,8,22,0.7039018785583424,2,405.04554212640306,7.192857799732893,6.45972130473446,2199.861053484045,19.674740365898927,11.394353993920223,8.280386371978704,132.98156517734853,14.020417312286117,16.020417312286117,1.176889767976791,31.720027973974435,51.168062569248626,7.322714237051743,748.1261464345098,754.6140953378366,10,0
Granite-Gneiss,Fractured,Rangeland,11.110108537799192,779.2759003798936,764.06428277394,1548.0951245532453,113.76203243261538,3,23,0.6239543277524301,2,598.472587640283,1.2730608775223526,9.634302545193492,1397.9625762561836,19.7918271529925,12.837293132133874,6.954534020858626,138.05156546699536,9.47375427052243,12.326807912689798,1.4399927441432212,15.722482683268018,35.60105475771978,6.567294554234402,887.6121512109806,878.7283677206179,11,0
Granite-Gneiss,Fractured,Built Area,88.12710121899796,960.1325718881976,735.5738479194031,1315.3455470477006,105.71071402402045,4,37,0.6221866237696458,2,571.8816170012295,3.4970027032738917,12.475756507291283,1842.4263260896878,24.20991936284956,12.181387611361105,12.028531751488456,139.3081689406722,12.767157750864207,22.293769974154962,2.2770434939899995,23.872627555086943,54.99968265456111,7.526573726103022,699.6077512357538,648.9711985618715,9,0
Granite-Gneiss,Fractured,Built Area,80.70066503339615,917.7577252541244,630.0547916462269,1330.7780549602285,126.30680660406004,8,21,0.7976469729157815,3,406.9313910523085,5.8317113570255295,10.302797474361618,398.67801691289435,22.133416810352994,13.351073634855736,8.782343175497259,138.90633234842733,14.545453948181972,16.545453948181972,1.6600601590514878,24.006532558550973,45.159532073321216,7.109011472207087,867.9197321449301,847.1776402964704,7,0
Granite-Gneiss,Fractured,Built Area,82.5501715617859,739.407111871141,681.0592900089673,1441.401139470036,65.69697496753594,5,38,0.6162991763928929,2,595.2837410470238,3.2498130991255563,13.58554155326852,1434.4770912075253,21.147847219920315,14.332140053642032,6.815707166278283,148.47966117864797,16.760278016909062,18.760278016909062,0.9752934459108412,19.344477930404516,43.51752591102529,7.6239433457763965,696.028197707249,706.6558519028546,2,0
Granite-Gneiss,Fractured,Built Area,72.28686749131721,941.9719262402132,648.759986462354,1529.982851961755,100.52591435116958,9,37,0.7376852957266743,1,580.2027869809224,0.06602258582299303,10.862141000380372,2257.7423979736045,19.67368598062523,13.824068767946185,5.849617212679044,127.41339513373765,13.634031530277607,18.038686281438586,1.771115084112816,25.28615431613951,54.23297465788819,7.183945138323108,721.0778884436392,733.2873261972368,8,0
Granite-Gneiss,Fractured,Built Area,88.31454918727897,734.7055006661554,607.9609166730983,1334.2538720952386,60.530012951644366,6,35,0.7121815442195509,2,566.9543831480521,0.856896754607587,12.263617291261573,1371.4495933506564,21.110346644169553,13.963824135570883,7.14652250859867,137.16171910513694,8.237082339254062,15.84585355982862,1.7285829894918259,22.570286167131904,40.21389697066895,7.44657777910756,692.5623208586479,660.7822783228889,4,0
Granite-Gneiss,Fractured,Bare Ground,12.955785721323574,708.0000221790586,524.0159331251521,1561.2313275753459,45.04152003965528,7,20,0.6098459860405026,2,581.6551465402298,5.42794273936586,10.511724068270713,790.7423996396883,20.74410183116774,14.000605380959723,6.743496450208017,125.97283842849012,13.847768702880668,18.092133987588657,2.1840237878244944,25.711612740595363,45.965516323056036,7.644714731379747,603.8113357120815,596.4808543999136,11,0
Granite-Gneiss,Fractured,Trees,11.926595667986351,817.4728966839695,663.8515193570762,1294.608608411784,85.5081244819376,4,36,0.7395892593248548,2,535.6847593366049,6.595427375355419,9.341023616287313,755.7605031510238,21.792464931720982,14.459196299765821,7.3332686319551605,129.02913497810997,13.653212509901314,15.653212509901314,0.36536194449406745,27.498230595217972,41.335453535322266,7.05970676116643,746.826364769745,739.5148431930837,5,0
Granite-Gneiss,Fractured,Trees,20.34359701546603,838.7293734335703,692.081505810376,1493.987342103216,96.5968505589486,4,34,0.7062839625683127,3,487.6866107200755,2.7222986132991007,11.506387465292402,2533.11311921614,18.30974921503362,13.049566021263962,5.260183193769658,150.44946568757635,13.501437817044158,18.620569879629734,2.6488484331056745,33.65179910196134,39.9246296175583,6.994994061951216,742.7137232002596,731.678832021477,8,0
Granite-Gneiss,Fractured,Rangeland,11.082538170991615,957.3380164791199,617.3611743093107,1475.8733180429385,138.8971370277059,6,30,0.7814632841776309,1,475.5082920949972,4.102620049588986,9.157588251555307,274.5979214063937,19.997562394397047,12.560861555627534,7.436700838769513,127.37556832571724,13.453849934005273,15.453849934005273,1.3683719620324777,33.00832712476769,51.153289022517114,7.016791327985623,649.5367231020559,685.1584086810476,2,0
Granite-Gneiss,Fractured,Built Area,86.51447806577087,878.5552857034949,576.1719568866046,1458.5374784620046,125.25339359685472,9,27,0.6939449211978809,3,535.6121745272965,0.9893124234594435,7.306251446306703,1746.3656809125146,17.229741891888583,14.301458011743845,2.928283880144738,138.4355034065579,14.886966754904506,17.853262691209252,1.248273232157371,33.828523525960975,39.5475504709067,7.540504805886545,767.9881483316631,752.1576497124938,7,0
Granite-Gneiss,Fractured,Crops,23.108754300302973,724.1642600932939,773.1799179422301,1437.7106782125882,41.950552529412874,9,24,0.7884697420699243,2,445.70415776764725,4.034294517297892,11.6256694067695,744.0251735021268,18.67626263642324,12.030771786421766,6.645490850001472,130.07249751607253,17.263869470035164,21.20470589295341,2.0680826648012145,24.579180319001697,38.124326731816815,7.236271217367976,741.0235212805596,743.7399961660599,7,0
Granite-Gneiss,Fractured,Built Area,94.96108331264907,769.6038691321696,608.2115083463755,1313.7005723687976,69.06465497167852,8,31,0.6290808062359662,2,583.9408433033218,3.8608134432600485,10.859837009696438,1976.3603499808733,19.660382367247212,14.319469687907477,5.340912679339736,133.62359327084667,11.116253461299594,16.32984995397353,1.92876511799553,18.353755021464494,45.09548372157495,7.680357076393831,840.4553347005843,806.6649252247439,3,0
Granite-Gneiss,Fractured,Crops,10.94830079595694,817.4019352266268,605.6191255333869,1519.1032766541334,98.4667427116341,3,29,0.7924005265123905,1,442.10605447415696,3.3369114416994625,11.839098731143501,1900.4504486659628,21.788458555543023,11.771302167070179,10.017156388472845,122.75371198893032,16.143687812705334,18.143687812705334,2.3232599647823076,30.605982457315427,42.484767678700194,7.523241309962783,707.5634306200574,711.6294352279765,9,0
Granite-Gneiss,Fractured,Built Area,71.73002906214286,743.56872594927,665.0797003795826,1274.0814338916803,102.4537128308768,8,23,0.7854427637723316,2,433.18720849505047,1.3386696401965406,10.398617886390753,45.04367547009981,22.627366736270982,14.5859318840925,8.041434852178483,135.42104110876164,10.527032057890077,12.527032057890077,2.0110748594194647,26.902762366925366,49.779552210201274,7.425800908641001,776.9841415858292,756.3414570618653,11,0
Granite-Gneiss,Fractured,Rangeland,11.245495544583742,901.2218128398981,691.5225889229046,1420.7398291720936,112.44319927323399,8,25,0.7386957231555504,2,475.83090956714875,5.2818173941982565,12.213152125478079,1817.8576342742786,20.428734642766024,12.976812791819533,7.451921850946491,140.69960581606475,15.032716874096547,28.487997010181367,1.54019552233124,23.423771515235345,54.82393696058142,7.662087952667369,770.612065530468,781.0482209498958,1,0
Granite-Gneiss,Fractured,Bare Ground,8.068934518263848,727.1525875460434,731.4064562524306,1265.6691791274652,93.75029829491483,4,25,0.7143806579577981,2,427.5966605347687,6.31784170245315,8.705723265886764,536.7652718357831,25.325534845420655,12.513151669086303,12.812383176334352,141.60557073900048,12.070798209759346,14.070798209759346,0.9618196280340601,19.003744860772475,52.302243940962505,7.987893924514881,715.7610766556993,741.6800776949437,5,0
Granite-Gneiss,Fractured,Built Area,79.43636765280195,959.8718331876514,579.1007444849201,1312.6510225714226,51.02772018437812,3,26,0.798518156002234,1,514.504872222253,7.841190286266104,7.8440712435924915,674.9959371707147,18.703803155605584,13.757113380543167,4.946689775062417,129.85193842864638,13.280857456005213,15.280857456005213,2.0626765680647052,27.579732237590207,51.96186180292288,7.4776335045493365,713.6308902108531,696.6484186525379,11,0
Granite-Gneiss,Fractured,Bare Ground,10.69463945727211,739.1644283324151,608.4072657086965,1287.960692769381,89.10351295105743,8,38,0.7821936228080868,3,425.0537704253009,1.6846847818614412,6.471765517648461,2895.819868802878,22.776526202040227,13.784464177724704,8.992062024315523,139.50174039663767,14.634512417494495,16.634512417494495,2.3743782499910635,27.534048750622834,48.686153928589576,7.579856224909387,721.5444276894201,686.4397725167338,10,0
Granite-Gneiss,Fractured,Bare Ground,14.068741838820975,765.8833245245875,601.5269195427488,1258.3328836267629,81.45446971929307,3,34,0.7589308136164398,1,403.7636975628151,1.4776751441455351,12.992712472614308,2294.597374147634,16.881229880958585,16.856044568705187,0.025185312253398706,133.70188147724116,11.420993830813682,15.67837824279833,1.6286153733203732,24.762884926620483,52.20525366557359,7.670605171251581,763.3763256263347,801.4798157075124,11,0
Granite-Gneiss,Fractured,Trees,19.885008141829836,711.3539982069898,721.2852455819963,1354.691994146969,47.48686641257585,8,35,0.6541907777468516,3,404.5069367829475,0.9226325572401901,11.366290454129214,449.1391231641192,20.256160307965327,14.524888064000633,5.731272243964694,136.64099932905887,8.705865652637632,22.346722725269906,1.7234117711763492,26.93194332593965,46.20943457905464,7.444210937106845,744.9349374654248,764.3285709053536,4,1
Granite-Gneiss,Fractured,Crops,13.930689679778805,940.4719977136785,537.562788069101,1287.307343555129,109.2596808706251,9,35,0.7433584145348491,2,480.3742444821976,6.96259782419329,7.586807590367162,2590.515011293524,22.883928890417277,13.977167446149199,8.906761444268078,145.7495789565466,7.752179236575224,24.353714677030133,2.7853300340542777,33.687225817309866,53.51591339489265,6.518347846360981,686.425439870303,773.6174082973405,8,0
Granite-Gneiss,Fractured,Trees,17.201989658900082,828.910512530082,566.1036516778422,1258.134611368082,109.31328411436552,7,37,0.6035158609773408,1,521.8301467337311,6.389139354389848,13.474614747716377,989.4185527671434,15.198810801787568,13.390012992394835,1.8087978093927326,132.34614965336846,12.900776080232578,25.385488994147195,2.20265573467786,16.74405245205315,46.10722562243648,7.598198218579569,773.4998047894101,740.3141110912779,6,1
Granite-Gneiss,Fractured,Bare Ground,8.296524706984746,800.0977857215134,530.9524384458359,1271.922717328653,108.62717497814542,5,24,0.7110466649872165,2,435.367671715209,2.521056376145423,6.484599419351724,1442.76797757892,20.675038752173815,13.07924210901355,7.595796643160265,122.02483465995199,14.816503393986824,16.816503393986824,1.7686587757023684,28.222643946821364,47.590458013476265,7.368032264220334,750.0297055976063,753.7955888016379,11,0
Granite-Gneiss,Fractured,Crops,16.53498358837235,786.8246252778904,616.0892028128033,1587.81382385129,85.867476417557,6,25,0.7126334457609853,3,525.8983852967497,4.732900850578295,9.715388489142377,2423.9796403910173,22.138029516107437,13.535493065675375,8.602536450432062,132.67484818639517,10.482160760700904,19.250610391032346,1.7395252400152794,30.338850350570112,47.94347298338845,7.933225300531905,662.6558146324074,624.4480582294914,12,0
Granite-Gneiss,Fractured,Trees,11.445231058558004,839.4061190175136,741.873198255566,1407.1600570826445,46.410857405175584,9,34,0.7107793841711897,3,581.5615559386263,3.5802473117648503,7.713086005393839,774.6629612318659,18.12823233185914,9.662852397673557,8.465379934185584,113.77640635188479,11.347843717576678,16.35006955590229,2.1273653984578114,25.16265476090794,54.11147971180246,6.607647330341148,733.7027702906282,817.9866746456084,8,0
Granite-Gneiss,Fractured,Rangeland,9.204056150350738,869.1393033673161,548.8122898097276,1269.8436268238008,51.684525257747474,5,34,0.6330523663008442,3,427.3936480532605,7.195342315463131,12.01910784676979,2817.5992196084303,22.003154430138437,12.214500966326169,9.788653463812269,115.44034131724756,15.94692520293111,18.29882500560201,1.6845793559197826,34.342354848231935,52.9289412472979,6.730312360828874,708.5885691605196,728.973567411479,7,0
Granite-Gneiss,Fractured,Built Area,71.77926249339473,986.8051139894827,776.9322216180773,1282.9367667141307,135.47772057832344,7,22,0.7157810979604712,3,447.23445723603623,4.359509729553285,11.406044573754754,1990.8033913723857,22.32770334653763,12.07254495201039,10.255158394527239,124.04437258823421,17.95089393611768,19.95089393611768,2.4900241558955303,30.92875296691205,50.843373280473635,7.266246853229983,715.0520243591634,718.7498011344304,3,0
Granite-Gneiss,Fractured,Crops,5.362111470676629,870.2670137244393,641.6166582301554,1240.4551731658057,79.00604732886036,9,32,0.7299166051367773,3,469.930428541675,0.8670370869105746,7.361971593539133,2648.9657226033632,17.324718359565125,13.884476103889558,3.4402422556755674,139.85481679517363,15.64748793396788,17.64748793396788,0.858848706676062,31.726948892519,35.74387335455351,7.8278769038248335,571.7302910961442,541.4250308889897,11,0
Granite-Gneiss,Fractured,Built Area,86.23662823453338,756.5627654578353,620.7062104272262,1582.2617761187212,54.571301826698836,7,36,0.6454722604544554,2,490.67397185020786,6.829637611461592,12.516873235867067,2155.496777114746,17.09364852436865,11.044819519383527,6.048829004985123,122.11765968176748,7.823629288424598,16.564388413730526,2.405048129959474,24.592001862987303,40.41088789545158,7.556505994642192,644.3207564625707,570.5077630854388,3,0
Granite-Gneiss,Fractured,Crops,6.129142304515649,954.0464881805793,694.9919267139283,1226.0201763633206,77.54291508728369,8,36,0.7570883762675685,3,414.3469579562155,3.903055434576178,10.14963153553915,643.5936276198888,23.934096296605976,13.477230736433516,10.45686556017246,140.10608588196192,13.567563890104736,20.363066291324877,1.8782360515759995,22.219128353897624,43.556141704761885,7.763112792149689,711.9088570797653,761.4489653146597,4,0
Granite-Gneiss,Fractured,Crops,9.195691586092408,732.2082293083762,641.129187104193,1204.8910302908632,57.9432496611779,7,30,0.7861798363465762,1,473.9526959179124,5.512558162876039,6.33095751914657,2962.3735218361403,20.509858475083075,11.958929902068496,8.550928573014579,132.98293338223507,18.015030362617182,20.984584748233324,1.610007480473586,24.589290745115008,50.405958702758696,7.730260737649791,753.1612066281999,765.3163101800662,4,0
Granite-Gneiss,Fractured,Rangeland,13.399304286227427,964.4578714215072,591.0342727592193,1242.9121467880027,122.43432987082474,5,24,0.7246792308891788,2,477.24186981700433,1.192922257969883,8.0992010064581,805.8201782992381,18.21983822126277,15.225805233974775,2.9940329872879943,143.51177899854642,15.862042650580568,17.86204265058057,2.791115549048472,34.704956396791275,38.82113966324105,7.911520633938126,657.4022939839347,662.1473495200288,11,0
Granite-Gneiss,Fractured,Rangeland,10.54454066066931,917.1866510196254,595.1296361386236,1348.6677394665185,81.87673984242129,9,20,0.6240615474579038,1,537.9677215235147,3.9942521695324933,12.70858978278397,1474.0641757832902,20.631565936157596,15.354797687384035,5.2767682487735605,120.6372260287819,15.998234136661697,17.998234136661697,1.998153689817845,27.38254113660461,46.31602241772344,7.412746145748858,676.8637068652729,657.3107023849203,4,1
Granite-Gneiss,Fractured,Trees,23.664352100564802,971.2573761702097,625.6849892630378,1287.1169613317163,110.95191068150848,3,29,0.7592022131971411,2,512.59335109421,3.1467651364917,11.277443099128643,2114.398728942435,20.945981780828134,13.268375116523561,7.677606664304573,125.41723792388696,15.991160682500821,17.99116068250082,2.3996460342239927,16.23354083662501,45.65737311046391,7.652157185466067,760.2312357128318,789.3747197249238,10,0
Granite-Gneiss,Fractured,Trees,24.261781398111797,900.0391661915019,716.1036762569325,1558.0217743820942,115.25137902937192,6,31,0.6111204210926279,3,538.1633866012337,7.090155993967095,8.19476215804037,980.4774274962934,19.68214624324735,15.118619006424268,4.563527236823081,108.68937603809304,18.00740121183856,20.00740121183856,0.7019373155721598,19.141110399344043,40.89929190996054,7.267422856699511,765.1110491815773,783.6735718325385,1,0
Granite-Gneiss,Fractured,Trees,15.40985096854708,983.6279231086412,659.3771876069121,1281.3004391278837,119.39537367722576,9,20,0.6803792428826657,2,503.51696730509,7.9590293566405155,7.017692611342571,1835.093928206757,22.35327718637054,12.66358576164391,9.68969142472663,122.49906524048535,13.873632045992725,15.873632045992725,1.4029560306594622,17.60419115232832,39.819568605738965,6.5057911941314455,793.1807412599925,758.0010660684422,9,0
Granite-Gneiss,Fractured,Built Area,72.74859810791051,921.1572050073657,705.109899167613,1580.5554933448284,52.106697378491475,4,30,0.6109089298719721,1,519.4294930518357,7.08210338030246,9.640220939603227,2622.2771219874194,17.819186738523808,12.496868695380245,5.322318043143563,107.54294435152607,8.178174887133919,13.943208368720965,1.524874177457809,31.54864482938735,39.4757907829114,7.7883933305745945,726.6727712227363,688.0636606482475,2,0
Granite-Gneiss,Fractured,Bare Ground,12.478342378779475,912.9335233189706,504.3852048597067,1249.880162200266,125.36411612593454,7,27,0.7728259901781477,3,547.7586229295871,7.585350101952209,11.70514328122474,1775.82755661531,15.673558653582703,10.415191137121052,5.25836751646165,140.42791861546786,16.661098213396443,25.47330428525924,1.0514518961356685,15.531117420507831,52.502727075680255,7.607550359786297,709.2141492913863,672.6114612676587,7,0
Granite-Gneiss,Fractured,Crops,11.354213867837892,770.3319093086798,689.6991142047633,1437.1431869621017,68.00177877782225,8,37,0.7915621730669244,2,415.76897095192663,7.551456119879208,8.744340214031425,1926.9238768365772,20.17898391155161,13.2602432873337,6.918740624217911,130.00182489013196,12.78445572973695,14.78445572973695,1.9795163703224417,20.185950739430286,36.914762361350824,7.766693074170869,699.887438023792,675.8806546260242,10,0
Granite-Gneiss,Fractured,Built Area,93.2345450739259,877.6361661440624,569.3486183921752,1486.8789287637508,109.76758792549523,6,33,0.7156084434116957,3,588.5673638278138,7.238217300089859,6.589635668080613,1536.2413318423091,20.907498961648674,11.567615062260998,9.339883899387676,130.50456418896482,12.227815073721947,15.009917561701107,1.182993698870626,33.35180902854499,51.07644613858368,7.787535755368728,753.5502367485456,711.270848010278,1,0
Granite-Gneiss,Fractured,Crops,21.33137929981791,946.6545974771225,522.5828792455948,1390.429524629376,141.42370675375406,3,37,0.6389945579315495,3,530.3830569798994,0.962813341887343,10.045101999054868,1995.2974768942856,20.538888398883724,13.678801047443143,6.860087351440582,140.16050514131214,13.838034459923744,21.637303758111827,3.0083830937465095,18.397534319633433,54.019763344794875,7.123851949186259,663.2756649662217,644.3463068254072,4,0
Granite-Gneiss,Fractured,Built Area,83.89592122194394,891.0853394850903,772.817884107621,1474.6201327289377,123.3054977594999,5,37,0.7473437031746011,2,439.83899974064093,7.767115115662828,6.516959454726135,802.3910316295057,20.32625553349674,13.659108930865264,6.667146602631478,121.95511917899,13.175811132805018,16.113272246780355,1.3407679953918201,34.43578653134308,54.02249813364769,6.597808096895476,739.7932325890132,727.4172989994969,6,0
Granite-Gneiss,Fractured,Crops,24.363493007813705,908.1910989836276,655.933742132518,1540.6991136497763,71.35858050501547,4,22,0.7211467475570046,2,521.5246109616062,3.4151274724758416,7.3610499967794025,746.977704892243,18.642543051870685,8.977596153836434,9.664946898034252,124.76239955132388,13.336329936146011,20.343230173785834,0.9768743526886949,18.067648497648353,50.084904511545474,7.36470777263196,680.9098144890801,729.0062007164264,2,0
Granite-Gneiss,Fractured,Bare Ground,14.318822083673894,884.954582084358,740.7116381805079,1433.3858573364155,83.3231679008543,7,35,0.7387501076416512,2,429.66215198558683,3.4801687304534488,13.350183727502124,1372.7850542996646,18.107803703811577,11.668945377266812,6.438858326544764,110.44138151334032,13.757047414114204,15.757047414114204,1.8151588836325432,17.031829750186308,40.37985323228067,7.280245378180731,637.5197722944753,636.5200142630058,1,1
Granite-Gneiss,Fractured,Built Area,73.73795102590267,913.1373740191215,650.9629158108376,1213.038921134615,78.88636708736217,4,31,0.7250370839819681,2,543.3798148917479,7.622640778357016,11.8162985329448,1485.4749816633628,18.533437784868262,10.26025688782897,8.273180897039293,119.52639136501105,15.203325311631541,18.59455407525981,1.681588865468224,29.299571677284476,35.60140451925845,7.690805352143817,714.0238249569283,703.2943608235778,5,0
Granite-Gneiss,Fractured,Built Area,92.06711672566237,805.1486983191963,677.0697319942979,1543.0040011404617,110.96200785358627,3,20,0.7995192583800339,3,448.1012706138215,0.35661967448630527,9.38404633960106,362.67983296731455,17.63413449597772,10.869139379262062,6.764995116715657,130.60754469755463,19.21984245013818,21.21984245013818,2.2337066678523674,20.19815576527303,38.242258648077026,7.17189589275076,765.8890545839757,742.0895980969965,10,1
Granite-Gneiss,Fractured,Rangeland,8.611412291871758,978.6177407075497,615.894036097035,1548.28126935443,140.14664477055956,8,36,0.7496387444442605,1,463.4982142613955,3.1623839276164496,13.48615849177978,568.2155937815777,22.493127010584722,13.205461314618827,9.287665695965895,114.66895863048977,18.438773342606158,20.438773342606158,1.1776908847654872,31.473356851536835,51.500856823929865,7.939072232783211,681.4977855067772,700.778397909711,9,1
Granite-Gneiss,Fractured,Crops,7.673778591223037,876.8593772182355,537.6067679149384,1221.7623676111414,118.08066440296771,7,29,0.6002775903845843,3,405.692136865755,4.547090766590188,8.524882662582288,1843.231479271736,21.572573527696495,16.35177283232998,5.220800695366513,140.71910922858623,14.676521894066306,16.676521894066305,1.418663551383116,27.96354729542758,41.74842931132882,7.054583594543251,727.138673409288,723.3220324469473,6,0
Granite-Gneiss,Fractured,Crops,20.358410354366058,955.7321596705074,709.5914258534654,1506.5058875152858,60.86070705686641,4,28,0.7223254017549017,1,584.1323023760502,6.520627918447713,11.190050691012825,1260.7196543765313,19.910301185039398,11.306581529315917,8.60371965572348,123.65842867292639,16.569345728188736,18.569345728188736,1.660783054333514,25.41150460424304,38.69081404980722,6.860823709695794,695.2993738662981,655.7725918661259,12,0
Granite-Gneiss,Fractured,Water,0.0,887.21629398232,780.3267959366011,1518.407795223108,121.31034806273037,9,38,0.7631124899301611,1,508.00677990952244,5.133482668513331,12.692055742412043,2492.655522391025,16.776027096084647,14.868899376208077,1.90712771987657,115.2419730791162,11.257852446498497,22.66719276906298,2.027122955157625,21.431101980332485,48.43705329716492,6.974957126500053,684.6378781051822,678.5379467215598,3,0
Granite-Gneiss,Fractured,Crops,11.381117804467868,729.321863901077,586.3308702132781,1226.6908253708934,105.47320999882261,3,37,0.725976616956165,2,478.07185827405635,0.6343943882378538,12.976904060374267,664.5686981532891,16.9362395422676,12.365057288006348,4.571182254261252,133.77399313972114,8.2963685914509,19.058960386388478,1.3539784921834221,34.46218611136595,38.6570804082058,7.061907291357764,711.2819750084008,796.1188339569514,2,0
Granite-Gneiss,Fractured,Crops,10.6519634653153,897.6815886615072,795.3717535572607,1332.9136620108688,127.47929574090139,3,22,0.7443083941934823,1,548.4839842532338,4.553735327753644,6.734780922260983,2204.348263512292,20.070319655057226,13.566047814018544,6.5042718410386815,130.96391626762966,11.647222852091936,24.539421938074824,2.0829809821811973,26.4493284185065,42.30643664355261,7.585057589727828,635.6537491559232,668.7611545372049,5,0
Granite-Gneiss,Fractured,Bare Ground,7.900498982353183,843.6535529085425,593.8044513838852,1522.5456911419187,83.89436646306076,9,26,0.6775295657337109,3,556.3780119785415,1.1563146740000176,7.3207804077332534,545.5716380067147,19.87940883725023,13.242196042937039,6.637212794313193,124.27837582273351,11.044221427175856,15.935953676649358,2.3114749708156177,30.002987445783425,38.64629378596834,6.792172417219501,644.6373566876712,666.1952836718032,10,0
Granite-Gneiss,Fractured,Bare Ground,7.8024717501118355,855.091975598715,671.659222517408,1220.9657838057983,112.74085740457197,8,21,0.6261549046671562,2,446.320960224973,4.366801776791959,7.10475686647389,1588.9166301167968,21.025469474166528,11.930508462036391,9.094961012130137,126.42369483444863,15.188288248754398,17.188288248754397,2.5487603878097174,27.30689853889352,41.66407668977408,7.25692819108787,679.0152176043221,628.1691396085413,10,0
Granite-Gneiss,Fractured,Built Area,71.07624014657208,947.3460352016011,586.1829964816002,1431.407442510274,139.4390915043449,7,28,0.7229856871877026,2,456.3690763521633,7.482728988036877,12.917258889050785,1013.2649416178912,21.785941764680214,13.801591439503802,7.984350325176411,128.58562661643518,16.61083059073073,18.61083059073073,1.9649488875709,26.256897965144034,35.62955263878591,6.966030789467698,695.1844050262188,715.0075488382491,5,0
Granite-Gneiss,Fractured,Trees,14.347583895000868,815.4818262717082,612.9004699982416,1463.0022866867998,92.20892597765108,3,36,0.6905709114413983,3,538.5225203955031,7.435195703511626,8.110285202595701,154.90909556689033,21.015560927449435,12.596976813784583,8.418584113664853,137.36615253604543,16.069574455848397,18.373478128979738,1.6817119719021973,25.160915402696837,44.18053941879424,6.819913040289352,711.728807188519,734.8081516818279,7,1
Granite-Gneiss,Fractured,Built Area,77.42758683992619,703.769516705659,593.7047200073046,1495.7778886387964,100.59092110499878,8,20,0.7486891506570463,2,426.143082027713,5.410980649566015,11.74815820194733,2072.5866703885335,21.301820102823243,13.122764315240726,8.179055787582517,128.45794648205785,13.35810051983237,15.35810051983237,2.4271924419718642,18.146680118711767,53.6656551927088,7.285231251496834,783.5246718859353,794.465151606337,6,0
Granite-Gneiss,Fractured,Crops,22.131336371592422,825.7784272985812,674.1605701731531,1296.6811498499965,116.15669059536012,3,31,0.7198275534938531,3,598.7481897505106,2.9962674926397366,8.648933393931834,136.9073268022634,19.40852740355796,13.258945566976184,6.149581836581778,128.72388362657028,6.7573875244580694,8.75738752445807,1.711138222865466,34.807144886490065,41.67166637785333,7.196752600363804,658.5412911498727,636.8129167832398,9,0
Granite-Gneiss,Fractured,Built Area,94.64682154614412,905.6431263453071,597.9849654456357,1238.2843912824312,93.09782257546371,8,35,0.7761849176671839,1,432.7888641165631,5.735163464695334,7.674753850215132,2373.630854315866,21.901503261856067,13.884251679631154,8.017251582224914,124.21714865585221,15.326698554068136,21.85450311945425,1.7219175420841437,20.00976556005419,37.770376966639844,7.31678189893584,689.2539224900037,640.4507142376509,9,0
Granite-Gneiss,Fractured,Crops,22.87595079615674,969.5255393144682,618.4503915662958,1304.244190316718,110.00613555517309,9,24,0.7406968779178219,1,597.1110772417377,7.515652567108781,10.082256060943902,1626.1055773256612,19.997064413948014,12.59734309966914,7.3997213142788745,109.52189170048419,12.02459033882263,16.05285829726913,1.3485902486299268,17.023269892225823,50.38164311046303,7.512596194397782,663.4026552347709,634.860765199867,2,0
Granite-Gneiss,Fractured,Built Area,73.75275610483804,830.0164563104936,736.0039366666182,1417.7320400406295,90.60571190079399,9,25,0.673477417801646,3,459.5227304064817,0.15285218519538635,8.188446985366173,1161.7969931486225,21.685648935074074,14.39626438569491,7.2893845493791645,132.84696846586084,17.001511058962286,19.001511058962286,2.6224888560174486,20.593871349201745,47.79657880045611,7.036247602635304,668.7539819794893,604.3596819873335,9,0
Granite-Gneiss,Fractured,Built Area,91.6607168527222,717.3721285362587,508.86392052757986,1409.725301861943,54.987161362324386,9,21,0.6030233788467432,2,456.3615069670099,1.783017749466576,7.862203977255173,617.8862326927822,21.624500200904322,12.000096072969333,9.624404127934989,146.06082497862855,13.420089236796061,25.00214407776746,2.5220290994974923,19.50860118995962,47.98631329087827,7.354467766696535,724.9543127015534,728.9218126306506,8,0
Granite-Gneiss,Fractured,Built Area,88.88024517462308,866.3469013532698,737.2303789331177,1574.6144997877293,69.32812633476628,7,26,0.7814962645717507,2,474.31898563172695,3.940908840348473,11.74428125217393,804.6118597962055,19.882445678648182,11.040464112881322,8.84198156576686,127.01791837513454,9.372714196885891,11.372714196885891,1.5273071308335184,16.558029551062855,44.888768144679396,7.281297945659896,694.8180651345881,681.4286171175718,1,0
Granite-Gneiss,Fractured,Trees,22.546706571314935,947.4511969224374,782.6762624670021,1294.694216579484,126.67620518385571,9,28,0.7699582732316896,1,550.0089605305598,1.3050454522328714,7.925227639563169,117.64630733498848,21.901555092496793,13.087219504021103,8.81433558847569,112.60698636141103,16.104010846941506,18.104010846941506,2.486004024489257,26.206996854418144,37.69819034597612,7.822170349635722,696.8209762507146,695.5853557689953,8,0
Granite-Gneiss,Fractured,Built Area,92.48674621586713,855.7367378680722,719.705780789221,1264.8338056602056,55.02634735317417,9,38,0.7847893147397822,3,599.0457667500397,0.15880544212717052,10.71379692319375,550.2818969725598,20.77319705944138,12.071305831726598,8.701891227714782,122.92345187816227,13.061871944942729,16.760026559013866,1.076195006004741,20.839055488729606,48.426937110842104,6.603304762776442,807.8257475064879,810.4374724925489,10,0
Granite-Gneiss,Fractured,Crops,23.778210622417152,786.3415159661386,583.0617418271681,1596.3931767821812,80.00394870508423,3,39,0.6638270572423409,1,534.2804309576941,7.693761349432086,6.9242318297187895,2560.518956347265,20.67790117591375,10.802279513005253,9.875621662908497,131.75909116055678,19.48490813056241,21.48490813056241,2.481897715280532,31.898147534667608,47.55390187032398,7.713562404203751,558.2319352741467,564.6799709453239,1,0
